pk_hash,linked_pct,linked_year,linked_method,max_pct,max_pct_year,latest_pct,latest_year,n_attempts,gap,band,is_not_highest,pct_diff,is_dup_best
3f24964a771e,6.0,2014,EXACT,6.0,2014,6.0,2014,1,7.0,B1,False,0.0,False
0d9e5951efef,33.0,2010,EXACT,33.0,2010,33.0,2010,1,5.0,B4,False,0.0,False
f516172f94a3,7.0,2006,EXACT,7.0,2006,7.0,2006,1,10.0,B1,False,0.0,False
b09769eb1c20,32.0,2010,EXACT,32.0,2010,32.0,2010,1,6.0,B4,False,0.0,False
89e7f941b2d5,20.0,2009,EXACT,20.0,2009,20.0,2009,1,10.0,B3,False,0.0,False
3cf98371ad66,6.0,2014,DETERMINISTIC_APPNO,6.0,2014,6.0,2014,1,,B1,False,0.0,False
da95f351ce53,30.0,2010,MANUAL_APPNO_MATCH,30.0,2010,30.0,2010,1,,B4,False,0.0,False
198d09580e03,36.0,2011,EXACT,36.0,2011,36.0,2011,1,8.0,B4,False,0.0,False
e81c16721625,25.0,2009,EXACT,25.0,2009,25.0,2009,1,7.0,B3,False,0.0,False
345d298f564e,11.0,2010,EXACT,11.0,2010,11.0,2010,1,7.0,B2,False,0.0,False
0888de287b9f,27.0,2006,EXACT,27.0,2006,27.0,2006,1,6.0,B3,False,0.0,False
642da63642ee,14.0,2009,EXACT,14.0,2009,14.0,2009,1,7.0,B2,False,0.0,False
e989db4ffe6b,20.0,2010,EXACT,20.0,2010,20.0,2010,1,9.0,B3,False,0.0,False
78fb1855192b,9.0,2011,EXACT,9.0,2011,9.0,2011,1,7.0,B1,False,0.0,False
0bacff55c434,26.0,2011,EXACT,26.0,2011,26.0,2011,1,6.0,B3,False,0.0,False
9ae16f53feb8,9.0,2006,EXACT,9.0,2006,9.0,2006,1,5.0,B1,False,0.0,False
faac0c3aaa2b,22.0,2007,EXACT,22.0,2007,22.0,2007,1,7.0,B3,False,0.0,False
7e024cd325db,16.0,2009,MANUAL_APPNO_MATCH,16.0,2009,16.0,2009,1,,B2,False,0.0,False
0b079ca424bd,32.0,2008,EXACT,32.0,2008,32.0,2008,1,10.0,B4,False,0.0,False
9547123fea20,36.0,2010,EXACT,36.0,2010,36.0,2010,1,5.0,B4,False,0.0,False
a64885ae3182,18.0,2011,EXACT,18.0,2011,18.0,2011,1,6.0,B2,False,0.0,False
901eabadc540,13.0,2006,EXACT,13.0,2006,13.0,2006,1,9.0,B2,False,0.0,False
1ca790ba3fd7,6.0,2010,EXACT,6.0,2010,6.0,2010,1,7.0,B1,False,0.0,False
6dded443e1d8,31.0,2011,EXACT,31.0,2011,31.0,2011,1,7.0,B4,False,0.0,False
1f71590328a1,19.0,2012,EXACT,19.0,2012,19.0,2012,1,8.0,B2,False,0.0,False
47ea289e23c6,32.0,2012,EXACT,32.0,2012,32.0,2012,1,7.0,B4,False,0.0,False
c89b880834b4,36.0,2011,EXACT,36.0,2011,36.0,2011,1,6.0,B4,False,0.0,False
0dd754dd7479,38.0,2006,EXACT,38.0,2006,38.0,2006,1,7.0,B4,False,0.0,False
57b51883b3ba,37.0,2010,EXACT,37.0,2010,37.0,2010,1,5.0,B4,False,0.0,False
238fac26b1f5,7.0,2012,EXACT,7.0,2012,7.0,2012,1,8.0,B1,False,0.0,False
cee68a74fb0d,10.0,2008,EXACT,10.0,2008,10.0,2008,1,8.0,B2,False,0.0,False
6da587857adc,34.0,2009,EXACT,34.0,2009,34.0,2009,1,8.0,B4,False,0.0,False
b04d9302465b,1.0,2010,MANUAL_APPNO_MATCH,1.0,2010,1.0,2010,1,,B1,False,0.0,False
9356e85468ef,31.0,2011,EXACT,31.0,2011,31.0,2011,1,6.0,B4,False,0.0,False
5467fdd24606,32.0,2009,EXACT,32.0,2009,32.0,2009,1,10.0,B4,False,0.0,False
190cd45c77bd,6.0,2007,EXACT,6.0,2007,6.0,2007,1,6.0,B1,False,0.0,False
2983f4bc6264,24.0,2007,MANUAL_APPNO_MATCH,24.0,2007,24.0,2007,2,,B3,False,0.0,False
7bf5b1fab851,24.0,2009,EXACT,24.0,2009,24.0,2009,1,9.0,B3,False,0.0,False
0d7c998d5479,31.0,2006,EXACT,31.0,2006,31.0,2006,1,8.0,B4,False,0.0,False
233ea6f55f6a,27.0,2009,EXACT,27.0,2009,27.0,2009,1,7.0,B3,False,0.0,False
686beafc901c,21.0,2006,MANUAL_APPNO_MATCH,30.0,2007,30.0,2007,2,,B3,True,9.0,False
1c1742d9e19c,12.0,2009,EXACT,12.0,2009,12.0,2009,1,10.0,B2,False,0.0,False
0d3fc50b83cc,25.0,2011,MANUAL_APPNO_MATCH,25.0,2011,25.0,2011,1,,B3,False,0.0,False
6de491852db8,12.0,2007,EXACT,12.0,2007,12.0,2007,1,6.0,B2,False,0.0,False
bca782b82ab5,9.0,2009,EXACT,9.0,2009,9.0,2009,1,6.0,B1,False,0.0,False
637903acfa56,15.0,2013,EXACT,15.0,2013,15.0,2013,1,6.0,B2,False,0.0,False
e77f137b827b,10.0,2007,EXACT,10.0,2007,10.0,2007,1,11.0,B2,False,0.0,False
b9d7dffb491b,30.0,2010,EXACT,30.0,2010,30.0,2010,1,7.0,B4,False,0.0,False
e67f7ab03161,11.0,2008,EXACT,11.0,2008,11.0,2008,1,7.0,B2,False,0.0,False
670b5ea65fd6,23.0,2011,EXACT,23.0,2011,23.0,2011,1,7.0,B3,False,0.0,False
1cfdf7381c50,38.0,2008,EXACT,38.0,2008,38.0,2008,1,7.0,B4,False,0.0,False
81bbb5170383,30.0,2011,EXACT,30.0,2011,30.0,2011,1,6.0,B4,False,0.0,False
83cacc514e50,30.0,2013,EXACT,30.0,2013,30.0,2013,1,6.0,B4,False,0.0,False
3a5ebd0d04c4,6.0,2009,EXACT,6.0,2009,6.0,2009,1,7.0,B1,False,0.0,False
7a821d7a50b2,22.0,2006,EXACT,22.0,2006,22.0,2006,1,7.0,B3,False,0.0,False
837cd14dcf4f,34.0,2008,EXACT,34.0,2008,34.0,2008,1,6.0,B4,False,0.0,False
89078d1fbe30,7.0,2009,EXACT,7.0,2009,7.0,2009,1,5.0,B1,False,0.0,False
dc8cfaaeb046,27.0,2010,EXACT,27.0,2010,27.0,2010,1,5.0,B3,False,0.0,False
ba83ca6b4d9e,27.0,2010,EXACT,27.0,2010,27.0,2010,1,7.0,B3,False,0.0,False
d998248979fa,26.0,2013,EXACT,26.0,2013,26.0,2013,1,5.0,B3,False,0.0,False
37d91214baa9,26.0,2010,EXACT,26.0,2010,26.0,2010,1,8.0,B3,False,0.0,False
c8464541ad7e,36.0,2011,EXACT,36.0,2011,36.0,2011,1,6.0,B4,False,0.0,False
2788c35f5610,23.0,2014,EXACT,23.0,2014,23.0,2014,1,5.0,B3,False,0.0,False
ca075cfd18d4,35.0,2009,MANUAL_APPNO_MATCH,35.0,2009,35.0,2009,1,,B4,False,0.0,False
86d0b726b6c1,28.0,2011,EXACT,28.0,2011,28.0,2011,1,6.0,B3,False,0.0,False
2470c5279249,11.0,2012,EXACT,11.0,2012,11.0,2012,1,7.0,B2,False,0.0,False
60a555792433,2.0,2009,EXACT,2.0,2009,2.0,2009,1,5.0,B1,False,0.0,False
6dcb8a2828ee,21.0,2008,EXACT,21.0,2008,21.0,2008,1,6.0,B3,False,0.0,False
2840b0d6c9d6,25.0,2010,EXACT,25.0,2010,25.0,2010,1,6.0,B3,False,0.0,False
ec3a98b96162,30.0,2006,EXACT,30.0,2006,30.0,2006,1,6.0,B4,False,0.0,False
3b281c10a625,26.0,2011,EXACT,26.0,2011,26.0,2011,1,7.0,B3,False,0.0,False
4134acac97ac,39.0,2010,EXACT,39.0,2010,39.0,2010,1,5.0,B4,False,0.0,False
0277f3cbc00f,30.0,2009,EXACT,30.0,2009,30.0,2009,1,7.0,B4,False,0.0,False
075a074c9aa8,37.0,2006,EXACT,37.0,2006,37.0,2006,1,5.0,B4,False,0.0,False
f03722282b2d,35.0,2014,EXACT,35.0,2014,35.0,2014,1,5.0,B4,False,0.0,False
0d0fa3f8c968,36.0,2012,EXACT,36.0,2012,36.0,2012,1,6.0,B4,False,0.0,False
4cd148a8dd49,19.0,2007,EXACT,19.0,2007,19.0,2007,1,6.0,B2,False,0.0,False
32d98b14e7a9,21.0,2009,EXACT,21.0,2009,21.0,2009,1,8.0,B3,False,0.0,False
90237bb8d08a,28.0,2007,MANUAL_APPNO_MATCH,28.0,2007,28.0,2007,1,,B3,False,0.0,False
0e252d3793d2,25.0,2012,EXACT,25.0,2012,25.0,2012,1,6.0,B3,False,0.0,False
e71adfdc5d5a,24.0,2008,EXACT,24.0,2008,24.0,2008,1,6.0,B3,False,0.0,False
27bf575df0dc,22.0,2006,EXACT,22.0,2006,22.0,2006,1,9.0,B3,False,0.0,False
3d47d0948898,28.0,2010,EXACT,28.0,2010,28.0,2010,1,6.0,B3,False,0.0,False
f81d56882d5a,15.0,2012,EXACT,15.0,2012,15.0,2012,1,6.0,B2,False,0.0,False
b9cf2bb0317e,26.0,2008,EXACT,26.0,2008,26.0,2008,1,6.0,B3,False,0.0,False
62c5a0cb3331,28.0,2009,EXACT,28.0,2009,28.0,2009,1,6.0,B3,False,0.0,False
791a3c106c34,14.0,2011,EXACT,14.0,2011,14.0,2011,1,8.0,B2,False,0.0,False
a53a6c4386fe,22.0,2007,EXACT,22.0,2007,22.0,2007,1,6.0,B3,False,0.0,False
faac6dccfc61,32.0,2011,MANUAL_APPNO_MATCH,32.0,2011,32.0,2011,1,,B4,False,0.0,False
f0d92052cf5e,22.0,2008,EXACT,22.0,2008,22.0,2008,1,6.0,B3,False,0.0,False
fc8e10e723a6,30.0,2006,EXACT,30.0,2006,30.0,2006,1,6.0,B4,False,0.0,False
c7cd95f11059,39.0,2014,EXACT,39.0,2014,39.0,2014,1,5.0,B4,False,0.0,False
023839c75f96,12.0,2008,EXACT,12.0,2008,12.0,2008,1,10.0,B2,False,0.0,False
589b3544eae1,30.0,2012,MANUAL_APPNO_MATCH,30.0,2012,30.0,2012,1,,B4,False,0.0,False
04ff23feecb5,18.0,2013,EXACT,18.0,2013,18.0,2013,1,9.0,B2,False,0.0,False
339b830f1808,28.0,2010,EXACT,28.0,2010,28.0,2010,1,6.0,B3,False,0.0,False
97fbaa62f67b,31.0,2009,EXACT,31.0,2009,31.0,2009,1,5.0,B4,False,0.0,False
251e213d1a45,29.0,2011,EXACT,29.0,2011,29.0,2011,1,6.0,B3,False,0.0,False
7fd8ecef1af6,19.0,2007,EXACT,19.0,2007,19.0,2007,1,7.0,B2,False,0.0,False
d8adc51f0cc8,30.0,2014,EXACT,30.0,2014,30.0,2014,1,5.0,B4,False,0.0,False
db13c154a8ed,11.0,2009,MANUAL_APPNO_MATCH,11.0,2009,11.0,2009,1,,B2,False,0.0,False
3e29ccb0e229,31.0,2009,EXACT,31.0,2009,31.0,2009,1,7.0,B4,False,0.0,False
256cb4b3cf02,17.0,2006,EXACT,17.0,2006,17.0,2006,1,7.0,B2,False,0.0,False
4feb67e992e3,35.0,2011,EXACT,35.0,2011,35.0,2011,1,8.0,B4,False,0.0,False
d79b83f91740,38.0,2009,EXACT,38.0,2009,38.0,2009,1,7.0,B4,False,0.0,False
8559e5369534,16.0,2011,EXACT,16.0,2011,16.0,2011,1,7.0,B2,False,0.0,False
637d72301c96,32.0,2012,EXACT,32.0,2012,32.0,2012,1,6.0,B4,False,0.0,False
0ff6d2ca3317,24.0,2009,EXACT,24.0,2009,24.0,2009,1,6.0,B3,False,0.0,False
2b92e6d1af49,39.0,2012,EXACT,39.0,2012,39.0,2012,1,8.0,B4,False,0.0,False
e4dbb7141590,4.0,2010,EXACT,4.0,2010,4.0,2010,1,8.0,B1,False,0.0,False
f3f462d1c009,17.0,2011,EXACT,17.0,2011,17.0,2011,1,9.0,B2,False,0.0,False
b798d7aa3233,39.0,2011,EXACT,39.0,2011,39.0,2011,1,6.0,B4,False,0.0,False
466989c749ab,8.0,2007,EXACT,8.0,2007,8.0,2007,1,7.0,B1,False,0.0,False
9441073b9f16,27.0,2006,EXACT,27.0,2006,27.0,2006,1,5.0,B3,False,0.0,False
398a2cd2557d,32.0,2008,EXACT,32.0,2008,32.0,2008,1,6.0,B4,False,0.0,False
de7e170a884d,9.0,2006,EXACT,9.0,2006,9.0,2006,1,6.0,B1,False,0.0,False
54f60b0b232f,17.0,2009,EXACT,17.0,2009,17.0,2009,1,10.0,B2,False,0.0,False
11256a927031,36.0,2007,MANUAL_APPNO_MATCH,36.0,2007,36.0,2007,1,,B4,False,0.0,False
96cee2fb80ad,19.0,2009,EXACT,19.0,2009,19.0,2009,1,8.0,B2,False,0.0,False
3939efd4b21d,27.0,2010,EXACT,27.0,2010,27.0,2010,1,12.0,B3,False,0.0,False
4f1e84c005cb,6.0,2007,EXACT,6.0,2007,6.0,2007,1,7.0,B1,False,0.0,False
78317dbe7f6f,36.0,2011,EXACT,36.0,2011,36.0,2011,1,9.0,B4,False,0.0,False
4a9dfe9e36a2,23.0,2010,EXACT,23.0,2010,23.0,2010,1,5.0,B3,False,0.0,False
3db5bb4a331b,33.0,2010,EXACT,33.0,2010,33.0,2010,1,6.0,B4,False,0.0,False
a38ca6c432d2,2.0,2012,EXACT,2.0,2012,2.0,2012,1,7.0,B1,False,0.0,False
ea19ce800ce1,32.0,2012,EXACT,32.0,2012,32.0,2012,1,7.0,B4,False,0.0,False
028086b2dbfe,32.0,2007,EXACT,32.0,2007,32.0,2007,1,5.0,B4,False,0.0,False
4821d4b70689,26.0,2014,EXACT,26.0,2014,26.0,2014,1,5.0,B3,False,0.0,False
09c4219a8075,37.0,2011,EXACT,37.0,2011,37.0,2011,1,7.0,B4,False,0.0,False
ee15dc4a46b0,10.0,2007,EXACT,10.0,2007,10.0,2007,1,7.0,B2,False,0.0,False
d4f09a2caedf,10.0,2011,EXACT,10.0,2011,10.0,2011,1,8.0,B2,False,0.0,False
ffde2121cf1d,38.0,2014,EXACT,38.0,2014,38.0,2014,1,7.0,B4,False,0.0,False
2afef6c4a30c,11.0,2014,MANUAL_APPNO_MATCH,32.0,2011,11.0,2014,2,,B2,True,21.0,False
d0caa50df2a0,36.0,2008,EXACT,36.0,2008,36.0,2008,1,7.0,B4,False,0.0,False
128489b36f35,29.0,2012,EXACT,29.0,2012,29.0,2012,1,7.0,B3,False,0.0,False
fa36f882793b,31.0,2010,EXACT,31.0,2010,31.0,2010,1,9.0,B4,False,0.0,False
5f33a1d17cfa,31.0,2009,EXACT,31.0,2009,31.0,2009,1,6.0,B4,False,0.0,False
9ab21bed80c2,33.0,2009,EXACT,33.0,2009,33.0,2009,1,8.0,B4,False,0.0,False
6685b87c9ce3,9.0,2008,EXACT,9.0,2008,9.0,2008,1,6.0,B1,False,0.0,False
db7e5d54bc22,32.0,2009,EXACT,32.0,2009,32.0,2009,1,7.0,B4,False,0.0,False
9a45ec6630cf,7.0,2012,EXACT,7.0,2012,7.0,2012,1,6.0,B1,False,0.0,False
0355395f0c1f,15.0,2008,EXACT,15.0,2008,15.0,2008,1,8.0,B2,False,0.0,False
ea671be10221,10.0,2012,EXACT,10.0,2012,10.0,2012,1,8.0,B2,False,0.0,False
460e8b37a8d8,34.0,2007,EXACT,34.0,2007,34.0,2007,1,6.0,B4,False,0.0,False
cac26675d438,31.0,2010,EXACT,31.0,2010,31.0,2010,1,9.0,B4,False,0.0,False
8502543ae786,3.0,2008,EXACT,3.0,2008,3.0,2008,1,12.0,B1,False,0.0,False
e441723012b2,22.0,2009,EXACT,22.0,2009,22.0,2009,1,6.0,B3,False,0.0,False
bb5575eccb46,10.0,2008,EXACT,10.0,2008,10.0,2008,1,8.0,B2,False,0.0,False
61e093d38f05,36.0,2009,EXACT,36.0,2009,36.0,2009,1,6.0,B4,False,0.0,False
cc23cbd699be,12.0,2008,EXACT,12.0,2008,12.0,2008,1,9.0,B2,False,0.0,False
cbd3bbbc0e32,18.0,2011,EXACT,18.0,2011,18.0,2011,1,8.0,B2,False,0.0,False
a37842ee8204,29.0,2014,EXACT,29.0,2014,29.0,2014,1,7.0,B3,False,0.0,False
99f56d7cecee,36.0,2006,EXACT,36.0,2006,36.0,2006,1,7.0,B4,False,0.0,False
c3f1a6249712,26.0,2012,EXACT,26.0,2012,26.0,2012,1,6.0,B3,False,0.0,False
dc3651f7a996,21.0,2012,EXACT,21.0,2012,21.0,2012,1,9.0,B3,False,0.0,False
87b0fb9d5821,21.0,2009,EXACT,21.0,2009,21.0,2009,1,6.0,B3,False,0.0,False
e4ad8c936602,23.0,2007,EXACT,23.0,2007,23.0,2007,1,8.0,B3,False,0.0,False
29d735e543fb,19.0,2009,EXACT,19.0,2009,19.0,2009,1,6.0,B2,False,0.0,False
9597836e31ba,23.0,2009,EXACT,23.0,2009,23.0,2009,1,7.0,B3,False,0.0,False
c1a01378fee7,6.0,2012,EXACT,6.0,2012,6.0,2012,1,6.0,B1,False,0.0,False
09fb4a0d6be8,3.0,2013,EXACT,3.0,2013,3.0,2013,1,6.0,B1,False,0.0,False
9bde88aca085,32.0,2007,EXACT,32.0,2007,32.0,2007,1,6.0,B4,False,0.0,False
e4990c10f255,10.0,2010,EXACT,10.0,2010,10.0,2010,1,9.0,B2,False,0.0,False
e3d636503a42,11.0,2014,MANUAL_APPNO_MATCH,11.0,2014,11.0,2014,1,,B2,False,0.0,False
5304c9a21d15,31.0,2010,EXACT,31.0,2010,31.0,2010,1,8.0,B4,False,0.0,False
d53a374b6cc5,24.0,2007,EXACT,24.0,2007,24.0,2007,1,7.0,B3,False,0.0,False
aea0e4e90b25,21.0,2006,EXACT,21.0,2006,21.0,2006,1,7.0,B3,False,0.0,False
7e2c112c9647,38.0,2007,EXACT,38.0,2007,38.0,2007,1,7.0,B4,False,0.0,False
f021e17dbed3,23.0,2012,EXACT,23.0,2012,23.0,2012,1,7.0,B3,False,0.0,False
3e1b45dd56e5,36.0,2009,EXACT,36.0,2009,36.0,2009,1,7.0,B4,False,0.0,False
d99620f62c3b,17.0,2006,EXACT,17.0,2006,17.0,2006,1,6.0,B2,False,0.0,False
d3d06eb7c900,4.0,2008,DETERMINISTIC_APPNO,4.0,2008,4.0,2008,1,,B1,False,0.0,False
3df4e1a4b037,30.0,2011,EXACT,30.0,2011,30.0,2011,1,5.0,B4,False,0.0,False
78b0720e699b,14.0,2009,EXACT,14.0,2009,14.0,2009,1,8.0,B2,False,0.0,False
1976a4e817c5,12.0,2013,EXACT,12.0,2013,12.0,2013,1,7.0,B2,False,0.0,False
bf7a7fbc62b1,38.0,2006,EXACT,38.0,2006,38.0,2006,1,7.0,B4,False,0.0,False
571a00e53ee4,19.0,2011,EXACT,19.0,2011,19.0,2011,1,8.0,B2,False,0.0,False
a8ceceabee21,31.0,2010,EXACT,31.0,2010,31.0,2010,1,5.0,B4,False,0.0,False
9e24d52db2af,33.0,2006,EXACT,33.0,2006,33.0,2006,1,6.0,B4,False,0.0,False
49594d238eb0,36.0,2011,EXACT,36.0,2011,36.0,2011,1,6.0,B4,False,0.0,False
2cf68b58e8ae,36.0,2010,EXACT,36.0,2010,36.0,2010,1,8.0,B4,False,0.0,False
f8e9934d5679,28.0,2010,EXACT,28.0,2010,28.0,2010,1,8.0,B3,False,0.0,False
6eb24b8a5bfb,30.0,2012,EXACT,30.0,2012,30.0,2012,1,6.0,B4,False,0.0,False
735f9106573a,5.0,2013,EXACT,5.0,2013,5.0,2013,1,6.0,B1,False,0.0,False
64d7f1d395b5,30.0,2011,EXACT,30.0,2011,30.0,2011,1,5.0,B4,False,0.0,False
6a4cde74cd06,26.0,2011,EXACT,26.0,2011,26.0,2011,1,6.0,B3,False,0.0,False
d74a0b0857aa,23.0,2012,MANUAL_APPNO_MATCH,23.0,2012,23.0,2012,1,,B3,False,0.0,False
89a718a4275c,-1.0,2013,MANUAL_APPNO_MATCH,-1.0,2013,-1.0,2013,1,,B1,False,0.0,False
537ec5a7861e,11.0,2007,EXACT,11.0,2007,11.0,2007,1,10.0,B2,False,0.0,False
bdc611fbb167,19.0,2007,EXACT,19.0,2007,19.0,2007,1,8.0,B2,False,0.0,False
3d2a6b367f33,7.0,2010,EXACT,7.0,2010,7.0,2010,1,11.0,B1,False,0.0,False
1f52b007d6b1,33.0,2008,EXACT,33.0,2008,33.0,2008,1,8.0,B4,False,0.0,False
dbbb083f6b3e,6.0,2011,EXACT,6.0,2011,6.0,2011,1,8.0,B1,False,0.0,False
5499f4e7ff5e,24.0,2007,EXACT,24.0,2007,24.0,2007,1,7.0,B3,False,0.0,False
ab49e2a50846,39.0,2007,EXACT,39.0,2007,39.0,2007,1,8.0,B4,False,0.0,False
acb8f844ac8e,32.0,2007,EXACT,32.0,2007,32.0,2007,1,6.0,B4,False,0.0,False
7e13a876957a,39.0,2007,EXACT,39.0,2007,39.0,2007,1,6.0,B4,False,0.0,False
5d8f5e67ffa1,38.0,2008,MANUAL_APPNO_MATCH,38.0,2008,38.0,2008,1,,B4,False,0.0,False
c1e2415d0587,23.0,2010,MANUAL_APPNO_MATCH,23.0,2010,23.0,2010,1,,B3,False,0.0,False
75108c0ea8e7,39.0,2012,EXACT,39.0,2012,39.0,2012,1,6.0,B4,False,0.0,False
758daf41b8cb,22.0,2007,EXACT,22.0,2007,22.0,2007,1,7.0,B3,False,0.0,False
ff670800ae3a,32.0,2011,EXACT,32.0,2011,32.0,2011,1,7.0,B4,False,0.0,False
60ea3a83cdb7,37.0,2009,EXACT,37.0,2009,37.0,2009,1,6.0,B4,False,0.0,False
d5bb5eb7da46,5.0,2011,MANUAL_APPNO_MATCH,5.0,2011,5.0,2011,1,,B1,False,0.0,False
73b7e05ec0db,11.0,2006,MANUAL_APPNO_MATCH,11.0,2006,11.0,2006,1,,B2,False,0.0,False
38d0e8142a65,19.0,2011,EXACT,19.0,2011,19.0,2011,1,7.0,B2,False,0.0,False
3236f139b8bc,18.0,2006,EXACT,18.0,2006,18.0,2006,1,10.0,B2,False,0.0,False
ad5450d4592c,21.0,2008,EXACT,21.0,2008,21.0,2008,1,7.0,B3,False,0.0,False
803f63670b58,37.0,2009,EXACT,37.0,2009,37.0,2009,1,6.0,B4,False,0.0,False
1ce814c784df,22.0,2007,MANUAL_APPNO_MATCH,22.0,2007,22.0,2007,1,,B3,False,0.0,False
396b1d77d919,15.0,2010,EXACT,15.0,2010,15.0,2010,1,6.0,B2,False,0.0,False
4b9d872d56b7,14.0,2009,EXACT,14.0,2009,14.0,2009,1,10.0,B2,False,0.0,False
dffce24d6a90,5.0,2010,EXACT,5.0,2010,5.0,2010,1,11.0,B1,False,0.0,False
1ed44df64327,13.0,2011,EXACT,13.0,2011,13.0,2011,1,7.0,B2,False,0.0,False
48da12a4c9a6,28.0,2010,EXACT,28.0,2010,28.0,2010,1,6.0,B3,False,0.0,False
5e8d4f520a87,5.0,2011,EXACT,5.0,2011,5.0,2011,1,8.0,B1,False,0.0,False
54bc7453e7d6,34.0,2011,EXACT,34.0,2011,34.0,2011,1,6.0,B4,False,0.0,False
e462336fb564,13.0,2013,EXACT,13.0,2013,13.0,2013,1,9.0,B2,False,0.0,False
2be752c363a1,23.0,2008,EXACT,23.0,2008,23.0,2008,1,11.0,B3,False,0.0,False
fb444ede64ae,14.0,2012,EXACT,14.0,2012,14.0,2012,1,6.0,B2,False,0.0,False
23e43186e6fa,24.0,2012,EXACT,24.0,2012,24.0,2012,1,6.0,B3,False,0.0,False
572ccbd4a4ec,20.0,2014,EXACT,20.0,2014,20.0,2014,1,5.0,B3,False,0.0,False
9604cd15c39a,30.0,2009,EXACT,30.0,2009,30.0,2009,1,7.0,B4,False,0.0,False
70e98c174ab6,33.0,2013,MANUAL_APPNO_MATCH,33.0,2013,33.0,2013,2,,B4,False,0.0,False
5a4518af4ed3,30.0,2006,EXACT,30.0,2006,30.0,2006,1,9.0,B4,False,0.0,False
782b17f2b436,27.0,2007,EXACT,27.0,2007,27.0,2007,1,6.0,B3,False,0.0,False
f7314c7d10d3,34.0,2008,EXACT,34.0,2008,34.0,2008,1,6.0,B4,False,0.0,False
2123ac79128b,9.0,2010,EXACT,9.0,2010,9.0,2010,1,8.0,B1,False,0.0,False
0a477ed63f76,33.0,2010,EXACT,33.0,2010,33.0,2010,1,8.0,B4,False,0.0,False
c885f726a450,12.0,2010,EXACT,12.0,2010,12.0,2010,1,7.0,B2,False,0.0,False
462cf74af761,15.0,2008,EXACT,15.0,2008,15.0,2008,1,5.0,B2,False,0.0,False
1e58941ab064,27.0,2006,EXACT,27.0,2006,27.0,2006,1,7.0,B3,False,0.0,False
86ea4b35de9e,21.0,2007,EXACT,21.0,2007,21.0,2007,1,7.0,B3,False,0.0,False
711884923be6,27.0,2011,EXACT,27.0,2011,27.0,2011,1,7.0,B3,False,0.0,False
3f02c39b4d82,7.0,2007,EXACT,7.0,2007,7.0,2007,1,6.0,B1,False,0.0,False
3d2358c0c23e,8.0,2007,EXACT,8.0,2007,8.0,2007,1,7.0,B1,False,0.0,False
c0a824d32e98,39.0,2011,EXACT,39.0,2011,39.0,2011,1,6.0,B4,False,0.0,False
faf166d409fd,2.0,2008,MANUAL_APPNO_MATCH,2.0,2008,2.0,2008,1,,B1,False,0.0,False
b337c1ee3ef2,37.0,2007,MANUAL_APPNO_MATCH,40.0,2006,37.0,2007,2,,B4,True,3.0,False
a8ededfbd5c6,11.0,2008,EXACT,11.0,2008,11.0,2008,1,11.0,B2,False,0.0,False
0d50eeb8e496,26.0,2012,EXACT,26.0,2012,26.0,2012,1,7.0,B3,False,0.0,False
e50f509a5b8b,12.0,2007,EXACT,12.0,2007,12.0,2007,1,6.0,B2,False,0.0,False
b55a9ee3a7cd,6.0,2008,EXACT,6.0,2008,6.0,2008,1,10.0,B1,False,0.0,False
d777020cc213,9.0,2008,EXACT,9.0,2008,9.0,2008,1,9.0,B1,False,0.0,False
9e6412b086c2,35.0,2009,EXACT,35.0,2009,35.0,2009,1,7.0,B4,False,0.0,False
07e768961c05,23.0,2013,EXACT,23.0,2013,23.0,2013,1,6.0,B3,False,0.0,False
b8cc5a685a89,39.0,2012,EXACT,39.0,2012,39.0,2012,1,6.0,B4,False,0.0,False
0b7d7a58345b,28.0,2006,EXACT,28.0,2006,28.0,2006,1,6.0,B3,False,0.0,False
7370df037bdf,23.0,2012,EXACT,23.0,2012,23.0,2012,1,7.0,B3,False,0.0,False
dfe4e39e722d,22.0,2007,EXACT,22.0,2007,22.0,2007,1,6.0,B3,False,0.0,False
3f2c6d483b32,18.0,2006,EXACT,18.0,2006,18.0,2006,1,7.0,B2,False,0.0,False
6439283d5456,23.0,2011,EXACT,23.0,2011,23.0,2011,1,5.0,B3,False,0.0,False
cbb13397cbcf,32.0,2011,EXACT,32.0,2011,32.0,2011,1,7.0,B4,False,0.0,False
955bae77594f,26.0,2007,EXACT,26.0,2007,26.0,2007,1,6.0,B3,False,0.0,False
94c6d3962411,11.0,2008,EXACT,11.0,2008,11.0,2008,1,11.0,B2,False,0.0,False
520b1cef586d,27.0,2011,EXACT,27.0,2011,27.0,2011,1,8.0,B3,False,0.0,False
49a1ccfa2f70,10.0,2009,EXACT,10.0,2009,10.0,2009,1,10.0,B2,False,0.0,False
5e7f772f372a,35.0,2010,EXACT,35.0,2010,35.0,2010,1,7.0,B4,False,0.0,False
86c2daafca51,18.0,2012,EXACT,18.0,2012,18.0,2012,1,6.0,B2,False,0.0,False
9f7c3814e6f0,24.0,2009,EXACT,24.0,2009,24.0,2009,1,5.0,B3,False,0.0,False
e0a5a5542457,19.0,2006,EXACT,19.0,2006,19.0,2006,1,12.0,B2,False,0.0,False
ac288b7fca84,37.0,2010,EXACT,37.0,2010,37.0,2010,1,6.0,B4,False,0.0,False
798063a0e89c,34.0,2011,EXACT,34.0,2011,34.0,2011,1,6.0,B4,False,0.0,False
ad9caccebe06,33.0,2006,EXACT,33.0,2006,33.0,2006,1,6.0,B4,False,0.0,False
44ec0297d22a,18.0,2013,EXACT,18.0,2013,18.0,2013,1,5.0,B2,False,0.0,False
cad0ba316053,21.0,2014,EXACT,21.0,2014,21.0,2014,1,5.0,B3,False,0.0,False
3d01b2a4ce33,12.0,2009,EXACT,12.0,2009,12.0,2009,1,7.0,B2,False,0.0,False
b66c854a0b81,12.0,2009,EXACT,12.0,2009,12.0,2009,1,10.0,B2,False,0.0,False
72b067fa7db9,14.0,2012,EXACT,14.0,2012,14.0,2012,1,6.0,B2,False,0.0,False
f80e3b231a98,7.0,2012,EXACT,7.0,2012,7.0,2012,1,9.0,B1,False,0.0,False
9783db6551e6,36.0,2006,EXACT,36.0,2006,36.0,2006,1,9.0,B4,False,0.0,False
acba470137a1,22.0,2008,EXACT,22.0,2008,22.0,2008,1,7.0,B3,False,0.0,False
bf4ca22417d2,23.0,2011,EXACT,23.0,2011,23.0,2011,1,5.0,B3,False,0.0,False
174d669601eb,11.0,2008,MANUAL_APPNO_MATCH,11.0,2008,11.0,2008,1,,B2,False,0.0,False
76efbf8202b7,38.0,2007,EXACT,38.0,2007,38.0,2007,1,7.0,B4,False,0.0,False
18a0826feefb,17.0,2010,EXACT,17.0,2010,17.0,2010,1,6.0,B2,False,0.0,False
79f35357f70e,9.0,2007,EXACT,9.0,2007,9.0,2007,1,11.0,B1,False,0.0,False
f75a6e75f75c,24.0,2012,EXACT,24.0,2012,24.0,2012,1,5.0,B3,False,0.0,False
8267f2c8e432,37.0,2007,EXACT,37.0,2007,37.0,2007,1,6.0,B4,False,0.0,False
fa669747c2c1,32.0,2011,EXACT,32.0,2011,32.0,2011,1,7.0,B4,False,0.0,False
76b60126fd63,35.0,2012,EXACT,35.0,2012,35.0,2012,1,7.0,B4,False,0.0,False
d4e274864e62,20.0,2012,EXACT,20.0,2012,20.0,2012,1,6.0,B3,False,0.0,False
d0270effb0d2,5.0,2008,EXACT,5.0,2008,5.0,2008,1,7.0,B1,False,0.0,False
bc940d2b7e2c,19.0,2014,EXACT,19.0,2014,19.0,2014,1,7.0,B2,False,0.0,False
6b703bf47974,32.0,2006,DETERMINISTIC_APPNO,32.0,2006,32.0,2006,1,,B4,False,0.0,False
1674441686d9,36.0,2013,EXACT,36.0,2013,36.0,2013,1,7.0,B4,False,0.0,False
0e18add93e1f,36.0,2009,EXACT,36.0,2009,36.0,2009,1,5.0,B4,False,0.0,False
212477807863,32.0,2011,EXACT,32.0,2011,32.0,2011,1,9.0,B4,False,0.0,False
0d94f12e6aa8,34.0,2008,EXACT,34.0,2008,34.0,2008,1,7.0,B4,False,0.0,False
d5f0b3d58370,37.0,2007,EXACT,37.0,2007,37.0,2007,1,10.0,B4,False,0.0,False
56925c97c280,19.0,2009,EXACT,19.0,2009,19.0,2009,1,5.0,B2,False,0.0,False
9782cc39e791,35.0,2010,EXACT,35.0,2010,35.0,2010,1,6.0,B4,False,0.0,False
c865970cca0c,29.0,2012,EXACT,29.0,2012,29.0,2012,1,6.0,B3,False,0.0,False
2004e7d44e84,38.0,2014,EXACT,38.0,2014,38.0,2014,1,6.0,B4,False,0.0,False
958efe5a5c1e,30.0,2006,EXACT,30.0,2006,30.0,2006,1,6.0,B4,False,0.0,False
bb03990d2b55,39.0,2007,EXACT,39.0,2007,39.0,2007,1,6.0,B4,False,0.0,False
5ec2900874d1,11.0,2012,EXACT,11.0,2012,11.0,2012,1,6.0,B2,False,0.0,False
f7e89224e937,26.0,2010,EXACT,26.0,2010,26.0,2010,1,9.0,B3,False,0.0,False
62e044a1b308,9.0,2010,MANUAL_APPNO_MATCH,9.0,2010,9.0,2010,1,,B1,False,0.0,False
33b4a1a9b894,15.0,2009,EXACT,15.0,2009,15.0,2009,1,5.0,B2,False,0.0,False
70b550878ecf,9.0,2014,EXACT,9.0,2014,9.0,2014,1,6.0,B1,False,0.0,False
2caa02104e4a,28.0,2010,MANUAL_APPNO_MATCH,28.0,2010,28.0,2010,1,,B3,False,0.0,False
381860d5f04f,27.0,2011,MANUAL_APPNO_MATCH,27.0,2011,27.0,2011,1,,B3,False,0.0,False
9a16f97bc8dc,20.0,2012,EXACT,20.0,2012,20.0,2012,1,6.0,B3,False,0.0,False
95a373ff7d67,20.0,2007,MANUAL_APPNO_MATCH,20.0,2007,20.0,2007,1,,B3,False,0.0,False
3b903249c677,35.0,2012,EXACT,35.0,2012,35.0,2012,1,6.0,B4,False,0.0,False
e5c6bd7a3cac,34.0,2008,MANUAL_APPNO_MATCH,34.0,2008,34.0,2008,1,,B4,False,0.0,False
960c89e80b0e,23.0,2009,EXACT,23.0,2009,23.0,2009,1,5.0,B3,False,0.0,False
1a42f4a879c2,21.0,2010,EXACT,21.0,2010,21.0,2010,1,5.0,B3,False,0.0,False
a4a2525f5769,38.0,2010,EXACT,38.0,2010,38.0,2010,1,7.0,B4,False,0.0,False
45615c7a975a,39.0,2012,EXACT,39.0,2012,39.0,2012,1,7.0,B4,False,0.0,False
3de0e1ebbe0b,21.0,2008,EXACT,21.0,2008,21.0,2008,1,7.0,B3,False,0.0,False
af70b0208e84,25.0,2012,EXACT,25.0,2012,25.0,2012,1,6.0,B3,False,0.0,False
dd23ff71f42d,10.0,2012,EXACT,10.0,2012,10.0,2012,1,6.0,B2,False,0.0,False
1233f41005b8,21.0,2006,EXACT,21.0,2006,21.0,2006,1,6.0,B3,False,0.0,False
821e1f326d26,19.0,2010,MANUAL_APPNO_MATCH,19.0,2010,19.0,2010,1,,B2,False,0.0,False
0c307dffcdb6,34.0,2010,EXACT,34.0,2010,34.0,2010,1,6.0,B4,False,0.0,False
8f4ada4ab510,4.0,2009,MANUAL_APPNO_MATCH,4.0,2009,4.0,2009,1,,B1,False,0.0,False
7ce69c02320d,30.0,2009,EXACT,30.0,2009,30.0,2009,1,5.0,B4,False,0.0,False
b859bc16b61f,26.0,2010,EXACT,26.0,2010,26.0,2010,1,7.0,B3,False,0.0,False
a94845a1020b,36.0,2013,EXACT,36.0,2013,36.0,2013,1,6.0,B4,False,0.0,False
d849adbb1d10,31.0,2008,EXACT,31.0,2008,31.0,2008,1,7.0,B4,False,0.0,False
cc868e3081e1,39.0,2011,EXACT,39.0,2011,39.0,2011,1,8.0,B4,False,0.0,False
cb0c1cade11d,31.0,2007,EXACT,31.0,2007,31.0,2007,1,10.0,B4,False,0.0,False
391812cad60b,37.0,2010,EXACT,37.0,2010,37.0,2010,1,6.0,B4,False,0.0,False
05b1b86df429,16.0,2011,EXACT,16.0,2011,16.0,2011,1,6.0,B2,False,0.0,False
b5d2de31e156,10.0,2012,EXACT,10.0,2012,10.0,2012,1,7.0,B2,False,0.0,False
8c39d98f4aa8,38.0,2007,EXACT,38.0,2007,38.0,2007,1,6.0,B4,False,0.0,False
c9ef287b2ccb,32.0,2008,EXACT,32.0,2008,32.0,2008,1,6.0,B4,False,0.0,False
ef1a1b3c17c9,33.0,2008,EXACT,33.0,2008,33.0,2008,1,6.0,B4,False,0.0,False
27565ff3d270,9.0,2011,MANUAL_APPNO_MATCH,9.0,2011,9.0,2011,1,,B1,False,0.0,False
64d5d5212574,17.0,2009,EXACT,17.0,2009,17.0,2009,1,7.0,B2,False,0.0,False
6a0e2e17b443,34.0,2010,EXACT,34.0,2010,34.0,2010,1,7.0,B4,False,0.0,False
4753e5ab9c54,12.0,2012,EXACT,12.0,2012,12.0,2012,1,7.0,B2,False,0.0,False
8c488f1cee00,39.0,2012,EXACT,39.0,2012,39.0,2012,1,6.0,B4,False,0.0,False
a758ba487c40,11.0,2009,EXACT,11.0,2009,11.0,2009,1,8.0,B2,False,0.0,False
6cb2f361ac12,11.0,2006,MANUAL_APPNO_MATCH,11.0,2006,11.0,2006,1,,B2,False,0.0,False
7f279a8d46a7,7.0,2008,EXACT,7.0,2008,7.0,2008,1,5.0,B1,False,0.0,False
312aa58bc561,29.0,2013,MANUAL_APPNO_MATCH,29.0,2013,29.0,2013,1,,B3,False,0.0,False
b4100a6e9b42,10.0,2013,EXACT,10.0,2013,10.0,2013,1,6.0,B2,False,0.0,False
0dd7e0ab9463,21.0,2010,EXACT,21.0,2010,21.0,2010,1,8.0,B3,False,0.0,False
849f78e76487,38.0,2012,MANUAL_APPNO_MATCH,38.0,2012,38.0,2012,1,,B4,False,0.0,False
8d4568d15888,25.0,2009,EXACT,25.0,2009,25.0,2009,1,6.0,B3,False,0.0,False
63922edf738f,31.0,2007,EXACT,31.0,2007,31.0,2007,1,6.0,B4,False,0.0,False
a13a181a3957,2.0,2010,EXACT,2.0,2010,2.0,2010,1,12.0,B1,False,0.0,False
47e6a5efc411,19.0,2012,MANUAL_APPNO_MATCH,19.0,2012,19.0,2012,1,,B2,False,0.0,False
73cf993d490c,8.0,2013,EXACT,8.0,2013,8.0,2013,1,6.0,B1,False,0.0,False
48babf6cb6e5,36.0,2011,EXACT,36.0,2011,36.0,2011,1,8.0,B4,False,0.0,False
9ffceb30de1d,12.0,2011,EXACT,12.0,2011,12.0,2011,1,8.0,B2,False,0.0,False
7b7cd80977f8,28.0,2009,EXACT,28.0,2009,28.0,2009,1,7.0,B3,False,0.0,False
df6c2b93a4a0,7.0,2012,EXACT,7.0,2012,7.0,2012,1,7.0,B1,False,0.0,False
937888ed3888,37.0,2007,EXACT,37.0,2007,37.0,2007,1,6.0,B4,False,0.0,False
06763095cf1b,12.0,2012,EXACT,12.0,2012,12.0,2012,1,6.0,B2,False,0.0,False
cc8af2a786e3,32.0,2009,EXACT,32.0,2009,32.0,2009,1,8.0,B4,False,0.0,False
4c8ebdfb5469,12.0,2012,EXACT,12.0,2012,12.0,2012,1,6.0,B2,False,0.0,False
7446f546d9a8,3.0,2009,MANUAL_APPNO_MATCH,3.0,2009,3.0,2009,1,,B1,False,0.0,False
e36b63085989,26.0,2012,MANUAL_APPNO_MATCH,26.0,2012,26.0,2012,1,,B3,False,0.0,False
314c19877fc0,33.0,2013,EXACT,33.0,2013,33.0,2013,1,5.0,B4,False,0.0,False
9e583bdb42c4,22.0,2009,MANUAL_APPNO_MATCH,30.0,2008,22.0,2009,2,,B3,True,8.0,False
ac1baf26bc54,38.0,2009,EXACT,38.0,2009,38.0,2009,1,6.0,B4,False,0.0,False
e6a0327b384f,1.0,2012,MANUAL_APPNO_MATCH,1.0,2012,1.0,2012,1,,B1,False,0.0,False
57013045f968,36.0,2009,EXACT,36.0,2009,36.0,2009,1,6.0,B4,False,0.0,False
14276d353e64,34.0,2010,EXACT,34.0,2010,34.0,2010,1,6.0,B4,False,0.0,False
f7ddf7ae3077,28.0,2007,EXACT,28.0,2007,28.0,2007,1,7.0,B3,False,0.0,False
6250af2afd04,37.0,2006,EXACT,37.0,2006,37.0,2006,1,6.0,B4,False,0.0,False
bd779c4f9c0c,28.0,2009,EXACT,28.0,2009,28.0,2009,1,7.0,B3,False,0.0,False
1d96df3bdb03,11.0,2012,EXACT,11.0,2012,11.0,2012,1,5.0,B2,False,0.0,False
515e1af4b79b,20.0,2011,EXACT,20.0,2011,20.0,2011,1,6.0,B3,False,0.0,False
53d5d7ed6a7e,22.0,2012,MANUAL_APPNO_MATCH,22.0,2012,22.0,2012,1,,B3,False,0.0,False
517db7fe4308,7.0,2007,EXACT,7.0,2007,7.0,2007,1,9.0,B1,False,0.0,False
a1f4e3fd4986,24.0,2011,EXACT,24.0,2011,24.0,2011,1,5.0,B3,False,0.0,False
39f02b6f5fbc,25.0,2009,MANUAL_APPNO_MATCH,25.0,2009,25.0,2009,1,,B3,False,0.0,False
937d65f2308d,35.0,2009,EXACT,35.0,2009,35.0,2009,1,6.0,B4,False,0.0,False
cd8493c9f105,39.0,2007,EXACT,39.0,2007,39.0,2007,1,8.0,B4,False,0.0,False
efc8e26edfbd,9.0,2009,EXACT,9.0,2009,9.0,2009,1,5.0,B1,False,0.0,False
83e631876c47,25.0,2010,MANUAL_APPNO_MATCH,25.0,2010,25.0,2010,1,,B3,False,0.0,False
698e5717a10c,28.0,2008,EXACT,28.0,2008,28.0,2008,1,9.0,B3,False,0.0,False
86c4e8e22240,32.0,2010,EXACT,32.0,2010,32.0,2010,1,8.0,B4,False,0.0,False
6fd318f923f2,36.0,2010,MANUAL_APPNO_MATCH,36.0,2010,36.0,2010,1,,B4,False,0.0,False
27004403aff2,27.0,2010,EXACT,27.0,2010,27.0,2010,1,6.0,B3,False,0.0,False
1fce736a955f,19.0,2010,EXACT,19.0,2010,19.0,2010,1,8.0,B2,False,0.0,False
a5ac64f601c5,27.0,2011,EXACT,27.0,2011,27.0,2011,1,8.0,B3,False,0.0,False
8ccc36f2a466,25.0,2010,EXACT,25.0,2010,25.0,2010,1,5.0,B3,False,0.0,False
aeb5f741da38,34.0,2011,EXACT,34.0,2011,34.0,2011,1,5.0,B4,False,0.0,False
9e8c52bff7d6,38.0,2008,EXACT,38.0,2008,38.0,2008,1,8.0,B4,False,0.0,False
6f9919ffab46,19.0,2006,EXACT,19.0,2006,19.0,2006,1,5.0,B2,False,0.0,False
90f55aa8276c,23.0,2008,EXACT,23.0,2008,23.0,2008,1,7.0,B3,False,0.0,False
35cae97daeb0,19.0,2006,EXACT,19.0,2006,19.0,2006,1,8.0,B2,False,0.0,False
221f20550676,6.0,2008,EXACT,6.0,2008,6.0,2008,1,6.0,B1,False,0.0,False
e1e6b1a4aa3c,35.0,2009,EXACT,35.0,2009,35.0,2009,1,7.0,B4,False,0.0,False
4c430246f23e,30.0,2006,EXACT,30.0,2006,30.0,2006,1,7.0,B4,False,0.0,False
697496d3ad12,27.0,2010,EXACT,27.0,2010,27.0,2010,1,6.0,B3,False,0.0,False
61b919b9760a,30.0,2008,EXACT,30.0,2008,30.0,2008,1,5.0,B4,False,0.0,False
6c34b9ee8b30,30.0,2010,MANUAL_APPNO_MATCH,30.0,2010,30.0,2010,1,,B4,False,0.0,False
260b2a8faa88,32.0,2006,EXACT,32.0,2006,32.0,2006,1,6.0,B4,False,0.0,False
06d4c3d77dab,27.0,2014,EXACT,27.0,2014,27.0,2014,1,6.0,B3,False,0.0,False
49bc96c917c8,28.0,2006,EXACT,28.0,2006,28.0,2006,1,9.0,B3,False,0.0,False
04f232e8e981,32.0,2007,MANUAL_APPNO_MATCH,32.0,2007,32.0,2007,1,,B4,False,0.0,False
1e627e10ce49,6.0,2006,EXACT,6.0,2006,6.0,2006,1,5.0,B1,False,0.0,False
89551e4a96f3,30.0,2011,EXACT,30.0,2011,30.0,2011,1,8.0,B4,False,0.0,False
f21179df638f,38.0,2006,EXACT,38.0,2006,38.0,2006,1,8.0,B4,False,0.0,False
49be32543b88,31.0,2008,EXACT,31.0,2008,31.0,2008,1,6.0,B4,False,0.0,False
51f8217d107a,19.0,2009,EXACT,19.0,2009,19.0,2009,1,9.0,B2,False,0.0,False
866214b7ad86,33.0,2011,EXACT,33.0,2011,33.0,2011,1,7.0,B4,False,0.0,False
664ce59efbc0,32.0,2006,EXACT,32.0,2006,32.0,2006,1,7.0,B4,False,0.0,False
17029102c5f1,8.0,2009,EXACT,8.0,2009,8.0,2009,1,6.0,B1,False,0.0,False
455ce25ee22a,33.0,2008,EXACT,33.0,2008,33.0,2008,1,7.0,B4,False,0.0,False
049f38e3e4cb,17.0,2008,EXACT,17.0,2008,17.0,2008,1,11.0,B2,False,0.0,False
ef006f95ea93,4.0,2009,MANUAL_APPNO_MATCH,7.0,2008,4.0,2009,2,,B1,True,3.0,False
e1a3a942c090,25.0,2012,EXACT,25.0,2012,25.0,2012,1,6.0,B3,False,0.0,False
051b2c32c751,37.0,2006,EXACT,37.0,2006,37.0,2006,1,6.0,B4,False,0.0,False
87e4a5e714d1,26.0,2010,EXACT,26.0,2010,26.0,2010,1,6.0,B3,False,0.0,False
567da8a6bc8a,16.0,2007,EXACT,16.0,2007,16.0,2007,1,6.0,B2,False,0.0,False
548eeb439405,22.0,2011,EXACT,22.0,2011,22.0,2011,1,7.0,B3,False,0.0,False
b193cbdde409,19.0,2008,EXACT,19.0,2008,19.0,2008,1,6.0,B2,False,0.0,False
bf9eb7c9085d,12.0,2013,EXACT,12.0,2013,12.0,2013,1,7.0,B2,False,0.0,False
0d4c41414373,1.0,2011,EXACT,1.0,2011,1.0,2011,1,9.0,B1,False,0.0,False
979afc88d6dd,5.0,2010,MANUAL_APPNO_MATCH,5.0,2010,5.0,2010,1,,B1,False,0.0,False
c1c6d01b6502,16.0,2008,EXACT,16.0,2008,16.0,2008,1,6.0,B2,False,0.0,False
c83bb38fa971,18.0,2010,EXACT,18.0,2010,18.0,2010,1,9.0,B2,False,0.0,False
38554fe0ce37,35.0,2012,EXACT,35.0,2012,35.0,2012,1,7.0,B4,False,0.0,False
7c551883bf43,21.0,2013,EXACT,21.0,2013,21.0,2013,1,5.0,B3,False,0.0,False
477b58d2c5b0,35.0,2012,EXACT,35.0,2012,35.0,2012,1,7.0,B4,False,0.0,False
1b81e4a5464e,10.0,2007,EXACT,10.0,2007,10.0,2007,1,8.0,B2,False,0.0,False
7c4fa36f81ec,13.0,2008,EXACT,13.0,2008,13.0,2008,1,6.0,B2,False,0.0,False
e9ac39204b07,25.0,2008,EXACT,25.0,2008,25.0,2008,1,8.0,B3,False,0.0,False
5955a9367b4f,38.0,2009,MANUAL_APPNO_MATCH,38.0,2009,38.0,2009,1,,B4,False,0.0,False
161b25e8bacc,38.0,2006,EXACT,38.0,2006,38.0,2006,1,5.0,B4,False,0.0,False
e9b93940a605,22.0,2009,EXACT,22.0,2009,22.0,2009,1,11.0,B3,False,0.0,False
2a4ddd4fc399,30.0,2006,EXACT,30.0,2006,30.0,2006,1,7.0,B4,False,0.0,False
ff4ddcb6fafc,22.0,2011,EXACT,22.0,2011,22.0,2011,1,8.0,B3,False,0.0,False
7204713e8ddb,36.0,2013,EXACT,36.0,2013,36.0,2013,1,5.0,B4,False,0.0,False
724dbd8a9eff,33.0,2013,EXACT,33.0,2013,33.0,2013,1,6.0,B4,False,0.0,False
a3d352dc1939,15.0,2011,EXACT,15.0,2011,15.0,2011,1,7.0,B2,False,0.0,False
47e399d26c42,24.0,2008,EXACT,24.0,2008,24.0,2008,1,6.0,B3,False,0.0,False
90a6b7a58f7b,36.0,2012,EXACT,36.0,2012,36.0,2012,1,7.0,B4,False,0.0,False
1a60702608f0,30.0,2010,EXACT,30.0,2010,30.0,2010,1,6.0,B4,False,0.0,False
e7d5d50837c0,31.0,2009,EXACT,31.0,2009,31.0,2009,1,7.0,B4,False,0.0,False
c20c0afe26dd,25.0,2012,EXACT,25.0,2012,25.0,2012,1,6.0,B3,False,0.0,False
c5b1efcff2f7,20.0,2009,EXACT,20.0,2009,20.0,2009,1,6.0,B3,False,0.0,False
f68c2de8d157,19.0,2006,EXACT,19.0,2006,19.0,2006,1,7.0,B2,False,0.0,False
3119b97c586f,16.0,2009,EXACT,16.0,2009,16.0,2009,1,8.0,B2,False,0.0,False
020191bf7740,11.0,2008,EXACT,11.0,2008,11.0,2008,1,7.0,B2,False,0.0,False
e5de81b41b90,2.0,2006,EXACT,2.0,2006,2.0,2006,1,7.0,B1,False,0.0,False
c2f17fea7b79,10.0,2010,EXACT,10.0,2010,10.0,2010,1,6.0,B2,False,0.0,False
fd08a9380aed,37.0,2008,EXACT,37.0,2008,37.0,2008,1,9.0,B4,False,0.0,False
aaae1c6a7d29,19.0,2012,EXACT,19.0,2012,19.0,2012,1,7.0,B2,False,0.0,False
e45909e7413c,35.0,2014,EXACT,35.0,2014,35.0,2014,1,8.0,B4,False,0.0,False
8800e87ecc9d,3.0,2013,EXACT,3.0,2013,3.0,2013,1,7.0,B1,False,0.0,False
0c77bc30fafd,19.0,2006,EXACT,19.0,2006,19.0,2006,1,7.0,B2,False,0.0,False
f5ab86fbdb75,28.0,2007,EXACT,28.0,2007,28.0,2007,1,6.0,B3,False,0.0,False
832266059214,31.0,2008,EXACT,31.0,2008,31.0,2008,1,6.0,B4,False,0.0,False
25147f54eed7,20.0,2010,EXACT,20.0,2010,20.0,2010,1,6.0,B3,False,0.0,False
8f149ffa66f8,38.0,2010,EXACT,38.0,2010,38.0,2010,1,9.0,B4,False,0.0,False
83ca2d414870,33.0,2011,EXACT,33.0,2011,33.0,2011,1,7.0,B4,False,0.0,False
cafe8199e942,23.0,2014,EXACT,23.0,2014,23.0,2014,1,5.0,B3,False,0.0,False
e73aa3f9f882,36.0,2010,EXACT,36.0,2010,36.0,2010,1,7.0,B4,False,0.0,False
c06a066aae4e,28.0,2006,EXACT,28.0,2006,28.0,2006,1,6.0,B3,False,0.0,False
279b6f2086a2,34.0,2010,EXACT,34.0,2010,34.0,2010,1,9.0,B4,False,0.0,False
2ebfe59f0f7a,14.0,2007,DETERMINISTIC_APPNO,14.0,2007,14.0,2007,1,,B2,False,0.0,False
11f471b9d0f9,37.0,2010,MANUAL_APPNO_MATCH,37.0,2010,37.0,2010,1,,B4,False,0.0,False
d3a52191af4b,11.0,2012,EXACT,11.0,2012,11.0,2012,1,7.0,B2,False,0.0,False
52d722bdef33,27.0,2014,EXACT,27.0,2014,27.0,2014,1,5.0,B3,False,0.0,False
df114567aaab,7.0,2008,EXACT,7.0,2008,7.0,2008,1,9.0,B1,False,0.0,False
517af0234727,2.0,2014,EXACT,2.0,2014,2.0,2014,1,8.0,B1,False,0.0,False
a4763b58ed84,4.0,2009,EXACT,4.0,2009,4.0,2009,1,6.0,B1,False,0.0,False
657e1b5c411d,17.0,2008,EXACT,17.0,2008,17.0,2008,1,7.0,B2,False,0.0,False
8ce12d40798c,39.0,2008,EXACT,39.0,2008,39.0,2008,1,5.0,B4,False,0.0,False
3c32dab584f1,14.0,2010,EXACT,14.0,2010,14.0,2010,1,5.0,B2,False,0.0,False
0259da67cb6f,36.0,2006,EXACT,36.0,2006,36.0,2006,1,6.0,B4,False,0.0,False
7b7b18383d84,37.0,2011,EXACT,37.0,2011,37.0,2011,1,8.0,B4,False,0.0,False
263993370120,13.0,2014,EXACT,13.0,2014,13.0,2014,1,7.0,B2,False,0.0,False
f0e486af9504,26.0,2007,EXACT,26.0,2007,26.0,2007,1,6.0,B3,False,0.0,False
78b3927f655d,18.0,2007,EXACT,18.0,2007,18.0,2007,1,6.0,B2,False,0.0,False
b8a6e447a37d,36.0,2013,MANUAL_APPNO_MATCH,36.0,2013,36.0,2013,1,,B4,False,0.0,False
8e1b24d01eb7,25.0,2008,EXACT,25.0,2008,25.0,2008,1,6.0,B3,False,0.0,False
af43f25fcbfd,9.0,2006,EXACT,9.0,2006,9.0,2006,1,9.0,B1,False,0.0,False
869a81476562,28.0,2009,EXACT,28.0,2009,28.0,2009,1,5.0,B3,False,0.0,False
8ab7d4a719a0,32.0,2007,EXACT,32.0,2007,32.0,2007,1,6.0,B4,False,0.0,False
8ca69e591e82,27.0,2012,EXACT,27.0,2012,27.0,2012,1,8.0,B3,False,0.0,False
9beefdcf23e7,26.0,2007,EXACT,26.0,2007,26.0,2007,1,5.0,B3,False,0.0,False
965fd47eed52,22.0,2008,EXACT,22.0,2008,22.0,2008,1,7.0,B3,False,0.0,False
65616ab2069f,30.0,2011,EXACT,30.0,2011,30.0,2011,1,7.0,B4,False,0.0,False
54aac229af98,7.0,2009,EXACT,7.0,2009,7.0,2009,1,6.0,B1,False,0.0,False
99df7fd35216,13.0,2010,EXACT,13.0,2010,13.0,2010,1,8.0,B2,False,0.0,False
78a737f6ce96,10.0,2007,EXACT,10.0,2007,10.0,2007,1,12.0,B2,False,0.0,False
49238ad6eb36,38.0,2010,EXACT,38.0,2010,38.0,2010,1,6.0,B4,False,0.0,False
009e51ca6dd5,25.0,2009,DETERMINISTIC_APPNO,25.0,2009,25.0,2009,1,,B3,False,0.0,False
76fdc34929a6,33.0,2009,EXACT,33.0,2009,33.0,2009,1,7.0,B4,False,0.0,False
af7e5e3b8f1a,10.0,2006,EXACT,10.0,2006,10.0,2006,1,8.0,B2,False,0.0,False
29c03e5c228c,26.0,2009,EXACT,26.0,2009,26.0,2009,1,7.0,B3,False,0.0,False
1d0bd0805cc9,17.0,2011,EXACT,17.0,2011,17.0,2011,1,6.0,B2,False,0.0,False
1185a30c5ef8,38.0,2009,EXACT,38.0,2009,38.0,2009,1,5.0,B4,False,0.0,False
87a57b850422,9.0,2014,EXACT,9.0,2014,9.0,2014,1,6.0,B1,False,0.0,False
52acb016192c,30.0,2009,EXACT,30.0,2009,30.0,2009,1,8.0,B4,False,0.0,False
7669d798b6a0,36.0,2012,EXACT,36.0,2012,36.0,2012,1,6.0,B4,False,0.0,False
5d4162a608d6,23.0,2007,EXACT,23.0,2007,23.0,2007,1,8.0,B3,False,0.0,False
a07df31b0470,38.0,2012,EXACT,38.0,2012,38.0,2012,1,6.0,B4,False,0.0,False
dd71aef7ab1d,32.0,2008,EXACT,32.0,2008,32.0,2008,1,8.0,B4,False,0.0,False
97f2b3674366,25.0,2009,EXACT,25.0,2009,25.0,2009,1,6.0,B3,False,0.0,False
4377f19f3ada,32.0,2012,EXACT,32.0,2012,32.0,2012,1,6.0,B4,False,0.0,False
78ecfc1e8143,4.0,2007,EXACT,4.0,2007,4.0,2007,1,6.0,B1,False,0.0,False
6f1a8837be32,27.0,2008,EXACT,27.0,2008,27.0,2008,1,6.0,B3,False,0.0,False
ca02a3b941f5,32.0,2010,EXACT,32.0,2010,32.0,2010,1,6.0,B4,False,0.0,False
fb5775cb6d14,25.0,2011,EXACT,25.0,2011,25.0,2011,1,6.0,B3,False,0.0,False
e5a16e5e94b4,32.0,2014,EXACT,32.0,2014,32.0,2014,1,6.0,B4,False,0.0,False
375c7be41f07,34.0,2006,EXACT,34.0,2006,34.0,2006,1,8.0,B4,False,0.0,False
fe57436268a8,7.0,2008,EXACT,7.0,2008,7.0,2008,1,13.0,B1,False,0.0,False
224241cb3f63,2.0,2011,EXACT,2.0,2011,2.0,2011,1,6.0,B1,False,0.0,False
757d4bfcdd8c,34.0,2011,EXACT,34.0,2011,34.0,2011,1,8.0,B4,False,0.0,False
c80b8164ad88,35.0,2011,EXACT,35.0,2011,35.0,2011,1,7.0,B4,False,0.0,False
e18d814dbd3a,26.0,2013,MANUAL_APPNO_MATCH,26.0,2013,26.0,2013,1,,B3,False,0.0,False
492a60f52cb7,36.0,2006,EXACT,36.0,2006,36.0,2006,1,6.0,B4,False,0.0,False
ffd3778eb966,21.0,2008,EXACT,21.0,2008,21.0,2008,1,10.0,B3,False,0.0,False
04f91b797e3f,36.0,2014,MANUAL_APPNO_MATCH,36.0,2014,36.0,2014,2,,B4,False,0.0,False
21315befecbf,19.0,2010,EXACT,19.0,2010,19.0,2010,1,7.0,B2,False,0.0,False
54fe08c05b11,6.0,2013,EXACT,6.0,2013,6.0,2013,1,6.0,B1,False,0.0,False
7da3e27a6f2a,38.0,2008,EXACT,38.0,2008,38.0,2008,1,8.0,B4,False,0.0,False
4e9284f561cb,24.0,2006,EXACT,24.0,2006,24.0,2006,1,7.0,B3,False,0.0,False
e319ab65f5a5,38.0,2012,EXACT,38.0,2012,38.0,2012,1,7.0,B4,False,0.0,False
be2cc2b2a0e9,37.0,2011,EXACT,37.0,2011,37.0,2011,1,7.0,B4,False,0.0,False
302fe11ccbd1,9.0,2012,EXACT,9.0,2012,9.0,2012,1,6.0,B1,False,0.0,False
0d6b53d54576,29.0,2007,EXACT,29.0,2007,29.0,2007,1,7.0,B3,False,0.0,False
8a46c147a52a,38.0,2012,EXACT,38.0,2012,38.0,2012,1,8.0,B4,False,0.0,False
2d810b677fd1,19.0,2009,EXACT,19.0,2009,19.0,2009,1,6.0,B2,False,0.0,False
fcd93ccc1fd1,8.0,2006,EXACT,8.0,2006,8.0,2006,1,12.0,B1,False,0.0,False
3e22c32f4d47,32.0,2009,EXACT,32.0,2009,32.0,2009,1,7.0,B4,False,0.0,False
7c9b1c4eebe2,12.0,2010,MANUAL_APPNO_MATCH,12.0,2010,12.0,2010,1,,B2,False,0.0,False
0917e655fca1,19.0,2013,EXACT,19.0,2013,19.0,2013,1,7.0,B2,False,0.0,False
58525b7aa67c,16.0,2009,EXACT,16.0,2009,16.0,2009,1,5.0,B2,False,0.0,False
45f0428ffa1b,33.0,2012,EXACT,33.0,2012,33.0,2012,1,6.0,B4,False,0.0,False
a75ffc5fcd37,32.0,2010,EXACT,32.0,2010,32.0,2010,1,6.0,B4,False,0.0,False
dc904e61a21c,17.0,2009,EXACT,17.0,2009,17.0,2009,1,6.0,B2,False,0.0,False
46dde5264802,32.0,2014,EXACT,32.0,2014,32.0,2014,1,8.0,B4,False,0.0,False
d46039fa0bd3,29.0,2006,EXACT,29.0,2006,29.0,2006,1,6.0,B3,False,0.0,False
f87fdb3c8321,34.0,2008,MANUAL_APPNO_MATCH,34.0,2008,34.0,2008,1,,B4,False,0.0,False
538ac2f4d88a,36.0,2013,EXACT,36.0,2013,36.0,2013,1,6.0,B4,False,0.0,False
08d95882ca6c,38.0,2008,EXACT,38.0,2008,38.0,2008,1,6.0,B4,False,0.0,False
3bda7e32ff7b,27.0,2010,MANUAL_APPNO_MATCH,27.0,2010,27.0,2010,1,,B3,False,0.0,False
6a49a6a072c3,36.0,2012,EXACT,36.0,2012,36.0,2012,1,6.0,B4,False,0.0,False
24303a0306a5,34.0,2009,EXACT,34.0,2009,34.0,2009,1,6.0,B4,False,0.0,False
996ee6be45c4,26.0,2012,EXACT,26.0,2012,26.0,2012,1,6.0,B3,False,0.0,False
86df52f57d88,9.0,2012,EXACT,9.0,2012,9.0,2012,1,6.0,B1,False,0.0,False
58e5f9fa120b,36.0,2008,EXACT,36.0,2008,36.0,2008,1,6.0,B4,False,0.0,False
54ae5b12eb17,36.0,2009,EXACT,36.0,2009,36.0,2009,1,6.0,B4,False,0.0,False
d2955b231154,8.0,2009,EXACT,8.0,2009,8.0,2009,1,9.0,B1,False,0.0,False
6426aef3eefb,11.0,2008,EXACT,11.0,2008,11.0,2008,1,9.0,B2,False,0.0,False
81031c77604e,38.0,2014,EXACT,38.0,2014,38.0,2014,1,5.0,B4,False,0.0,False
943f6ac9cf2b,27.0,2008,EXACT,27.0,2008,27.0,2008,1,7.0,B3,False,0.0,False
092c3926301c,33.0,2011,EXACT,33.0,2011,33.0,2011,1,8.0,B4,False,0.0,False
d79ec19b2ff9,17.0,2010,EXACT,17.0,2010,17.0,2010,1,7.0,B2,False,0.0,False
19efa77c957d,3.0,2013,DETERMINISTIC_APPNO,3.0,2013,3.0,2013,1,,B1,False,0.0,False
8ab586c7ab85,35.0,2008,EXACT,35.0,2008,35.0,2008,1,6.0,B4,False,0.0,False
cb12d590ef46,7.0,2009,EXACT,7.0,2009,7.0,2009,1,8.0,B1,False,0.0,False
ac8597f0c69e,27.0,2012,MANUAL_APPNO_MATCH,27.0,2012,27.0,2012,1,,B3,False,0.0,False
3acc6c111650,19.0,2007,EXACT,19.0,2007,19.0,2007,1,6.0,B2,False,0.0,False
79bafb8482a8,4.0,2013,EXACT,4.0,2013,4.0,2013,1,6.0,B1,False,0.0,False
98d504e8f69c,20.0,2014,MANUAL_APPNO_MATCH,20.0,2014,20.0,2014,1,,B3,False,0.0,False
b2e653483ff7,8.0,2009,EXACT,8.0,2009,8.0,2009,1,8.0,B1,False,0.0,False
ad9d2ac26fb3,25.0,2008,EXACT,25.0,2008,25.0,2008,1,9.0,B3,False,0.0,False
77abbb4183fe,7.0,2011,EXACT,7.0,2011,7.0,2011,1,8.0,B1,False,0.0,False
c2f642f9c5e8,26.0,2006,EXACT,26.0,2006,26.0,2006,1,7.0,B3,False,0.0,False
032f02dc20f9,27.0,2009,EXACT,27.0,2009,27.0,2009,1,6.0,B3,False,0.0,False
d33aa74d11ab,28.0,2007,EXACT,28.0,2007,28.0,2007,1,7.0,B3,False,0.0,False
e996927be8a6,34.0,2006,EXACT,34.0,2006,34.0,2006,1,7.0,B4,False,0.0,False
f069fd78c557,20.0,2012,EXACT,20.0,2012,20.0,2012,1,6.0,B3,False,0.0,False
72460891f3cd,13.0,2007,EXACT,13.0,2007,13.0,2007,1,8.0,B2,False,0.0,False
e78e20b50e8d,6.0,2009,EXACT,6.0,2009,6.0,2009,1,6.0,B1,False,0.0,False
1df3986fb095,31.0,2009,EXACT,31.0,2009,31.0,2009,1,6.0,B4,False,0.0,False
19dc1fdf525c,32.0,2007,MANUAL_APPNO_MATCH,32.0,2007,32.0,2007,1,,B4,False,0.0,False
732733177f69,26.0,2009,MANUAL_APPNO_MATCH,26.0,2009,26.0,2009,1,,B3,False,0.0,False
8eab564e6317,30.0,2013,EXACT,30.0,2013,30.0,2013,1,7.0,B4,False,0.0,False
88422d32502b,9.0,2009,EXACT,9.0,2009,9.0,2009,1,6.0,B1,False,0.0,False
2edb34b3417c,27.0,2006,EXACT,27.0,2006,27.0,2006,1,8.0,B3,False,0.0,False
f824c2d790d8,35.0,2013,EXACT,35.0,2013,35.0,2013,1,6.0,B4,False,0.0,False
f1f1f86fd729,20.0,2006,EXACT,20.0,2006,20.0,2006,1,6.0,B3,False,0.0,False
65c65185b377,38.0,2012,EXACT,38.0,2012,38.0,2012,1,7.0,B4,False,0.0,False
d4e66199e7c6,25.0,2012,MANUAL_APPNO_MATCH,25.0,2012,25.0,2012,1,,B3,False,0.0,False
a390a7bd3d36,11.0,2008,EXACT,11.0,2008,11.0,2008,1,6.0,B2,False,0.0,False
06e4c8a41bd6,33.0,2009,EXACT,33.0,2009,33.0,2009,1,6.0,B4,False,0.0,False
bcc4813e4cdd,35.0,2008,EXACT,35.0,2008,35.0,2008,1,6.0,B4,False,0.0,False
1a0f0e7c6443,34.0,2010,EXACT,34.0,2010,34.0,2010,1,8.0,B4,False,0.0,False
f59677191971,29.0,2014,EXACT,29.0,2014,29.0,2014,1,7.0,B3,False,0.0,False
c4f86c4165b7,24.0,2009,EXACT,24.0,2009,24.0,2009,1,5.0,B3,False,0.0,False
45b76eb31c3e,33.0,2012,EXACT,33.0,2012,33.0,2012,1,7.0,B4,False,0.0,False
afbac4cd663f,28.0,2009,EXACT,28.0,2009,28.0,2009,1,6.0,B3,False,0.0,False
3d8731867336,32.0,2009,MANUAL_APPNO_MATCH,32.0,2009,32.0,2009,1,,B4,False,0.0,False
1d054af1b6e1,28.0,2012,EXACT,28.0,2012,28.0,2012,1,5.0,B3,False,0.0,False
71311bf6bcb0,6.0,2010,MANUAL_APPNO_MATCH,6.0,2010,6.0,2010,1,,B1,False,0.0,False
07657b946104,37.0,2011,EXACT,37.0,2011,37.0,2011,1,5.0,B4,False,0.0,False
ee8452f8fff6,26.0,2006,EXACT,26.0,2006,26.0,2006,1,7.0,B3,False,0.0,False
dca6d5d83ab1,26.0,2009,EXACT,26.0,2009,26.0,2009,1,6.0,B3,False,0.0,False
9fd142035809,30.0,2010,EXACT,30.0,2010,30.0,2010,1,6.0,B4,False,0.0,False
f12ed2a9cbc0,26.0,2009,EXACT,26.0,2009,26.0,2009,1,5.0,B3,False,0.0,False
7d8e04d7e60e,34.0,2010,EXACT,34.0,2010,34.0,2010,1,6.0,B4,False,0.0,False
4c41f9cb930a,30.0,2013,MANUAL_APPNO_MATCH,30.0,2013,30.0,2013,2,,B4,False,0.0,False
387524d50c20,7.0,2011,MANUAL_APPNO_MATCH,7.0,2011,7.0,2011,1,,B1,False,0.0,False
62911e65208c,12.0,2013,EXACT,12.0,2013,12.0,2013,1,8.0,B2,False,0.0,False
d04a97c764ba,32.0,2011,EXACT,32.0,2011,32.0,2011,1,7.0,B4,False,0.0,False
b00ce27ccd60,32.0,2014,EXACT,32.0,2014,32.0,2014,1,5.0,B4,False,0.0,False
21fdf0001ddf,21.0,2008,EXACT,21.0,2008,21.0,2008,1,11.0,B3,False,0.0,False
9fdf7376ca19,34.0,2009,EXACT,34.0,2009,34.0,2009,1,7.0,B4,False,0.0,False
ec0c775dc61b,15.0,2006,EXACT,15.0,2006,15.0,2006,1,6.0,B2,False,0.0,False
11949890b4b6,29.0,2007,EXACT,29.0,2007,29.0,2007,1,6.0,B3,False,0.0,False
4dab24d60d3a,15.0,2009,EXACT,15.0,2009,15.0,2009,1,6.0,B2,False,0.0,False
409179ac9b77,17.0,2010,EXACT,17.0,2010,17.0,2010,1,6.0,B2,False,0.0,False
a9347cb17a9e,17.0,2006,EXACT,17.0,2006,17.0,2006,1,6.0,B2,False,0.0,False
75a582e3aae1,11.0,2006,EXACT,11.0,2006,11.0,2006,1,8.0,B2,False,0.0,False
ca94a9bcf78d,29.0,2006,EXACT,29.0,2006,29.0,2006,1,6.0,B3,False,0.0,False
305a36dc4817,22.0,2006,EXACT,22.0,2006,22.0,2006,1,5.0,B3,False,0.0,False
8633c1c138a7,27.0,2006,EXACT,27.0,2006,27.0,2006,1,6.0,B3,False,0.0,False
693efe1edded,34.0,2011,EXACT,34.0,2011,34.0,2011,1,5.0,B4,False,0.0,False
21124ba8ff95,26.0,2011,EXACT,26.0,2011,26.0,2011,1,7.0,B3,False,0.0,False
b96f4d62ee59,20.0,2013,EXACT,20.0,2013,20.0,2013,1,7.0,B3,False,0.0,False
4216b72a2648,33.0,2014,EXACT,33.0,2014,33.0,2014,1,7.0,B4,False,0.0,False
8beb2a92ad8e,35.0,2014,EXACT,35.0,2014,35.0,2014,1,7.0,B4,False,0.0,False
aec65950664a,30.0,2010,EXACT,30.0,2010,30.0,2010,1,9.0,B4,False,0.0,False
a49d033fb1f2,1.0,2009,EXACT,1.0,2009,1.0,2009,1,8.0,B1,False,0.0,False
baf3d1b746d0,13.0,2012,EXACT,13.0,2012,13.0,2012,1,6.0,B2,False,0.0,False
357e4d784c8a,38.0,2014,MANUAL_APPNO_MATCH,38.0,2014,38.0,2014,1,,B4,False,0.0,False
e3e245041219,28.0,2008,EXACT,28.0,2008,28.0,2008,1,6.0,B3,False,0.0,False
2d1e018f2c26,26.0,2011,EXACT,26.0,2011,26.0,2011,1,7.0,B3,False,0.0,False
a7ba2f4f2de0,17.0,2010,EXACT,17.0,2010,17.0,2010,1,10.0,B2,False,0.0,False
b7a646dbc212,33.0,2012,MANUAL_APPNO_MATCH,33.0,2012,33.0,2012,1,,B4,False,0.0,False
37c0276c2141,19.0,2010,EXACT,19.0,2010,19.0,2010,1,8.0,B2,False,0.0,False
3b891ba919f4,19.0,2007,EXACT,19.0,2007,19.0,2007,1,8.0,B2,False,0.0,False
b0002ac6f8e0,11.0,2009,EXACT,11.0,2009,11.0,2009,1,7.0,B2,False,0.0,False
6f22405d8d39,1.0,2010,EXACT,1.0,2010,1.0,2010,1,8.0,B1,False,0.0,False
3677855c8459,6.0,2012,EXACT,6.0,2012,6.0,2012,1,8.0,B1,False,0.0,False
39050f9486b1,27.0,2012,EXACT,27.0,2012,27.0,2012,1,6.0,B3,False,0.0,False
688dad032b5d,27.0,2009,EXACT,27.0,2009,27.0,2009,1,8.0,B3,False,0.0,False
942a95768297,7.0,2007,EXACT,7.0,2007,7.0,2007,1,12.0,B1,False,0.0,False
9c16d792d85c,34.0,2008,EXACT,34.0,2008,34.0,2008,1,6.0,B4,False,0.0,False
371541b0e26b,25.0,2009,EXACT,25.0,2009,25.0,2009,1,10.0,B3,False,0.0,False
1f4682c77a24,38.0,2012,EXACT,38.0,2012,38.0,2012,1,6.0,B4,False,0.0,False
2820ac873bdf,10.0,2009,EXACT,10.0,2009,10.0,2009,1,6.0,B2,False,0.0,False
f2f32991c713,23.0,2006,EXACT,23.0,2006,23.0,2006,1,6.0,B3,False,0.0,False
5e0d72a51d2a,37.0,2010,EXACT,37.0,2010,37.0,2010,1,6.0,B4,False,0.0,False
c258d057183f,16.0,2010,MANUAL_APPNO_MATCH,16.0,2010,16.0,2010,1,,B2,False,0.0,False
f75a64669b9a,36.0,2011,MANUAL_APPNO_MATCH,36.0,2011,36.0,2011,1,,B4,False,0.0,False
f4a08f4ce807,36.0,2008,EXACT,36.0,2008,36.0,2008,1,6.0,B4,False,0.0,False
02ee25cb571c,11.0,2007,EXACT,11.0,2007,11.0,2007,1,6.0,B2,False,0.0,False
32b8dcbd8633,14.0,2006,EXACT,14.0,2006,14.0,2006,1,7.0,B2,False,0.0,False
f7862dd1beec,37.0,2011,EXACT,37.0,2011,37.0,2011,1,5.0,B4,False,0.0,False
17c1f3abf8d5,3.0,2006,EXACT,3.0,2006,3.0,2006,1,12.0,B1,False,0.0,False
cf11fa6e5c85,19.0,2012,EXACT,19.0,2012,19.0,2012,1,6.0,B2,False,0.0,False
c86d103163f2,3.0,2012,EXACT,3.0,2012,3.0,2012,1,6.0,B1,False,0.0,False
7ab19557d487,19.0,2013,EXACT,19.0,2013,19.0,2013,1,6.0,B2,False,0.0,False
ee03283e44c7,32.0,2011,EXACT,32.0,2011,32.0,2011,1,7.0,B4,False,0.0,False
6c4e4b02437a,7.0,2012,EXACT,7.0,2012,7.0,2012,1,6.0,B1,False,0.0,False
90b605fa1db1,36.0,2009,EXACT,36.0,2009,36.0,2009,1,5.0,B4,False,0.0,False
2df635471aa0,5.0,2006,EXACT,5.0,2006,5.0,2006,1,11.0,B1,False,0.0,False
ef1c5a744c53,27.0,2013,EXACT,27.0,2013,27.0,2013,1,6.0,B3,False,0.0,False
87486ce532a9,26.0,2013,EXACT,26.0,2013,26.0,2013,1,6.0,B3,False,0.0,False
c3759894b93b,12.0,2007,EXACT,12.0,2007,12.0,2007,1,7.0,B2,False,0.0,False
5c0b2dd7605c,30.0,2008,EXACT,30.0,2008,30.0,2008,1,5.0,B4,False,0.0,False
94ffa145c5d9,35.0,2011,EXACT,35.0,2011,35.0,2011,1,6.0,B4,False,0.0,False
473ad924dbd9,16.0,2014,EXACT,16.0,2014,16.0,2014,1,5.0,B2,False,0.0,False
c4f087abbb12,33.0,2009,EXACT,33.0,2009,33.0,2009,1,5.0,B4,False,0.0,False
6d15fe984f45,12.0,2011,EXACT,12.0,2011,12.0,2011,1,6.0,B2,False,0.0,False
f55f387a0636,38.0,2010,MANUAL_APPNO_MATCH,38.0,2010,38.0,2010,1,,B4,False,0.0,False
dbc293325765,9.0,2008,EXACT,9.0,2008,9.0,2008,1,6.0,B1,False,0.0,False
4df770fd3d35,21.0,2010,EXACT,21.0,2010,21.0,2010,1,6.0,B3,False,0.0,False
3f9a7c15347b,25.0,2009,MANUAL_APPNO_MATCH,25.0,2009,25.0,2009,2,,B3,False,0.0,False
3db652041db0,19.0,2011,EXACT,19.0,2011,19.0,2011,1,9.0,B2,False,0.0,False
ec10203701b2,33.0,2008,EXACT,33.0,2008,33.0,2008,1,9.0,B4,False,0.0,False
de0e6ff7f630,9.0,2009,EXACT,9.0,2009,9.0,2009,1,7.0,B1,False,0.0,False
e7a322700eee,22.0,2011,EXACT,22.0,2011,22.0,2011,1,8.0,B3,False,0.0,False
39b06e8ff5f7,14.0,2013,EXACT,14.0,2013,14.0,2013,1,8.0,B2,False,0.0,False
e3d1a9ea3b5f,27.0,2012,EXACT,27.0,2012,27.0,2012,1,6.0,B3,False,0.0,False
48cc869cc198,19.0,2009,MANUAL_APPNO_MATCH,19.0,2009,19.0,2009,1,,B2,False,0.0,False
910717556d40,39.0,2012,EXACT,39.0,2012,39.0,2012,1,6.0,B4,False,0.0,False
4511acb3f647,11.0,2010,EXACT,11.0,2010,11.0,2010,1,6.0,B2,False,0.0,False
dc27df09d5fa,13.0,2008,EXACT,13.0,2008,13.0,2008,1,6.0,B2,False,0.0,False
c4e4b8fce9e5,34.0,2008,EXACT,34.0,2008,34.0,2008,1,6.0,B4,False,0.0,False
a9edf1e90db8,24.0,2007,EXACT,24.0,2007,24.0,2007,1,7.0,B3,False,0.0,False
c6acbaae267b,12.0,2011,EXACT,12.0,2011,12.0,2011,1,6.0,B2,False,0.0,False
bb732ba42328,39.0,2012,EXACT,39.0,2012,39.0,2012,1,6.0,B4,False,0.0,False
48eac9eab02d,4.0,2010,EXACT,4.0,2010,4.0,2010,1,6.0,B1,False,0.0,False
ad076c459d16,24.0,2007,EXACT,24.0,2007,24.0,2007,1,6.0,B3,False,0.0,False
f0d8cbcb377c,34.0,2010,EXACT,34.0,2010,34.0,2010,1,6.0,B4,False,0.0,False
85db3b66a529,39.0,2013,EXACT,39.0,2013,39.0,2013,1,7.0,B4,False,0.0,False
0115b9779fcd,20.0,2009,EXACT,20.0,2009,20.0,2009,1,7.0,B3,False,0.0,False
d755d2a8fedf,33.0,2013,DETERMINISTIC_APPNO,33.0,2013,33.0,2013,1,,B4,False,0.0,False
1796acf60cd7,33.0,2008,EXACT,33.0,2008,33.0,2008,1,7.0,B4,False,0.0,False
8991a24c64fa,31.0,2008,EXACT,31.0,2008,31.0,2008,1,10.0,B4,False,0.0,False
20682a790baa,16.0,2009,EXACT,16.0,2009,16.0,2009,1,7.0,B2,False,0.0,False
97d384ec6667,20.0,2009,EXACT,20.0,2009,20.0,2009,1,5.0,B3,False,0.0,False
96fbeba92028,26.0,2014,EXACT,26.0,2014,26.0,2014,1,6.0,B3,False,0.0,False
cc01bdc87ee9,37.0,2007,EXACT,37.0,2007,37.0,2007,1,7.0,B4,False,0.0,False
8368de4a1016,11.0,2006,EXACT,11.0,2006,11.0,2006,1,6.0,B2,False,0.0,False
88704f06d116,33.0,2012,EXACT,33.0,2012,33.0,2012,1,7.0,B4,False,0.0,False
5e8919174abe,26.0,2011,EXACT,26.0,2011,26.0,2011,1,8.0,B3,False,0.0,False
e40922f4cfe5,18.0,2009,EXACT,18.0,2009,18.0,2009,1,6.0,B2,False,0.0,False
d7eed14bbbd3,34.0,2009,MANUAL_APPNO_MATCH,34.0,2009,34.0,2009,1,,B4,False,0.0,False
f704d3ca3fa6,31.0,2008,EXACT,31.0,2008,31.0,2008,1,9.0,B4,False,0.0,False
9b0bc277c877,14.0,2008,EXACT,14.0,2008,14.0,2008,1,6.0,B2,False,0.0,False
79ab42f02a84,24.0,2008,EXACT,24.0,2008,24.0,2008,1,6.0,B3,False,0.0,False
2203a13a65cc,37.0,2009,EXACT,37.0,2009,37.0,2009,1,6.0,B4,False,0.0,False
2d70309d5d4d,31.0,2010,EXACT,31.0,2010,31.0,2010,1,6.0,B4,False,0.0,False
ea5cf502b64c,10.0,2010,EXACT,10.0,2010,10.0,2010,1,8.0,B2,False,0.0,False
22734bb951fd,28.0,2006,EXACT,28.0,2006,28.0,2006,1,6.0,B3,False,0.0,False
6b1a9386867d,16.0,2008,EXACT,16.0,2008,16.0,2008,1,10.0,B2,False,0.0,False
05de5e172ff2,11.0,2009,EXACT,11.0,2009,11.0,2009,1,8.0,B2,False,0.0,False
e33383119412,9.0,2014,MANUAL_APPNO_MATCH,9.0,2014,9.0,2014,1,,B1,False,0.0,False
dac2176eba12,16.0,2009,EXACT,16.0,2009,16.0,2009,1,5.0,B2,False,0.0,False
61502ce1f982,36.0,2013,EXACT,36.0,2013,36.0,2013,1,8.0,B4,False,0.0,False
1540d621ac12,39.0,2014,EXACT,39.0,2014,39.0,2014,1,6.0,B4,False,0.0,False
b158bb79f1fd,23.0,2011,EXACT,23.0,2011,23.0,2011,1,8.0,B3,False,0.0,False
c833c319575d,32.0,2008,EXACT,32.0,2008,32.0,2008,1,6.0,B4,False,0.0,False
7a5ee2cf4519,26.0,2009,EXACT,26.0,2009,26.0,2009,1,9.0,B3,False,0.0,False
be9c4eac3990,32.0,2013,MANUAL_APPNO_MATCH,32.0,2013,32.0,2013,3,,B4,False,0.0,False
a648895c1f86,21.0,2006,EXACT,21.0,2006,21.0,2006,1,6.0,B3,False,0.0,False
d3caaf54facc,2.0,2007,EXACT,2.0,2007,2.0,2007,1,8.0,B1,False,0.0,False
556756d020c4,36.0,2014,EXACT,36.0,2014,36.0,2014,1,6.0,B4,False,0.0,False
a82bf80577e4,38.0,2011,EXACT,38.0,2011,38.0,2011,1,8.0,B4,False,0.0,False
41c7a717e497,28.0,2009,EXACT,28.0,2009,28.0,2009,1,7.0,B3,False,0.0,False
5b7874688bf0,1.0,2014,MANUAL_APPNO_MATCH,1.0,2013,1.0,2014,3,,B1,False,0.0,False
c5832e7f09d3,39.0,2011,EXACT,39.0,2011,39.0,2011,1,7.0,B4,False,0.0,False
bd4fc134c346,12.0,2009,EXACT,12.0,2009,12.0,2009,1,5.0,B2,False,0.0,False
5761505bbae6,24.0,2008,MANUAL_APPNO_MATCH,24.0,2008,22.0,2008,2,,B3,False,0.0,False
8110b7694a68,11.0,2010,EXACT,11.0,2010,11.0,2010,1,9.0,B2,False,0.0,False
c79f3b018b10,1.0,2012,EXACT,1.0,2012,1.0,2012,1,6.0,B1,False,0.0,False
17d8ea4397a7,35.0,2009,EXACT,35.0,2009,35.0,2009,1,7.0,B4,False,0.0,False
1b9db3284380,27.0,2012,EXACT,27.0,2012,27.0,2012,1,7.0,B3,False,0.0,False
2a2974d12c60,14.0,2007,EXACT,14.0,2007,14.0,2007,1,8.0,B2,False,0.0,False
b0e20ba7668f,3.0,2007,EXACT,3.0,2007,3.0,2007,1,10.0,B1,False,0.0,False
4bcd94c8301f,28.0,2006,MANUAL_APPNO_MATCH,28.0,2006,28.0,2006,1,,B3,False,0.0,False
79a7b00339b3,27.0,2006,EXACT,27.0,2006,27.0,2006,1,7.0,B3,False,0.0,False
72833ccfe0ba,13.0,2010,MANUAL_APPNO_MATCH,18.0,2009,13.0,2010,2,,B2,True,5.0,False
e74acf706ade,9.0,2010,EXACT,9.0,2010,9.0,2010,1,5.0,B1,False,0.0,False
d2dd18c632f1,7.0,2006,EXACT,7.0,2006,7.0,2006,1,13.0,B1,False,0.0,False
b51ce287c6d9,22.0,2006,EXACT,22.0,2006,22.0,2006,1,7.0,B3,False,0.0,False
a0cba1ca2138,25.0,2010,EXACT,25.0,2010,25.0,2010,1,7.0,B3,False,0.0,False
55a3bf758521,9.0,2009,MANUAL_APPNO_MATCH,9.0,2009,9.0,2009,1,,B1,False,0.0,False
d94917d41c32,22.0,2008,EXACT,22.0,2008,22.0,2008,1,6.0,B3,False,0.0,False
2adb9d1dd398,22.0,2007,MANUAL_APPNO_MATCH,22.0,2007,22.0,2007,1,,B3,False,0.0,False
788aa3ffd9e8,31.0,2008,MANUAL_APPNO_MATCH,32.0,2007,31.0,2008,2,,B4,True,1.0,False
f7cf965f4bc2,17.0,2008,EXACT,17.0,2008,17.0,2008,1,10.0,B2,False,0.0,False
f7166b63772e,26.0,2006,EXACT,26.0,2006,26.0,2006,1,7.0,B3,False,0.0,False
c88cac9806af,37.0,2010,EXACT,37.0,2010,37.0,2010,1,6.0,B4,False,0.0,False
e7d5d2a8871d,25.0,2008,EXACT,25.0,2008,25.0,2008,1,8.0,B3,False,0.0,False
f217c5ad96c8,28.0,2012,EXACT,28.0,2012,28.0,2012,1,7.0,B3,False,0.0,False
40be0a32f875,38.0,2006,EXACT,38.0,2006,38.0,2006,1,7.0,B4,False,0.0,False
0fa493fb459b,6.0,2009,MANUAL_APPNO_MATCH,6.0,2009,6.0,2009,1,,B1,False,0.0,False
07d4348cc481,13.0,2006,EXACT,13.0,2006,13.0,2006,1,7.0,B2,False,0.0,False
2578ec74ba7b,9.0,2006,EXACT,9.0,2006,9.0,2006,1,9.0,B1,False,0.0,False
bbbffa78cefa,9.0,2008,EXACT,9.0,2008,9.0,2008,1,7.0,B1,False,0.0,False
828689db29fe,10.0,2009,EXACT,10.0,2009,10.0,2009,1,8.0,B2,False,0.0,False
4d6571c254de,5.0,2012,EXACT,5.0,2012,5.0,2012,1,7.0,B1,False,0.0,False
e5768dab082c,10.0,2012,EXACT,10.0,2012,10.0,2012,1,7.0,B2,False,0.0,False
10aba57f6c48,30.0,2014,EXACT,30.0,2014,30.0,2014,1,6.0,B4,False,0.0,False
67c4a2c9287e,3.0,2006,EXACT,3.0,2006,3.0,2006,1,7.0,B1,False,0.0,False
c8f1d9401388,12.0,2007,EXACT,12.0,2007,12.0,2007,1,7.0,B2,False,0.0,False
ca7f0238a295,31.0,2007,EXACT,31.0,2007,31.0,2007,1,6.0,B4,False,0.0,False
774a5da8babd,31.0,2010,EXACT,31.0,2010,31.0,2010,1,6.0,B4,False,0.0,False
f64959cf1513,31.0,2006,EXACT,31.0,2006,31.0,2006,1,10.0,B4,False,0.0,False
5fd640588ad7,23.0,2010,EXACT,23.0,2010,23.0,2010,1,7.0,B3,False,0.0,False
c7289005eb4b,30.0,2011,EXACT,30.0,2011,30.0,2011,1,7.0,B4,False,0.0,False
ab0271fd8c60,30.0,2012,EXACT,30.0,2012,30.0,2012,1,7.0,B4,False,0.0,False
a902c6f78917,37.0,2010,MANUAL_APPNO_MATCH,37.0,2010,37.0,2010,1,,B4,False,0.0,False
4bedab04d459,28.0,2006,EXACT,28.0,2006,28.0,2006,1,5.0,B3,False,0.0,False
2eddc60e6bf4,27.0,2006,EXACT,27.0,2006,27.0,2006,1,5.0,B3,False,0.0,False
d66ccaf5157a,15.0,2008,EXACT,15.0,2008,15.0,2008,1,7.0,B2,False,0.0,False
ecf56cd2322d,4.0,2012,EXACT,4.0,2012,4.0,2012,1,7.0,B1,False,0.0,False
0243e59e47cd,14.0,2007,EXACT,14.0,2007,14.0,2007,1,6.0,B2,False,0.0,False
1f7cd89f551f,9.0,2007,EXACT,9.0,2007,9.0,2007,1,6.0,B1,False,0.0,False
42923610bcde,34.0,2009,MANUAL_APPNO_MATCH,34.0,2009,34.0,2009,1,,B4,False,0.0,False
f98ae2288b6c,23.0,2011,EXACT,23.0,2011,23.0,2011,1,6.0,B3,False,0.0,False
111bbdf69f89,30.0,2013,EXACT,30.0,2013,30.0,2013,1,6.0,B4,False,0.0,False
65e2e56d5e97,28.0,2009,DETERMINISTIC_APPNO,28.0,2009,28.0,2009,1,,B3,False,0.0,False
b6c1e2467bb3,13.0,2007,EXACT,13.0,2007,13.0,2007,1,8.0,B2,False,0.0,False
9f90bbc21c68,21.0,2006,EXACT,21.0,2006,21.0,2006,1,8.0,B3,False,0.0,False
6d00d30edc8c,21.0,2013,EXACT,21.0,2013,21.0,2013,1,9.0,B3,False,0.0,False
4a6d33cc0a32,32.0,2009,EXACT,32.0,2009,32.0,2009,1,8.0,B4,False,0.0,False
de5c3a9d4ca0,17.0,2009,EXACT,17.0,2009,17.0,2009,1,5.0,B2,False,0.0,False
b6abef43f11d,22.0,2010,EXACT,22.0,2010,22.0,2010,1,5.0,B3,False,0.0,False
9eea3b158888,38.0,2012,MANUAL_APPNO_MATCH,38.0,2012,38.0,2012,1,,B4,False,0.0,False
a4b785d7ac41,17.0,2006,MANUAL_APPNO_MATCH,17.0,2006,17.0,2006,1,,B2,False,0.0,False
ccc2975fc5d2,36.0,2012,EXACT,36.0,2012,36.0,2012,1,5.0,B4,False,0.0,False
5dccc47613ff,17.0,2007,EXACT,17.0,2007,17.0,2007,1,10.0,B2,False,0.0,False
33c28f722ace,18.0,2014,EXACT,18.0,2014,18.0,2014,1,5.0,B2,False,0.0,False
a53aed381ee6,-1.0,2007,MANUAL_APPNO_MATCH,-1.0,2007,-1.0,2007,1,,B1,False,0.0,False
409d3007f9aa,22.0,2009,EXACT,22.0,2009,22.0,2009,1,6.0,B3,False,0.0,False
47fedd15d2e1,17.0,2007,EXACT,17.0,2007,17.0,2007,1,11.0,B2,False,0.0,False
0e3452a4e86d,19.0,2010,EXACT,19.0,2010,19.0,2010,1,5.0,B2,False,0.0,False
589ecb87b95b,30.0,2011,EXACT,30.0,2011,30.0,2011,1,7.0,B4,False,0.0,False
fc8c819f549b,33.0,2011,EXACT,33.0,2011,33.0,2011,1,5.0,B4,False,0.0,False
7ce5e9b5dd67,28.0,2010,EXACT,28.0,2010,28.0,2010,1,5.0,B3,False,0.0,False
1cd8db99ea1c,1.0,2008,EXACT,1.0,2008,1.0,2008,1,9.0,B1,False,0.0,False
1f9982d9ae59,15.0,2008,EXACT,15.0,2008,15.0,2008,1,6.0,B2,False,0.0,False
77d7cacbba22,23.0,2009,EXACT,23.0,2009,23.0,2009,1,8.0,B3,False,0.0,False
a6ea78264930,26.0,2012,EXACT,26.0,2012,26.0,2012,1,7.0,B3,False,0.0,False
d0c5f7efd075,5.0,2007,EXACT,5.0,2007,5.0,2007,1,8.0,B1,False,0.0,False
d05ec22b106c,22.0,2008,EXACT,22.0,2008,22.0,2008,1,6.0,B3,False,0.0,False
6c9298f7d94c,29.0,2012,EXACT,29.0,2012,29.0,2012,1,7.0,B3,False,0.0,False
034b271e663d,37.0,2010,EXACT,37.0,2010,37.0,2010,1,7.0,B4,False,0.0,False
e186351963cf,33.0,2008,EXACT,33.0,2008,33.0,2008,1,7.0,B4,False,0.0,False
e7fb74e4869e,8.0,2008,EXACT,8.0,2008,8.0,2008,1,7.0,B1,False,0.0,False
2ccdc532fe15,20.0,2011,MANUAL_APPNO_MATCH,20.0,2011,20.0,2011,1,,B3,False,0.0,False
cc904cda5cb1,23.0,2006,EXACT,23.0,2006,23.0,2006,1,7.0,B3,False,0.0,False
c04cfbb5fe8b,20.0,2012,EXACT,20.0,2012,20.0,2012,1,6.0,B3,False,0.0,False
098bc9cd656a,36.0,2008,EXACT,36.0,2008,36.0,2008,1,6.0,B4,False,0.0,False
3f4dbbbaf86f,33.0,2012,EXACT,33.0,2012,33.0,2012,1,7.0,B4,False,0.0,False
74c6411fe7f2,20.0,2009,EXACT,20.0,2009,20.0,2009,1,7.0,B3,False,0.0,False
fc9c7c394301,25.0,2007,EXACT,25.0,2007,25.0,2007,1,6.0,B3,False,0.0,False
a2285411941d,2.0,2010,EXACT,2.0,2010,2.0,2010,1,9.0,B1,False,0.0,False
eb8c088b6485,7.0,2011,EXACT,7.0,2011,7.0,2011,1,8.0,B1,False,0.0,False
62a952926ad9,33.0,2012,MANUAL_APPNO_MATCH,33.0,2012,33.0,2012,1,,B4,False,0.0,False
4e44715efed3,9.0,2012,EXACT,9.0,2012,9.0,2012,1,6.0,B1,False,0.0,False
51360eb8f95d,6.0,2010,EXACT,6.0,2010,6.0,2010,1,9.0,B1,False,0.0,False
f79dde7ed177,10.0,2014,EXACT,10.0,2014,10.0,2014,1,7.0,B2,False,0.0,False
9c627dcc0f79,13.0,2008,EXACT,13.0,2008,13.0,2008,1,5.0,B2,False,0.0,False
7278f5cd2e00,32.0,2010,EXACT,32.0,2010,32.0,2010,1,5.0,B4,False,0.0,False
9652c15b968e,35.0,2014,EXACT,35.0,2014,35.0,2014,1,7.0,B4,False,0.0,False
476fd546aa1a,37.0,2006,EXACT,37.0,2006,37.0,2006,1,6.0,B4,False,0.0,False
5181f3fb00a2,29.0,2010,MANUAL_APPNO_MATCH,29.0,2010,29.0,2010,1,,B3,False,0.0,False
31201c84e3f5,24.0,2007,EXACT,24.0,2007,24.0,2007,1,7.0,B3,False,0.0,False
2ff67a08d746,36.0,2010,EXACT,36.0,2010,36.0,2010,1,8.0,B4,False,0.0,False
3a77c29ec33d,32.0,2007,EXACT,32.0,2007,32.0,2007,1,8.0,B4,False,0.0,False
128d700162cb,30.0,2011,EXACT,30.0,2011,30.0,2011,1,7.0,B4,False,0.0,False
4603942c3f77,32.0,2010,EXACT,32.0,2010,32.0,2010,1,7.0,B4,False,0.0,False
3c7dca09ae77,21.0,2010,EXACT,21.0,2010,21.0,2010,1,8.0,B3,False,0.0,False
ee96431de095,13.0,2013,EXACT,13.0,2013,13.0,2013,1,6.0,B2,False,0.0,False
db70f5f62d3f,30.0,2009,EXACT,30.0,2009,30.0,2009,1,6.0,B4,False,0.0,False
627ec6c34461,38.0,2010,EXACT,38.0,2010,38.0,2010,1,8.0,B4,False,0.0,False
a89f46ca44fa,28.0,2012,EXACT,28.0,2012,28.0,2012,1,7.0,B3,False,0.0,False
1e74625087ee,26.0,2013,EXACT,26.0,2013,26.0,2013,1,8.0,B3,False,0.0,False
c73c7487d229,14.0,2014,EXACT,14.0,2014,14.0,2014,1,5.0,B2,False,0.0,False
3795e5c51d08,36.0,2013,EXACT,36.0,2013,36.0,2013,1,5.0,B4,False,0.0,False
6f328bc3bbc4,3.0,2014,EXACT,3.0,2014,3.0,2014,1,5.0,B1,False,0.0,False
18f13eecb153,32.0,2009,EXACT,32.0,2009,32.0,2009,1,6.0,B4,False,0.0,False
ed7c7ba2c1e1,28.0,2011,EXACT,28.0,2011,28.0,2011,1,7.0,B3,False,0.0,False
bc4d6f6a03ed,34.0,2009,EXACT,34.0,2009,34.0,2009,1,6.0,B4,False,0.0,False
5b7108053d99,36.0,2008,EXACT,36.0,2008,36.0,2008,1,6.0,B4,False,0.0,False
068d38c86721,8.0,2010,EXACT,8.0,2010,8.0,2010,1,9.0,B1,False,0.0,False
0af02e977176,39.0,2010,EXACT,39.0,2010,39.0,2010,1,5.0,B4,False,0.0,False
07a441944e19,26.0,2009,EXACT,26.0,2009,26.0,2009,1,8.0,B3,False,0.0,False
b4e9ed6f5f42,9.0,2007,EXACT,9.0,2007,9.0,2007,1,6.0,B1,False,0.0,False
c105f533a4f4,15.0,2009,EXACT,15.0,2009,15.0,2009,1,6.0,B2,False,0.0,False
4fe7d182d9a4,32.0,2009,EXACT,32.0,2009,32.0,2009,1,7.0,B4,False,0.0,False
a828e2cb033d,30.0,2006,EXACT,30.0,2006,30.0,2006,1,7.0,B4,False,0.0,False
6a1cd6d08ebb,28.0,2010,EXACT,28.0,2010,28.0,2010,1,7.0,B3,False,0.0,False
453df34886e2,34.0,2011,EXACT,34.0,2011,34.0,2011,1,5.0,B4,False,0.0,False
4c44ef456866,20.0,2012,EXACT,20.0,2012,20.0,2012,1,7.0,B3,False,0.0,False
559d54629bbc,38.0,2010,EXACT,38.0,2010,38.0,2010,1,7.0,B4,False,0.0,False
a33eff63a4ec,32.0,2009,EXACT,32.0,2009,32.0,2009,1,6.0,B4,False,0.0,False
1366a9e4cc56,34.0,2008,EXACT,34.0,2008,34.0,2008,1,6.0,B4,False,0.0,False
d2a8a7189dc2,6.0,2009,EXACT,6.0,2009,6.0,2009,1,6.0,B1,False,0.0,False
182f980b884a,16.0,2008,EXACT,16.0,2008,16.0,2008,1,7.0,B2,False,0.0,False
271d294d23d4,25.0,2006,EXACT,25.0,2006,25.0,2006,1,12.0,B3,False,0.0,False
56facc59673e,15.0,2011,EXACT,15.0,2011,15.0,2011,1,9.0,B2,False,0.0,False
8530bc43412f,38.0,2007,EXACT,38.0,2007,38.0,2007,1,7.0,B4,False,0.0,False
e9a0b46737c2,20.0,2009,EXACT,20.0,2009,20.0,2009,1,8.0,B3,False,0.0,False
bb3992ef1835,5.0,2014,EXACT,5.0,2014,5.0,2014,1,8.0,B1,False,0.0,False
c4f088e82f49,26.0,2010,EXACT,26.0,2010,26.0,2010,1,6.0,B3,False,0.0,False
781a9ac4ae42,8.0,2012,EXACT,8.0,2012,8.0,2012,1,7.0,B1,False,0.0,False
073c0bee0015,22.0,2011,EXACT,22.0,2011,22.0,2011,1,8.0,B3,False,0.0,False
ea4583b7f42e,21.0,2006,EXACT,21.0,2006,21.0,2006,1,6.0,B3,False,0.0,False
648d6f2d7626,9.0,2006,EXACT,9.0,2006,9.0,2006,1,9.0,B1,False,0.0,False
040d5698d803,27.0,2013,EXACT,27.0,2013,27.0,2013,1,6.0,B3,False,0.0,False
6dfa7bfb2be7,11.0,2006,EXACT,11.0,2006,11.0,2006,1,6.0,B2,False,0.0,False
83ed20605ddf,6.0,2006,EXACT,6.0,2006,6.0,2006,1,5.0,B1,False,0.0,False
635b8f55535e,19.0,2008,EXACT,19.0,2008,19.0,2008,1,6.0,B2,False,0.0,False
3d01e94d173a,13.0,2008,MANUAL_APPNO_MATCH,13.0,2008,13.0,2008,2,,B2,False,0.0,False
6cd2f7cb1d10,30.0,2014,EXACT,30.0,2014,30.0,2014,1,6.0,B4,False,0.0,False
2abddbb36050,33.0,2008,EXACT,33.0,2008,33.0,2008,1,5.0,B4,False,0.0,False
b9c5d8a03bd3,17.0,2007,EXACT,17.0,2007,17.0,2007,1,7.0,B2,False,0.0,False
fbe53412f0f4,37.0,2009,EXACT,37.0,2009,37.0,2009,1,6.0,B4,False,0.0,False
1e0086f99920,16.0,2010,MANUAL_APPNO_MATCH,52.0,2011,52.0,2011,2,,B2,True,36.0,False
7ca2247fb7ba,33.0,2014,EXACT,33.0,2014,33.0,2014,1,6.0,B4,False,0.0,False
ea848d446ac3,36.0,2009,EXACT,36.0,2009,36.0,2009,1,5.0,B4,False,0.0,False
bf87081363a0,16.0,2007,EXACT,16.0,2007,16.0,2007,1,6.0,B2,False,0.0,False
49bbfbdac08c,8.0,2007,MANUAL_APPNO_MATCH,8.0,2007,8.0,2007,1,,B1,False,0.0,False
6b50fc572d38,35.0,2006,EXACT,35.0,2006,35.0,2006,1,5.0,B4,False,0.0,False
faca4359be81,11.0,2008,EXACT,11.0,2008,11.0,2008,1,6.0,B2,False,0.0,False
b3c0d574d4d8,39.0,2006,EXACT,39.0,2006,39.0,2006,1,8.0,B4,False,0.0,False
0554e3dad1d8,28.0,2008,MANUAL_APPNO_MATCH,28.0,2008,28.0,2008,1,,B3,False,0.0,False
3a99f84f2a85,27.0,2006,EXACT,27.0,2006,27.0,2006,1,7.0,B3,False,0.0,False
82a749a16291,33.0,2007,MANUAL_APPNO_MATCH,33.0,2007,33.0,2007,1,,B4,False,0.0,False
313dec2d0bfc,12.0,2012,EXACT,12.0,2012,12.0,2012,1,7.0,B2,False,0.0,False
cecfa5781ce5,24.0,2011,EXACT,24.0,2011,24.0,2011,1,7.0,B3,False,0.0,False
3f753e177407,13.0,2012,EXACT,13.0,2012,13.0,2012,1,5.0,B2,False,0.0,False
bb6cbd9951fa,35.0,2014,EXACT,35.0,2014,35.0,2014,1,7.0,B4,False,0.0,False
668f7cd5a4d8,38.0,2011,EXACT,38.0,2011,38.0,2011,1,6.0,B4,False,0.0,False
215a817458ee,24.0,2007,MANUAL_APPNO_MATCH,24.0,2007,24.0,2007,1,,B3,False,0.0,False
096d166c338f,8.0,2009,EXACT,8.0,2009,8.0,2009,1,5.0,B1,False,0.0,False
5bfffb38c04b,9.0,2007,MANUAL_APPNO_MATCH,9.0,2007,9.0,2007,1,,B1,False,0.0,False
f8e936585dc9,4.0,2006,EXACT,4.0,2006,4.0,2006,1,7.0,B1,False,0.0,False
0ee2484c9901,34.0,2008,EXACT,34.0,2008,34.0,2008,1,10.0,B4,False,0.0,False
9d3210bebb2a,38.0,2013,EXACT,38.0,2013,38.0,2013,1,5.0,B4,False,0.0,False
15478a8845fe,29.0,2012,EXACT,29.0,2012,29.0,2012,1,8.0,B3,False,0.0,False
bfa4b9c83663,7.0,2007,EXACT,7.0,2007,7.0,2007,1,6.0,B1,False,0.0,False
a3fa0be5904f,32.0,2012,EXACT,32.0,2012,32.0,2012,1,6.0,B4,False,0.0,False
f00f2ba15d53,31.0,2011,EXACT,31.0,2011,31.0,2011,1,5.0,B4,False,0.0,False
f0080d32e8da,38.0,2011,EXACT,38.0,2011,38.0,2011,1,7.0,B4,False,0.0,False
8a1870393bd7,18.0,2012,EXACT,18.0,2012,18.0,2012,1,5.0,B2,False,0.0,False
0c358df5ec24,13.0,2006,EXACT,13.0,2006,13.0,2006,1,6.0,B2,False,0.0,False
b7bd0baa9b86,8.0,2008,EXACT,8.0,2008,8.0,2008,1,11.0,B1,False,0.0,False
583b69028582,20.0,2008,EXACT,20.0,2008,20.0,2008,1,6.0,B3,False,0.0,False
11ec3d2a90f7,26.0,2014,EXACT,26.0,2014,26.0,2014,1,5.0,B3,False,0.0,False
e75c3206fb76,24.0,2012,EXACT,24.0,2012,24.0,2012,1,6.0,B3,False,0.0,False
76e9eda94551,23.0,2007,MANUAL_APPNO_MATCH,23.0,2007,23.0,2007,1,,B3,False,0.0,False
023ba09255c5,31.0,2009,EXACT,31.0,2009,31.0,2009,1,6.0,B4,False,0.0,False
081553e2fead,37.0,2011,EXACT,37.0,2011,37.0,2011,1,5.0,B4,False,0.0,False
9139dad025b7,22.0,2007,EXACT,22.0,2007,22.0,2007,1,6.0,B3,False,0.0,False
1dfc9c84a913,18.0,2012,EXACT,18.0,2012,18.0,2012,1,10.0,B2,False,0.0,False
f4f359f129b0,24.0,2009,EXACT,24.0,2009,24.0,2009,1,11.0,B3,False,0.0,False
0fb4a004d28d,37.0,2007,MANUAL_APPNO_MATCH,37.0,2007,37.0,2007,1,,B4,False,0.0,False
cce44aa9ecf1,32.0,2010,MANUAL_APPNO_MATCH,32.0,2010,32.0,2010,1,,B4,False,0.0,False
658154fdc20a,32.0,2007,EXACT,32.0,2007,32.0,2007,1,6.0,B4,False,0.0,False
df865425ab27,33.0,2010,EXACT,33.0,2010,33.0,2010,1,6.0,B4,False,0.0,False
dc0df432ae20,31.0,2006,EXACT,31.0,2006,31.0,2006,1,6.0,B4,False,0.0,False
6ae79604bcb1,39.0,2009,EXACT,39.0,2009,39.0,2009,1,7.0,B4,False,0.0,False
8bc617fc3a07,1.0,2010,EXACT,1.0,2010,1.0,2010,1,7.0,B1,False,0.0,False
31c72d4d31fc,29.0,2010,EXACT,29.0,2010,29.0,2010,1,5.0,B3,False,0.0,False
535e953cbf87,32.0,2013,EXACT,32.0,2013,32.0,2013,1,6.0,B4,False,0.0,False
f3cce19979dd,26.0,2009,EXACT,26.0,2009,26.0,2009,1,6.0,B3,False,0.0,False
388dfe364313,39.0,2013,EXACT,39.0,2013,39.0,2013,1,6.0,B4,False,0.0,False
452865966dbd,38.0,2009,EXACT,38.0,2009,38.0,2009,1,7.0,B4,False,0.0,False
b03a3f4ddb8f,8.0,2011,DETERMINISTIC_APPNO,8.0,2011,8.0,2011,1,,B1,False,0.0,False
12b0a5c8f969,36.0,2008,EXACT,36.0,2008,36.0,2008,1,10.0,B4,False,0.0,False
960369272a9c,2.0,2009,MANUAL_APPNO_MATCH,2.0,2009,2.0,2009,1,,B1,False,0.0,False
c2493c5bb263,38.0,2010,EXACT,38.0,2010,38.0,2010,1,9.0,B4,False,0.0,False
5f413ae9ed7d,6.0,2010,EXACT,6.0,2010,6.0,2010,1,6.0,B1,False,0.0,False
b17dd398ec8e,20.0,2006,EXACT,20.0,2006,20.0,2006,1,6.0,B3,False,0.0,False
43485acafc04,38.0,2014,EXACT,38.0,2014,38.0,2014,1,6.0,B4,False,0.0,False
03e3f4d1aa69,19.0,2009,MANUAL_APPNO_MATCH,19.0,2009,19.0,2009,1,,B2,False,0.0,False
afa4edad12a1,22.0,2010,MANUAL_APPNO_MATCH,22.0,2010,22.0,2010,1,,B3,False,0.0,False
5f3c25c37994,32.0,2006,EXACT,32.0,2006,32.0,2006,1,7.0,B4,False,0.0,False
5948f0d238ab,39.0,2009,EXACT,39.0,2009,39.0,2009,1,5.0,B4,False,0.0,False
c385f2313302,21.0,2006,EXACT,21.0,2006,21.0,2006,1,5.0,B3,False,0.0,False
95cff071a04e,39.0,2013,EXACT,39.0,2013,39.0,2013,1,6.0,B4,False,0.0,False
3a13e806407f,19.0,2008,EXACT,19.0,2008,19.0,2008,1,5.0,B2,False,0.0,False
8a3c1b7513f3,19.0,2008,EXACT,19.0,2008,19.0,2008,1,6.0,B2,False,0.0,False
6785a8fff55e,26.0,2010,EXACT,26.0,2010,26.0,2010,1,7.0,B3,False,0.0,False
0e9706094625,35.0,2011,MANUAL_APPNO_MATCH,35.0,2011,35.0,2011,1,,B4,False,0.0,False
520d3511e468,28.0,2007,EXACT,28.0,2007,28.0,2007,1,10.0,B3,False,0.0,False
96b0300c232e,9.0,2012,MANUAL_APPNO_MATCH,9.0,2012,9.0,2012,1,,B1,False,0.0,False
ed1f4ac9ca68,20.0,2013,EXACT,20.0,2013,20.0,2013,1,7.0,B3,False,0.0,False
5e3aeb8bee24,18.0,2008,EXACT,18.0,2008,18.0,2008,1,6.0,B2,False,0.0,False
5677b444dc39,24.0,2006,EXACT,24.0,2006,24.0,2006,1,7.0,B3,False,0.0,False
b2899b154da1,12.0,2009,EXACT,12.0,2009,12.0,2009,1,5.0,B2,False,0.0,False
d1d0a88dc9d5,37.0,2009,EXACT,37.0,2009,37.0,2009,1,5.0,B4,False,0.0,False
c55d0b61f039,20.0,2009,EXACT,20.0,2009,20.0,2009,1,7.0,B3,False,0.0,False
f1aa0dc5fbd9,23.0,2006,EXACT,23.0,2006,23.0,2006,1,8.0,B3,False,0.0,False
05d317d91493,25.0,2011,EXACT,25.0,2011,25.0,2011,1,6.0,B3,False,0.0,False
22268c24206f,14.0,2011,EXACT,14.0,2011,14.0,2011,1,5.0,B2,False,0.0,False
c252b128ce71,6.0,2011,EXACT,6.0,2011,6.0,2011,1,7.0,B1,False,0.0,False
3086c6c6bca4,29.0,2012,MANUAL_APPNO_MATCH,29.0,2012,29.0,2012,1,,B3,False,0.0,False
d4b3674c6f2c,13.0,2014,EXACT,13.0,2014,13.0,2014,1,7.0,B2,False,0.0,False
8551e57c8ab5,27.0,2006,EXACT,27.0,2006,27.0,2006,1,7.0,B3,False,0.0,False
b5a85b6b0f83,33.0,2012,MANUAL_APPNO_MATCH,33.0,2012,33.0,2012,2,,B4,False,0.0,False
5ae842699c3f,25.0,2007,EXACT,25.0,2007,25.0,2007,1,6.0,B3,False,0.0,False
8da69d6f17f2,33.0,2014,MANUAL_APPNO_MATCH,33.0,2014,33.0,2014,2,,B4,False,0.0,False
3765210b9bf1,37.0,2007,EXACT,37.0,2007,37.0,2007,1,13.0,B4,False,0.0,False
d3dff503bda7,12.0,2006,EXACT,12.0,2006,12.0,2006,1,6.0,B2,False,0.0,False
131d601e86e2,18.0,2007,EXACT,18.0,2007,18.0,2007,1,8.0,B2,False,0.0,False
a11291f2902a,38.0,2006,EXACT,38.0,2006,38.0,2006,1,7.0,B4,False,0.0,False
ff759604c874,39.0,2007,EXACT,39.0,2007,39.0,2007,1,7.0,B4,False,0.0,False
879eb3086eb9,34.0,2011,EXACT,34.0,2011,34.0,2011,1,7.0,B4,False,0.0,False
97ea6e3199c4,38.0,2009,MANUAL_APPNO_MATCH,65.0,2009,38.0,2009,2,,B4,True,27.0,False
48935b521bc3,27.0,2011,EXACT,27.0,2011,27.0,2011,1,7.0,B3,False,0.0,False
bee09591ce9e,18.0,2012,EXACT,18.0,2012,18.0,2012,1,7.0,B2,False,0.0,False
73ca077829a1,28.0,2006,EXACT,28.0,2006,28.0,2006,1,9.0,B3,False,0.0,False
cb5059228e28,6.0,2009,EXACT,6.0,2009,6.0,2009,1,12.0,B1,False,0.0,False
d110c93b96fb,30.0,2010,EXACT,30.0,2010,30.0,2010,1,9.0,B4,False,0.0,False
5c5d54dd9214,38.0,2010,EXACT,38.0,2010,38.0,2010,1,6.0,B4,False,0.0,False
5d4ff4376ea7,27.0,2010,EXACT,27.0,2010,27.0,2010,1,6.0,B3,False,0.0,False
a88ea850becc,6.0,2012,EXACT,6.0,2012,6.0,2012,1,7.0,B1,False,0.0,False
78128b75fa1d,26.0,2008,EXACT,26.0,2008,26.0,2008,1,7.0,B3,False,0.0,False
5a35336765c9,7.0,2009,MANUAL_APPNO_MATCH,7.0,2009,7.0,2009,1,,B1,False,0.0,False
026fb464c897,11.0,2012,EXACT,11.0,2012,11.0,2012,1,6.0,B2,False,0.0,False
7437146e254c,30.0,2014,EXACT,30.0,2014,30.0,2014,1,7.0,B4,False,0.0,False
91da0c017da4,22.0,2008,EXACT,22.0,2008,22.0,2008,1,7.0,B3,False,0.0,False
6c7bcee9caf5,29.0,2012,EXACT,29.0,2012,29.0,2012,1,6.0,B3,False,0.0,False
3c36b781cb6b,26.0,2009,EXACT,26.0,2009,26.0,2009,1,6.0,B3,False,0.0,False
e15da1e8189f,29.0,2013,EXACT,29.0,2013,29.0,2013,1,7.0,B3,False,0.0,False
cc4d57ee7385,19.0,2008,EXACT,19.0,2008,19.0,2008,1,6.0,B2,False,0.0,False
54585e53de36,23.0,2012,EXACT,23.0,2012,23.0,2012,1,6.0,B3,False,0.0,False
065839787e7a,2.0,2009,EXACT,2.0,2009,2.0,2009,1,8.0,B1,False,0.0,False
50579fb0e8ea,26.0,2009,EXACT,26.0,2009,26.0,2009,1,5.0,B3,False,0.0,False
62743d826c8c,32.0,2013,EXACT,32.0,2013,32.0,2013,1,6.0,B4,False,0.0,False
e973382c93e8,9.0,2008,EXACT,9.0,2008,9.0,2008,1,9.0,B1,False,0.0,False
78a8fcf2b04c,34.0,2011,EXACT,34.0,2011,34.0,2011,1,7.0,B4,False,0.0,False
f56d1a667b2f,22.0,2009,EXACT,22.0,2009,22.0,2009,1,9.0,B3,False,0.0,False
52721dc59376,28.0,2008,MANUAL_APPNO_MATCH,28.0,2008,28.0,2008,1,,B3,False,0.0,False
7766824d6bda,27.0,2009,EXACT,27.0,2009,27.0,2009,1,8.0,B3,False,0.0,False
581e832021f7,30.0,2008,EXACT,30.0,2008,30.0,2008,1,6.0,B4,False,0.0,False
9cf7aa88eec3,27.0,2014,EXACT,27.0,2014,27.0,2014,1,5.0,B3,False,0.0,False
b518eccf48a4,37.0,2011,MANUAL_APPNO_MATCH,37.0,2011,37.0,2011,1,,B4,False,0.0,False
2ad73d8ef75a,34.0,2010,MANUAL_APPNO_MATCH,34.0,2010,34.0,2010,1,,B4,False,0.0,False
92ea1f487f83,9.0,2006,EXACT,9.0,2006,9.0,2006,1,7.0,B1,False,0.0,False
1021a2c436f1,31.0,2009,EXACT,31.0,2009,31.0,2009,1,6.0,B4,False,0.0,False
d1f1b90346c7,36.0,2006,EXACT,36.0,2006,36.0,2006,1,7.0,B4,False,0.0,False
e983201e98e8,9.0,2007,EXACT,9.0,2007,9.0,2007,1,11.0,B1,False,0.0,False
35162c627f71,37.0,2009,EXACT,37.0,2009,37.0,2009,1,6.0,B4,False,0.0,False
4e3d82f58e5c,19.0,2009,EXACT,19.0,2009,19.0,2009,1,5.0,B2,False,0.0,False
e9e3adabf10f,34.0,2006,EXACT,34.0,2006,34.0,2006,1,6.0,B4,False,0.0,False
750e5718d9bd,28.0,2007,EXACT,28.0,2007,28.0,2007,1,6.0,B3,False,0.0,False
b5c84580c358,28.0,2010,EXACT,28.0,2010,28.0,2010,1,10.0,B3,False,0.0,False
ff10d02db6bc,35.0,2012,EXACT,35.0,2012,35.0,2012,1,6.0,B4,False,0.0,False
81a4dfcdd560,39.0,2013,EXACT,39.0,2013,39.0,2013,1,5.0,B4,False,0.0,False
11cc1db5b5fa,23.0,2009,EXACT,23.0,2009,23.0,2009,1,8.0,B3,False,0.0,False
c10b9218b177,15.0,2007,EXACT,15.0,2007,15.0,2007,1,7.0,B2,False,0.0,False
dba3e6629ab7,20.0,2011,EXACT,20.0,2011,20.0,2011,1,5.0,B3,False,0.0,False
bbf8b1dad012,24.0,2011,EXACT,24.0,2011,24.0,2011,1,6.0,B3,False,0.0,False
a597439fc186,38.0,2009,EXACT,38.0,2009,38.0,2009,1,6.0,B4,False,0.0,False
3d04a78430aa,5.0,2006,EXACT,5.0,2006,5.0,2006,1,6.0,B1,False,0.0,False
b58b08b0fe24,17.0,2007,MANUAL_APPNO_MATCH,17.0,2007,17.0,2007,1,,B2,False,0.0,False
6816932240a2,25.0,2011,EXACT,25.0,2011,25.0,2011,1,7.0,B3,False,0.0,False
8c4b11dfa00e,38.0,2008,EXACT,38.0,2008,38.0,2008,1,7.0,B4,False,0.0,False
acc981275b71,24.0,2006,EXACT,24.0,2006,24.0,2006,1,7.0,B3,False,0.0,False
52e311679fc8,26.0,2008,EXACT,26.0,2008,26.0,2008,1,7.0,B3,False,0.0,False
75569cec28c9,6.0,2011,EXACT,6.0,2011,6.0,2011,1,8.0,B1,False,0.0,False
ca2c318c9d29,35.0,2014,EXACT,35.0,2014,35.0,2014,1,5.0,B4,False,0.0,False
3d24d58e88f4,4.0,2009,EXACT,4.0,2009,4.0,2009,1,6.0,B1,False,0.0,False
b17afe86a9ff,36.0,2013,EXACT,36.0,2013,36.0,2013,1,6.0,B4,False,0.0,False
f86e45d903e7,23.0,2014,EXACT,23.0,2014,23.0,2014,1,5.0,B3,False,0.0,False
14e280418773,31.0,2010,EXACT,31.0,2010,31.0,2010,1,7.0,B4,False,0.0,False
2a0e6dd1b63b,31.0,2008,EXACT,31.0,2008,31.0,2008,1,9.0,B4,False,0.0,False
8f46999bf7af,30.0,2010,EXACT,30.0,2010,30.0,2010,1,6.0,B4,False,0.0,False
259c9597c375,37.0,2011,EXACT,37.0,2011,37.0,2011,1,8.0,B4,False,0.0,False
0727950475f1,21.0,2010,EXACT,21.0,2010,21.0,2010,1,5.0,B3,False,0.0,False
1293d32905a2,3.0,2006,EXACT,3.0,2006,3.0,2006,1,13.0,B1,False,0.0,False
50a7c0fe9f26,33.0,2010,EXACT,33.0,2010,33.0,2010,1,8.0,B4,False,0.0,False
35483b5dba82,4.0,2009,EXACT,4.0,2009,4.0,2009,1,9.0,B1,False,0.0,False
3f74176ceaa4,24.0,2008,EXACT,24.0,2008,24.0,2008,1,9.0,B3,False,0.0,False
42bd92495b5c,25.0,2008,EXACT,25.0,2008,25.0,2008,1,7.0,B3,False,0.0,False
e8b0a442817c,20.0,2014,EXACT,20.0,2014,20.0,2014,1,6.0,B3,False,0.0,False
713f122917bf,27.0,2009,EXACT,27.0,2009,27.0,2009,1,8.0,B3,False,0.0,False
50d1ca269483,16.0,2008,EXACT,16.0,2008,16.0,2008,1,7.0,B2,False,0.0,False
a6c0f471eabc,33.0,2011,EXACT,33.0,2011,33.0,2011,1,9.0,B4,False,0.0,False
171ce972d05b,10.0,2007,EXACT,10.0,2007,10.0,2007,1,8.0,B2,False,0.0,False
7a9424429834,24.0,2012,MANUAL_APPNO_MATCH,37.0,2011,24.0,2012,3,,B3,True,13.0,False
eefacc494f73,28.0,2006,EXACT,28.0,2006,28.0,2006,1,5.0,B3,False,0.0,False
899a437fc57b,28.0,2007,EXACT,28.0,2007,28.0,2007,1,7.0,B3,False,0.0,False
19be481b3955,5.0,2009,DETERMINISTIC_APPNO,5.0,2009,5.0,2009,1,,B1,False,0.0,False
341bb359c8ba,15.0,2011,EXACT,15.0,2011,15.0,2011,1,7.0,B2,False,0.0,False
b7850656b84d,21.0,2009,EXACT,21.0,2009,21.0,2009,1,7.0,B3,False,0.0,False
6d522953fb0a,34.0,2008,EXACT,34.0,2008,34.0,2008,1,8.0,B4,False,0.0,False
b3b410a118f6,37.0,2010,EXACT,37.0,2010,37.0,2010,1,6.0,B4,False,0.0,False
9922d606c31e,14.0,2012,EXACT,14.0,2012,14.0,2012,1,5.0,B2,False,0.0,False
dd58c5d00acf,19.0,2008,EXACT,19.0,2008,19.0,2008,1,9.0,B2,False,0.0,False
172167a45026,32.0,2008,EXACT,32.0,2008,32.0,2008,1,5.0,B4,False,0.0,False
35ded50e8e9e,1.0,2006,EXACT,1.0,2006,1.0,2006,1,8.0,B1,False,0.0,False
8a976e96051c,39.0,2013,MANUAL_APPNO_MATCH,39.0,2013,39.0,2013,1,,B4,False,0.0,False
eba033cbe168,16.0,2014,EXACT,16.0,2014,16.0,2014,1,5.0,B2,False,0.0,False
b69f646347b9,36.0,2009,EXACT,36.0,2009,36.0,2009,1,5.0,B4,False,0.0,False
f552b5f671db,27.0,2010,EXACT,27.0,2010,27.0,2010,1,6.0,B3,False,0.0,False
b2f5b67530ea,6.0,2009,MANUAL_APPNO_MATCH,17.0,2009,17.0,2009,2,,B1,True,11.0,False
0290711340de,32.0,2014,EXACT,32.0,2014,32.0,2014,1,5.0,B4,False,0.0,False
b29413a8f53d,19.0,2007,EXACT,19.0,2007,19.0,2007,1,9.0,B2,False,0.0,False
a214ca597a87,35.0,2012,DETERMINISTIC_APPNO,35.0,2012,35.0,2012,1,,B4,False,0.0,False
effca72ce8a0,22.0,2008,EXACT,22.0,2008,22.0,2008,1,6.0,B3,False,0.0,False
539f80464452,36.0,2006,EXACT,36.0,2006,36.0,2006,1,9.0,B4,False,0.0,False
9127a83e1278,38.0,2011,EXACT,38.0,2011,38.0,2011,1,7.0,B4,False,0.0,False
bb7a2bae3097,12.0,2009,EXACT,12.0,2009,12.0,2009,1,9.0,B2,False,0.0,False
db038dca1e7e,1.0,2014,EXACT,1.0,2014,1.0,2014,1,7.0,B1,False,0.0,False
15b3df3eb595,33.0,2007,EXACT,33.0,2007,33.0,2007,1,7.0,B4,False,0.0,False
95d5e0c7c9ed,34.0,2008,EXACT,34.0,2008,34.0,2008,1,8.0,B4,False,0.0,False
d7a4fee33799,13.0,2011,EXACT,13.0,2011,13.0,2011,1,6.0,B2,False,0.0,False
d39c89f7a497,32.0,2006,EXACT,32.0,2006,32.0,2006,1,7.0,B4,False,0.0,False
d07dab0e686a,26.0,2012,EXACT,26.0,2012,26.0,2012,1,6.0,B3,False,0.0,False
816b0d3690b7,10.0,2013,EXACT,10.0,2013,10.0,2013,1,7.0,B2,False,0.0,False
ab0bebbc167a,15.0,2011,EXACT,15.0,2011,15.0,2011,1,5.0,B2,False,0.0,False
f6b55bec37f5,32.0,2011,EXACT,32.0,2011,32.0,2011,1,6.0,B4,False,0.0,False
5b0a03d44224,12.0,2013,EXACT,12.0,2013,12.0,2013,1,7.0,B2,False,0.0,False
653c9083ad47,18.0,2008,EXACT,18.0,2008,18.0,2008,1,9.0,B2,False,0.0,False
ec5a6da36d1f,28.0,2007,EXACT,28.0,2007,28.0,2007,1,6.0,B3,False,0.0,False
d9067c0f2b75,27.0,2010,EXACT,27.0,2010,27.0,2010,1,7.0,B3,False,0.0,False
90eed7856850,34.0,2011,EXACT,34.0,2011,34.0,2011,1,5.0,B4,False,0.0,False
a93b2501d47e,38.0,2007,EXACT,38.0,2007,38.0,2007,1,10.0,B4,False,0.0,False
9e24d0527a24,24.0,2010,EXACT,24.0,2010,24.0,2010,1,6.0,B3,False,0.0,False
60fcd0719eba,38.0,2011,EXACT,38.0,2011,38.0,2011,1,7.0,B4,False,0.0,False
ade95731cfa6,14.0,2008,EXACT,14.0,2008,14.0,2008,1,10.0,B2,False,0.0,False
fb5311b5e8ec,9.0,2011,EXACT,9.0,2011,9.0,2011,1,7.0,B1,False,0.0,False
96e501c63f2f,36.0,2006,EXACT,36.0,2006,36.0,2006,1,6.0,B4,False,0.0,False
985eab85a594,32.0,2008,EXACT,32.0,2008,32.0,2008,1,7.0,B4,False,0.0,False
7e09e154a3ad,26.0,2012,EXACT,26.0,2012,26.0,2012,1,6.0,B3,False,0.0,False
e5279a8a1340,23.0,2007,EXACT,23.0,2007,23.0,2007,1,6.0,B3,False,0.0,False
373d124cfe2b,37.0,2007,MANUAL_APPNO_MATCH,37.0,2007,37.0,2007,1,,B4,False,0.0,False
66557e925fb7,33.0,2007,EXACT,33.0,2007,33.0,2007,1,6.0,B4,False,0.0,False
1a6ca4397f39,22.0,2009,EXACT,22.0,2009,22.0,2009,1,6.0,B3,False,0.0,False
0bc4275e3fb4,9.0,2007,EXACT,9.0,2007,9.0,2007,1,6.0,B1,False,0.0,False
d1d1cd5c0457,38.0,2007,EXACT,38.0,2007,38.0,2007,1,5.0,B4,False,0.0,False
a343102242d2,27.0,2010,EXACT,27.0,2010,27.0,2010,1,8.0,B3,False,0.0,False
96af03d1974d,37.0,2011,EXACT,37.0,2011,37.0,2011,1,7.0,B4,False,0.0,False
b2b0478c9962,2.0,2006,MANUAL_APPNO_MATCH,2.0,2006,2.0,2006,1,,B1,False,0.0,False
7c7ec5e832d4,38.0,2011,EXACT,38.0,2011,38.0,2011,1,6.0,B4,False,0.0,False
94bf68f31a34,8.0,2011,EXACT,8.0,2011,8.0,2011,1,5.0,B1,False,0.0,False
6df35f01925b,19.0,2011,EXACT,19.0,2011,19.0,2011,1,6.0,B2,False,0.0,False
52a0be56f0e4,39.0,2011,EXACT,39.0,2011,39.0,2011,1,6.0,B4,False,0.0,False
3d3b9f8edb80,28.0,2011,EXACT,28.0,2011,28.0,2011,1,8.0,B3,False,0.0,False
6f0c7724f9c7,5.0,2012,EXACT,5.0,2012,5.0,2012,1,6.0,B1,False,0.0,False
c93c326c3a20,34.0,2011,EXACT,34.0,2011,34.0,2011,1,7.0,B4,False,0.0,False
e335632880e5,34.0,2011,EXACT,34.0,2011,34.0,2011,1,8.0,B4,False,0.0,False
8062d56bfb50,9.0,2014,EXACT,9.0,2014,9.0,2014,1,6.0,B1,False,0.0,False
409a8cd8c11f,17.0,2009,MANUAL_APPNO_MATCH,17.0,2009,17.0,2009,1,,B2,False,0.0,False
782036cb0f8c,25.0,2010,EXACT,25.0,2010,25.0,2010,1,7.0,B3,False,0.0,False
de05a45fa76a,22.0,2009,EXACT,22.0,2009,22.0,2009,1,7.0,B3,False,0.0,False
478bcd92e1bc,21.0,2009,EXACT,21.0,2009,21.0,2009,1,5.0,B3,False,0.0,False
02205a80ef07,38.0,2008,EXACT,38.0,2008,38.0,2008,1,9.0,B4,False,0.0,False
85b221d76e40,8.0,2007,EXACT,8.0,2007,8.0,2007,1,6.0,B1,False,0.0,False
7bbbc98c8064,34.0,2012,EXACT,34.0,2012,34.0,2012,1,6.0,B4,False,0.0,False
c6222a6458d8,24.0,2010,EXACT,24.0,2010,24.0,2010,1,6.0,B3,False,0.0,False
7cbac9aef594,11.0,2009,MANUAL_APPNO_MATCH,11.0,2009,11.0,2009,1,,B2,False,0.0,False
a039341ed5de,34.0,2006,EXACT,34.0,2006,34.0,2006,1,8.0,B4,False,0.0,False
d8ca2d07ade1,38.0,2008,MANUAL_APPNO_MATCH,38.0,2008,38.0,2008,1,,B4,False,0.0,False
da08ba04b7cb,13.0,2009,EXACT,13.0,2009,13.0,2009,1,10.0,B2,False,0.0,False
750a41abfa10,18.0,2006,EXACT,18.0,2006,18.0,2006,1,6.0,B2,False,0.0,False
696ef21fe601,30.0,2011,EXACT,30.0,2011,30.0,2011,1,6.0,B4,False,0.0,False
ba568edbc062,9.0,2006,EXACT,9.0,2006,9.0,2006,1,8.0,B1,False,0.0,False
ae3cd3e9156f,26.0,2010,MANUAL_APPNO_MATCH,26.0,2010,26.0,2010,1,,B3,False,0.0,False
3fbc2494df71,29.0,2007,MANUAL_APPNO_MATCH,29.0,2007,29.0,2007,1,,B3,False,0.0,False
86d899e262e9,37.0,2010,EXACT,37.0,2010,37.0,2010,1,7.0,B4,False,0.0,False
ebb67aa5534b,10.0,2011,EXACT,10.0,2011,10.0,2011,1,6.0,B2,False,0.0,False
25e0da0cbadd,29.0,2012,EXACT,29.0,2012,29.0,2012,1,6.0,B3,False,0.0,False
e20cdd8e769e,33.0,2011,EXACT,33.0,2011,33.0,2011,1,8.0,B4,False,0.0,False
05267661d172,36.0,2010,EXACT,36.0,2010,36.0,2010,1,9.0,B4,False,0.0,False
63219d0eb4c1,21.0,2006,EXACT,21.0,2006,21.0,2006,1,6.0,B3,False,0.0,False
9583ff499cd6,37.0,2007,EXACT,37.0,2007,37.0,2007,1,6.0,B4,False,0.0,False
86745a66baa6,29.0,2012,EXACT,29.0,2012,29.0,2012,1,7.0,B3,False,0.0,False
ce528db6b06a,18.0,2012,EXACT,18.0,2012,18.0,2012,1,8.0,B2,False,0.0,False
fb2164ff9d6c,36.0,2014,MANUAL_APPNO_MATCH,36.0,2014,36.0,2014,1,,B4,False,0.0,False
145e98b51c12,22.0,2010,EXACT,22.0,2010,22.0,2010,1,7.0,B3,False,0.0,False
cddeb5347a1b,28.0,2007,EXACT,28.0,2007,28.0,2007,1,7.0,B3,False,0.0,False
085e45c05059,6.0,2006,EXACT,6.0,2006,6.0,2006,1,7.0,B1,False,0.0,False
2756d21fc06d,11.0,2009,EXACT,11.0,2009,11.0,2009,1,8.0,B2,False,0.0,False
31aac40c82e1,37.0,2011,EXACT,37.0,2011,37.0,2011,1,6.0,B4,False,0.0,False
9d42c756c209,14.0,2012,EXACT,14.0,2012,14.0,2012,1,9.0,B2,False,0.0,False
e24878b58444,2.0,2006,EXACT,2.0,2006,2.0,2006,1,11.0,B1,False,0.0,False
9d19274e7e3e,3.0,2008,EXACT,3.0,2008,3.0,2008,1,10.0,B1,False,0.0,False
5f4d96ab3f64,24.0,2010,EXACT,24.0,2010,24.0,2010,1,6.0,B3,False,0.0,False
3d6deeeda1ee,16.0,2010,EXACT,16.0,2010,16.0,2010,1,9.0,B2,False,0.0,False
0861da230c52,29.0,2007,EXACT,29.0,2007,29.0,2007,1,10.0,B3,False,0.0,False
3c1172c84942,10.0,2007,EXACT,10.0,2007,10.0,2007,1,8.0,B2,False,0.0,False
fc788bb84cc4,8.0,2010,EXACT,8.0,2010,8.0,2010,1,7.0,B1,False,0.0,False
ceb386f26acf,4.0,2010,EXACT,4.0,2010,4.0,2010,1,9.0,B1,False,0.0,False
1a965b8b56a8,29.0,2013,EXACT,29.0,2013,29.0,2013,1,6.0,B3,False,0.0,False
3af72bc3c375,10.0,2010,EXACT,10.0,2010,10.0,2010,1,9.0,B2,False,0.0,False
16fd6f29f02b,24.0,2008,EXACT,24.0,2008,24.0,2008,1,9.0,B3,False,0.0,False
7c592984f542,22.0,2006,EXACT,22.0,2006,22.0,2006,1,8.0,B3,False,0.0,False
bac52ca2bc50,38.0,2007,EXACT,38.0,2007,38.0,2007,1,7.0,B4,False,0.0,False
bcf8eb9192ac,38.0,2010,EXACT,38.0,2010,38.0,2010,1,9.0,B4,False,0.0,False
b1fdfd3cbac5,11.0,2012,EXACT,11.0,2012,11.0,2012,1,6.0,B2,False,0.0,False
b3df4c5419fb,30.0,2009,EXACT,30.0,2009,30.0,2009,1,7.0,B4,False,0.0,False
8e5f80a3f1e4,15.0,2013,EXACT,15.0,2013,15.0,2013,1,6.0,B2,False,0.0,False
4c9817e6bf33,10.0,2010,EXACT,10.0,2010,10.0,2010,1,6.0,B2,False,0.0,False
65d6ab570457,30.0,2009,EXACT,30.0,2009,30.0,2009,1,7.0,B4,False,0.0,False
a8fe215cbec0,9.0,2008,EXACT,9.0,2008,9.0,2008,1,5.0,B1,False,0.0,False
4292127432f4,34.0,2012,EXACT,34.0,2012,34.0,2012,1,6.0,B4,False,0.0,False
e95e06696c63,19.0,2012,EXACT,19.0,2012,19.0,2012,1,5.0,B2,False,0.0,False
a94f8072ed4f,6.0,2013,EXACT,6.0,2013,6.0,2013,1,5.0,B1,False,0.0,False
74dee06babfa,7.0,2007,MANUAL_APPNO_MATCH,7.0,2007,7.0,2007,1,,B1,False,0.0,False
7082fc2690f9,31.0,2006,EXACT,31.0,2006,31.0,2006,1,6.0,B4,False,0.0,False
4e68076ced49,16.0,2008,EXACT,16.0,2008,16.0,2008,1,9.0,B2,False,0.0,False
6e87f4ff3d89,35.0,2009,EXACT,35.0,2009,35.0,2009,1,6.0,B4,False,0.0,False
a017a3dc1974,20.0,2010,EXACT,20.0,2010,20.0,2010,1,7.0,B3,False,0.0,False
d13a8dde49e8,21.0,2006,EXACT,21.0,2006,21.0,2006,1,5.0,B3,False,0.0,False
3d6142d80574,23.0,2010,EXACT,23.0,2010,23.0,2010,1,7.0,B3,False,0.0,False
b17051ecf23d,12.0,2011,EXACT,12.0,2011,12.0,2011,1,7.0,B2,False,0.0,False
10d7f18a4fa1,13.0,2008,EXACT,13.0,2008,13.0,2008,1,6.0,B2,False,0.0,False
2d5a7f0f6df0,11.0,2006,EXACT,11.0,2006,11.0,2006,1,8.0,B2,False,0.0,False
f2a4bcc23f7e,26.0,2013,MANUAL_APPNO_MATCH,26.0,2013,26.0,2013,1,,B3,False,0.0,False
4a090f49a5a0,1.0,2011,EXACT,1.0,2011,1.0,2011,1,6.0,B1,False,0.0,False
7c074ed69277,18.0,2010,EXACT,18.0,2010,18.0,2010,1,9.0,B2,False,0.0,False
2e23a5abd5ba,32.0,2011,EXACT,32.0,2011,32.0,2011,1,9.0,B4,False,0.0,False
8e0b2446db98,28.0,2010,EXACT,28.0,2010,28.0,2010,1,7.0,B3,False,0.0,False
4ed8b460aafc,32.0,2008,EXACT,32.0,2008,32.0,2008,1,11.0,B4,False,0.0,False
41f14cdfcc05,20.0,2009,EXACT,20.0,2009,20.0,2009,1,7.0,B3,False,0.0,False
3cf12b7869fc,29.0,2011,MANUAL_APPNO_MATCH,29.0,2011,29.0,2011,1,,B3,False,0.0,False
bfe9cda1c9b1,15.0,2008,MANUAL_APPNO_MATCH,15.0,2008,15.0,2008,1,,B2,False,0.0,False
09794fb23313,21.0,2011,EXACT,21.0,2011,21.0,2011,1,9.0,B3,False,0.0,False
583b512f6653,28.0,2009,EXACT,28.0,2009,28.0,2009,1,8.0,B3,False,0.0,False
77f588adb20e,19.0,2013,EXACT,19.0,2013,19.0,2013,1,6.0,B2,False,0.0,False
8452ad0d929a,21.0,2007,EXACT,21.0,2007,21.0,2007,1,7.0,B3,False,0.0,False
e617ae57448f,9.0,2010,EXACT,9.0,2010,9.0,2010,1,6.0,B1,False,0.0,False
3061d0327011,17.0,2011,EXACT,17.0,2011,17.0,2011,1,7.0,B2,False,0.0,False
9b7f610a6edd,20.0,2006,EXACT,20.0,2006,20.0,2006,1,9.0,B3,False,0.0,False
b7fc9d5edd5d,9.0,2008,EXACT,9.0,2008,9.0,2008,1,6.0,B1,False,0.0,False
ef4a968ca1fb,25.0,2009,EXACT,25.0,2009,25.0,2009,1,8.0,B3,False,0.0,False
78749a93d6e5,27.0,2012,MANUAL_APPNO_MATCH,27.0,2012,27.0,2012,1,,B3,False,0.0,False
5cee226ff23e,1.0,2013,EXACT,1.0,2013,1.0,2013,1,7.0,B1,False,0.0,False
703fa7a3ae26,35.0,2014,EXACT,35.0,2014,35.0,2014,1,6.0,B4,False,0.0,False
83587b51a5a8,29.0,2010,EXACT,29.0,2010,29.0,2010,1,8.0,B3,False,0.0,False
08bfb764c193,22.0,2008,EXACT,22.0,2008,22.0,2008,1,8.0,B3,False,0.0,False
f6e193526e68,2.0,2012,EXACT,2.0,2012,2.0,2012,1,6.0,B1,False,0.0,False
7cb75bff83f7,37.0,2009,EXACT,37.0,2009,37.0,2009,1,6.0,B4,False,0.0,False
e17c536dc7bc,16.0,2009,EXACT,16.0,2009,16.0,2009,1,9.0,B2,False,0.0,False
74f7e313932d,28.0,2011,EXACT,28.0,2011,28.0,2011,1,6.0,B3,False,0.0,False
0b6ed57e7605,15.0,2008,EXACT,15.0,2008,15.0,2008,1,10.0,B2,False,0.0,False
5a668472d764,12.0,2009,EXACT,12.0,2009,12.0,2009,1,6.0,B2,False,0.0,False
46a83f28dc71,12.0,2013,EXACT,12.0,2013,12.0,2013,1,5.0,B2,False,0.0,False
ea1bdd5a3520,20.0,2014,EXACT,20.0,2014,20.0,2014,1,6.0,B3,False,0.0,False
17355f9b2f2f,9.0,2009,EXACT,9.0,2009,9.0,2009,1,10.0,B1,False,0.0,False
dc873c10a9cc,16.0,2013,EXACT,16.0,2013,16.0,2013,1,6.0,B2,False,0.0,False
c05ac0b7a0ae,33.0,2013,MANUAL_APPNO_MATCH,33.0,2013,33.0,2013,2,,B4,False,0.0,False
4c564e245247,34.0,2009,EXACT,34.0,2009,34.0,2009,1,6.0,B4,False,0.0,False
616cccb817c1,5.0,2011,EXACT,5.0,2011,5.0,2011,1,7.0,B1,False,0.0,False
e9ba387c99c0,25.0,2012,EXACT,25.0,2012,25.0,2012,1,7.0,B3,False,0.0,False
75e31abfca29,2.0,2013,EXACT,2.0,2013,2.0,2013,1,7.0,B1,False,0.0,False
852c7db57979,14.0,2012,MANUAL_APPNO_MATCH,14.0,2012,14.0,2012,1,,B2,False,0.0,False
acef01586467,30.0,2009,MANUAL_APPNO_MATCH,30.0,2009,30.0,2009,1,,B4,False,0.0,False
3cce253ba54e,17.0,2010,MANUAL_APPNO_MATCH,17.0,2010,17.0,2010,1,,B2,False,0.0,False
eccdd5666362,12.0,2012,EXACT,12.0,2012,12.0,2012,1,7.0,B2,False,0.0,False
33f6c3e4a092,14.0,2008,EXACT,14.0,2008,14.0,2008,1,7.0,B2,False,0.0,False
8093fa3f7098,7.0,2007,EXACT,7.0,2007,7.0,2007,1,12.0,B1,False,0.0,False
61350a1d564b,28.0,2010,EXACT,28.0,2010,28.0,2010,1,5.0,B3,False,0.0,False
eed82c29b16d,3.0,2006,MANUAL_APPNO_MATCH,3.0,2006,3.0,2006,1,,B1,False,0.0,False
015843a22990,10.0,2006,EXACT,10.0,2006,10.0,2006,1,7.0,B2,False,0.0,False
9540bfa3175e,19.0,2011,EXACT,19.0,2011,19.0,2011,1,9.0,B2,False,0.0,False
39ec29927d72,25.0,2007,EXACT,25.0,2007,25.0,2007,1,7.0,B3,False,0.0,False
632ec1fb3e2c,23.0,2014,EXACT,23.0,2014,23.0,2014,1,5.0,B3,False,0.0,False
a5d751916a85,22.0,2008,EXACT,22.0,2008,22.0,2008,1,7.0,B3,False,0.0,False
d69d9c2fabd0,18.0,2006,EXACT,18.0,2006,18.0,2006,1,9.0,B2,False,0.0,False
f8ba0385e8a5,26.0,2006,EXACT,26.0,2006,26.0,2006,1,7.0,B3,False,0.0,False
08075c74d806,26.0,2009,MANUAL_APPNO_MATCH,26.0,2009,26.0,2009,1,,B3,False,0.0,False
36286acc164f,12.0,2007,EXACT,12.0,2007,12.0,2007,1,7.0,B2,False,0.0,False
1574588d2c87,33.0,2009,EXACT,33.0,2009,33.0,2009,1,6.0,B4,False,0.0,False
d0f88f666fca,5.0,2008,EXACT,5.0,2008,5.0,2008,1,8.0,B1,False,0.0,False
1d3de0a96255,20.0,2011,EXACT,20.0,2011,20.0,2011,1,7.0,B3,False,0.0,False
95d739e5f640,8.0,2011,EXACT,8.0,2011,8.0,2011,1,8.0,B1,False,0.0,False
f2c25ca14ca8,29.0,2012,EXACT,29.0,2012,29.0,2012,1,6.0,B3,False,0.0,False
6eef8a2e2b6c,1.0,2009,EXACT,1.0,2009,1.0,2009,1,9.0,B1,False,0.0,False
3a42b5465b5a,16.0,2011,MANUAL_APPNO_MATCH,16.0,2011,16.0,2011,1,,B2,False,0.0,False
dd87b223b450,38.0,2007,EXACT,38.0,2007,38.0,2007,1,6.0,B4,False,0.0,False
a7a37e7ea4fa,34.0,2008,EXACT,34.0,2008,34.0,2008,1,6.0,B4,False,0.0,False
7ab9cd2affd0,18.0,2009,EXACT,18.0,2009,18.0,2009,1,5.0,B2,False,0.0,False
3f7d37d6d3f6,6.0,2008,EXACT,6.0,2008,6.0,2008,1,13.0,B1,False,0.0,False
17ac7459b55a,26.0,2006,EXACT,26.0,2006,26.0,2006,1,6.0,B3,False,0.0,False
7decaeacf4e6,26.0,2007,EXACT,26.0,2007,26.0,2007,1,6.0,B3,False,0.0,False
f0698283485a,29.0,2011,EXACT,29.0,2011,29.0,2011,1,8.0,B3,False,0.0,False
68f4305b35fe,26.0,2012,EXACT,26.0,2012,26.0,2012,1,5.0,B3,False,0.0,False
c7d658a906d2,35.0,2014,EXACT,35.0,2014,35.0,2014,1,5.0,B4,False,0.0,False
aff109c93a76,29.0,2013,EXACT,29.0,2013,29.0,2013,1,5.0,B3,False,0.0,False
81edb2ef5383,4.0,2014,EXACT,4.0,2014,4.0,2014,1,6.0,B1,False,0.0,False
d7df77850c3b,32.0,2008,EXACT,32.0,2008,32.0,2008,1,6.0,B4,False,0.0,False
a0daa436d080,32.0,2007,EXACT,32.0,2007,32.0,2007,1,6.0,B4,False,0.0,False
40efc230957a,28.0,2008,EXACT,28.0,2008,28.0,2008,1,6.0,B3,False,0.0,False
81a036ea4d5f,22.0,2009,EXACT,22.0,2009,22.0,2009,1,6.0,B3,False,0.0,False
022aaaea2e5f,30.0,2009,EXACT,30.0,2009,30.0,2009,1,6.0,B4,False,0.0,False
79eec1b4a8ac,12.0,2010,EXACT,12.0,2010,12.0,2010,1,6.0,B2,False,0.0,False
c41d9788c861,4.0,2011,EXACT,4.0,2011,4.0,2011,1,7.0,B1,False,0.0,False
135b62f0397e,33.0,2008,EXACT,33.0,2008,33.0,2008,1,10.0,B4,False,0.0,False
3cdde07560c1,32.0,2011,MANUAL_APPNO_MATCH,32.0,2011,32.0,2011,1,,B4,False,0.0,False
c53794ed4896,29.0,2006,EXACT,29.0,2006,29.0,2006,1,7.0,B3,False,0.0,False
30f4ee6274f3,17.0,2006,EXACT,17.0,2006,17.0,2006,1,7.0,B2,False,0.0,False
7fb612c82610,28.0,2009,EXACT,28.0,2009,28.0,2009,1,10.0,B3,False,0.0,False
2bb829157b18,33.0,2009,EXACT,33.0,2009,33.0,2009,1,7.0,B4,False,0.0,False
78db09954afc,10.0,2006,EXACT,10.0,2006,10.0,2006,1,8.0,B2,False,0.0,False
6c535c9df1f9,38.0,2007,EXACT,38.0,2007,38.0,2007,1,6.0,B4,False,0.0,False
870ed1b90159,24.0,2007,EXACT,24.0,2007,24.0,2007,1,7.0,B3,False,0.0,False
2024c4b3bb80,26.0,2010,EXACT,26.0,2010,26.0,2010,1,5.0,B3,False,0.0,False
20ed763d064a,33.0,2009,EXACT,33.0,2009,33.0,2009,1,8.0,B4,False,0.0,False
6014486d7fb3,37.0,2009,EXACT,37.0,2009,37.0,2009,1,7.0,B4,False,0.0,False
4f20384f0bcb,39.0,2007,EXACT,39.0,2007,39.0,2007,1,7.0,B4,False,0.0,False
e53e57dc2017,12.0,2010,EXACT,12.0,2010,12.0,2010,1,8.0,B2,False,0.0,False
8bb1aa494f2d,25.0,2011,EXACT,25.0,2011,25.0,2011,1,6.0,B3,False,0.0,False
a5eece6d49df,7.0,2006,EXACT,7.0,2006,7.0,2006,1,6.0,B1,False,0.0,False
ca7de6498269,27.0,2014,EXACT,27.0,2014,27.0,2014,1,6.0,B3,False,0.0,False
e0096ee632c1,32.0,2006,MANUAL_APPNO_MATCH,41.0,2006,32.0,2006,2,,B4,True,9.0,False
3def189f22a8,30.0,2012,EXACT,30.0,2012,30.0,2012,1,6.0,B4,False,0.0,False
af483f5517b1,19.0,2013,EXACT,19.0,2013,19.0,2013,1,9.0,B2,False,0.0,False
ab8ab38c76e2,27.0,2011,MANUAL_APPNO_MATCH,27.0,2011,27.0,2011,2,,B3,False,0.0,False
92ccdeefbb36,35.0,2013,EXACT,35.0,2013,35.0,2013,1,8.0,B4,False,0.0,False
9065b5e8e39a,19.0,2014,MANUAL_APPNO_MATCH,19.0,2014,19.0,2014,1,,B2,False,0.0,False
dc35a578cea1,31.0,2011,EXACT,31.0,2011,31.0,2011,1,6.0,B4,False,0.0,False
0efd6382496d,23.0,2008,EXACT,23.0,2008,23.0,2008,1,6.0,B3,False,0.0,False
09ece74e6856,14.0,2008,EXACT,14.0,2008,14.0,2008,1,6.0,B2,False,0.0,False
a266de683e18,30.0,2009,EXACT,30.0,2009,30.0,2009,1,7.0,B4,False,0.0,False
ad34d503a313,18.0,2009,EXACT,18.0,2009,18.0,2009,1,5.0,B2,False,0.0,False
d1e8e7cc314b,37.0,2006,EXACT,37.0,2006,37.0,2006,1,7.0,B4,False,0.0,False
8c46ebc9946b,6.0,2008,EXACT,6.0,2008,6.0,2008,1,8.0,B1,False,0.0,False
b31dc26e1f80,11.0,2009,EXACT,11.0,2009,11.0,2009,1,8.0,B2,False,0.0,False
53181d100a3b,1.0,2008,DETERMINISTIC_APPNO,1.0,2008,1.0,2008,1,,B1,False,0.0,False
fd30aac5f612,32.0,2013,EXACT,32.0,2013,32.0,2013,1,7.0,B4,False,0.0,False
1f4d97577737,11.0,2009,EXACT,11.0,2009,11.0,2009,1,6.0,B2,False,0.0,False
a31e7e319c5a,14.0,2008,EXACT,14.0,2008,14.0,2008,1,8.0,B2,False,0.0,False
a3a56175c468,28.0,2007,EXACT,28.0,2007,28.0,2007,1,7.0,B3,False,0.0,False
2915bd40d29c,35.0,2009,EXACT,35.0,2009,35.0,2009,1,9.0,B4,False,0.0,False
aa6cb0f3db9c,10.0,2009,EXACT,10.0,2009,10.0,2009,1,10.0,B2,False,0.0,False
853b5d341a6b,36.0,2010,EXACT,36.0,2010,36.0,2010,1,9.0,B4,False,0.0,False
b25f68387b30,35.0,2011,EXACT,35.0,2011,35.0,2011,1,5.0,B4,False,0.0,False
0dc0e68f17ee,20.0,2012,EXACT,20.0,2012,20.0,2012,1,7.0,B3,False,0.0,False
4bf12385b3f9,32.0,2010,EXACT,32.0,2010,32.0,2010,1,7.0,B4,False,0.0,False
698b09fa7f8d,10.0,2006,MANUAL_APPNO_MATCH,10.0,2006,10.0,2006,1,,B2,False,0.0,False
ed25e3bc3d91,34.0,2008,EXACT,34.0,2008,34.0,2008,1,6.0,B4,False,0.0,False
aef092e63d0c,28.0,2006,EXACT,28.0,2006,28.0,2006,1,8.0,B3,False,0.0,False
ccb50675d9db,37.0,2009,EXACT,37.0,2009,37.0,2009,1,7.0,B4,False,0.0,False
99f7aba3e274,30.0,2009,EXACT,30.0,2009,30.0,2009,1,6.0,B4,False,0.0,False
d48b5ab2f60a,35.0,2009,EXACT,35.0,2009,35.0,2009,1,6.0,B4,False,0.0,False
5ad236fda19d,39.0,2014,MANUAL_APPNO_MATCH,39.0,2014,39.0,2014,1,,B4,False,0.0,False
021d86ff841c,39.0,2014,EXACT,39.0,2014,39.0,2014,1,6.0,B4,False,0.0,False
bc018f91306d,23.0,2010,EXACT,23.0,2010,23.0,2010,1,8.0,B3,False,0.0,False
9fa01e13ca7b,26.0,2006,EXACT,26.0,2006,26.0,2006,1,5.0,B3,False,0.0,False
b94b9a648de4,14.0,2009,EXACT,14.0,2009,14.0,2009,1,8.0,B2,False,0.0,False
1c52c82cb40f,30.0,2011,EXACT,30.0,2011,30.0,2011,1,7.0,B4,False,0.0,False
5fa659d0d65e,31.0,2007,EXACT,31.0,2007,31.0,2007,1,7.0,B4,False,0.0,False
eb8931afdc8f,32.0,2010,EXACT,32.0,2010,32.0,2010,1,7.0,B4,False,0.0,False
587a381a68b4,21.0,2009,EXACT,21.0,2009,21.0,2009,1,7.0,B3,False,0.0,False
a660e2a6e698,23.0,2010,EXACT,23.0,2010,23.0,2010,1,5.0,B3,False,0.0,False
9ea780f8880e,33.0,2010,EXACT,33.0,2010,33.0,2010,1,6.0,B4,False,0.0,False
edc807629517,24.0,2012,EXACT,24.0,2012,24.0,2012,1,6.0,B3,False,0.0,False
08aa4b933c18,35.0,2014,EXACT,35.0,2014,35.0,2014,1,5.0,B4,False,0.0,False
d7be1502a03f,13.0,2013,EXACT,13.0,2013,13.0,2013,1,5.0,B2,False,0.0,False
320ae9dd1035,31.0,2011,EXACT,31.0,2011,31.0,2011,1,9.0,B4,False,0.0,False
86b0474895e1,3.0,2013,EXACT,3.0,2013,3.0,2013,1,5.0,B1,False,0.0,False
edfecc8fba75,23.0,2011,EXACT,23.0,2011,23.0,2011,1,6.0,B3,False,0.0,False
15a24501c7a3,36.0,2012,EXACT,36.0,2012,36.0,2012,1,6.0,B4,False,0.0,False
6f8f14e6007d,30.0,2008,EXACT,30.0,2008,30.0,2008,1,7.0,B4,False,0.0,False
2c5a99445af7,31.0,2010,EXACT,31.0,2010,31.0,2010,1,5.0,B4,False,0.0,False
5b8124471514,10.0,2010,EXACT,10.0,2010,10.0,2010,1,7.0,B2,False,0.0,False
0286e40d856d,36.0,2013,EXACT,36.0,2013,36.0,2013,1,5.0,B4,False,0.0,False
732ae81fe6b0,12.0,2008,EXACT,12.0,2008,12.0,2008,1,8.0,B2,False,0.0,False
9e82d64f7b4d,33.0,2009,EXACT,33.0,2009,33.0,2009,1,5.0,B4,False,0.0,False
6d35b27cd339,17.0,2011,EXACT,17.0,2011,17.0,2011,1,7.0,B2,False,0.0,False
21478ed7a2f4,13.0,2012,EXACT,13.0,2012,13.0,2012,1,7.0,B2,False,0.0,False
501c327163ce,4.0,2010,EXACT,4.0,2010,4.0,2010,1,8.0,B1,False,0.0,False
4aa69d4ee908,30.0,2011,EXACT,30.0,2011,30.0,2011,1,6.0,B4,False,0.0,False
928ee91883a3,9.0,2007,EXACT,9.0,2007,9.0,2007,1,9.0,B1,False,0.0,False
ffd227c21a42,30.0,2006,EXACT,30.0,2006,30.0,2006,1,8.0,B4,False,0.0,False
50ce6ecf783a,10.0,2007,MANUAL_APPNO_MATCH,10.0,2007,10.0,2007,1,,B2,False,0.0,False
39a42214868e,10.0,2010,EXACT,10.0,2010,10.0,2010,1,6.0,B2,False,0.0,False
add9f2e4e50d,6.0,2006,EXACT,6.0,2006,6.0,2006,1,6.0,B1,False,0.0,False
4f992f9522f0,20.0,2012,MANUAL_APPNO_MATCH,20.0,2012,20.0,2012,1,,B3,False,0.0,False
11084034c4fa,21.0,2011,EXACT,21.0,2011,21.0,2011,1,7.0,B3,False,0.0,False
d536f9b70495,27.0,2008,EXACT,27.0,2008,27.0,2008,1,6.0,B3,False,0.0,False
ebbc1c800ff4,29.0,2012,MANUAL_APPNO_MATCH,29.0,2012,29.0,2012,1,,B3,False,0.0,False
aef17dc63703,8.0,2013,EXACT,8.0,2013,8.0,2013,1,7.0,B1,False,0.0,False
51bcb8a6b746,31.0,2008,EXACT,31.0,2008,31.0,2008,1,5.0,B4,False,0.0,False
91178c48cf19,26.0,2011,MANUAL_APPNO_MATCH,26.0,2011,26.0,2011,2,,B3,False,0.0,False
65b13842a122,33.0,2012,EXACT,33.0,2012,33.0,2012,1,7.0,B4,False,0.0,False
63270111e95e,19.0,2012,EXACT,19.0,2012,19.0,2012,1,6.0,B2,False,0.0,False
8715ca5eb5e4,17.0,2011,MANUAL_APPNO_MATCH,17.0,2011,17.0,2011,1,,B2,False,0.0,False
c01d02bd1a2c,4.0,2011,EXACT,4.0,2011,4.0,2011,1,6.0,B1,False,0.0,False
902197234af0,33.0,2010,EXACT,33.0,2010,33.0,2010,1,7.0,B4,False,0.0,False
84ef7146a526,36.0,2014,EXACT,36.0,2014,36.0,2014,1,5.0,B4,False,0.0,False
a4b984b44b66,34.0,2007,EXACT,34.0,2007,34.0,2007,1,6.0,B4,False,0.0,False
9034f575618a,11.0,2013,EXACT,11.0,2013,11.0,2013,1,5.0,B2,False,0.0,False
d77451fd140d,31.0,2011,MANUAL_APPNO_MATCH,31.0,2011,31.0,2011,1,,B4,False,0.0,False
36580702297c,9.0,2007,EXACT,9.0,2007,9.0,2007,1,7.0,B1,False,0.0,False
578df6d6c30f,7.0,2008,EXACT,7.0,2008,7.0,2008,1,11.0,B1,False,0.0,False
3d5aeefd2f10,4.0,2009,EXACT,4.0,2009,4.0,2009,1,9.0,B1,False,0.0,False
841e7a168cf7,32.0,2011,MANUAL_APPNO_MATCH,32.0,2011,32.0,2011,2,,B4,False,0.0,False
8aa97d53a799,13.0,2008,EXACT,13.0,2008,13.0,2008,1,9.0,B2,False,0.0,False
6eb7bd8c2635,27.0,2008,EXACT,27.0,2008,27.0,2008,1,7.0,B3,False,0.0,False
5ace5221b9f3,27.0,2010,EXACT,27.0,2010,27.0,2010,1,6.0,B3,False,0.0,False
60a60d7e8471,36.0,2008,MANUAL_APPNO_MATCH,36.0,2008,36.0,2008,2,,B4,False,0.0,False
0e1607533eaf,22.0,2007,EXACT,22.0,2007,22.0,2007,1,7.0,B3,False,0.0,False
ae66ee28ea7e,32.0,2011,EXACT,32.0,2011,32.0,2011,1,7.0,B4,False,0.0,False
f46ff4654eea,11.0,2006,EXACT,11.0,2006,11.0,2006,1,7.0,B2,False,0.0,False
fb4efccf677d,27.0,2010,EXACT,27.0,2010,27.0,2010,1,7.0,B3,False,0.0,False
bf24430773b3,30.0,2010,EXACT,30.0,2010,30.0,2010,1,5.0,B4,False,0.0,False
5c97092f761a,12.0,2006,EXACT,12.0,2006,12.0,2006,1,6.0,B2,False,0.0,False
3e201bba466f,9.0,2013,EXACT,9.0,2013,9.0,2013,1,7.0,B1,False,0.0,False
8e834111a919,19.0,2009,EXACT,19.0,2009,19.0,2009,1,6.0,B2,False,0.0,False
8ccc15a7ac82,27.0,2009,EXACT,27.0,2009,27.0,2009,1,6.0,B3,False,0.0,False
0c68e9b053db,29.0,2011,EXACT,29.0,2011,29.0,2011,1,6.0,B3,False,0.0,False
74894c4f6433,9.0,2014,EXACT,9.0,2014,9.0,2014,1,7.0,B1,False,0.0,False
4bb183c32751,11.0,2012,EXACT,11.0,2012,11.0,2012,1,6.0,B2,False,0.0,False
d4ae00c87530,19.0,2008,MANUAL_APPNO_MATCH,19.0,2008,19.0,2008,1,,B2,False,0.0,False
d9648901353e,2.0,2013,EXACT,2.0,2013,2.0,2013,1,6.0,B1,False,0.0,False
43d6726b94fc,13.0,2012,EXACT,13.0,2012,13.0,2012,1,7.0,B2,False,0.0,False
fef68debe30a,15.0,2011,EXACT,15.0,2011,15.0,2011,1,6.0,B2,False,0.0,False
cd648c438e11,31.0,2012,EXACT,31.0,2012,31.0,2012,1,5.0,B4,False,0.0,False
8683c232cb84,17.0,2007,EXACT,17.0,2007,17.0,2007,1,8.0,B2,False,0.0,False
ae459a350410,24.0,2007,MANUAL_APPNO_MATCH,24.0,2007,23.0,2007,2,,B3,False,0.0,False
1540c47c4d8f,37.0,2006,EXACT,37.0,2006,37.0,2006,1,6.0,B4,False,0.0,False
2449775822eb,17.0,2008,EXACT,17.0,2008,17.0,2008,1,6.0,B2,False,0.0,False
725fc8dd9b78,15.0,2009,EXACT,15.0,2009,15.0,2009,1,9.0,B2,False,0.0,False
f3d2c49918dd,18.0,2010,EXACT,18.0,2010,18.0,2010,1,7.0,B2,False,0.0,False
d720ac6108be,25.0,2009,EXACT,25.0,2009,25.0,2009,1,6.0,B3,False,0.0,False
0d5327da9f75,39.0,2010,EXACT,39.0,2010,39.0,2010,1,5.0,B4,False,0.0,False
af29499b87d9,11.0,2011,EXACT,11.0,2011,11.0,2011,1,5.0,B2,False,0.0,False
154ac018b43d,21.0,2010,MANUAL_APPNO_MATCH,21.0,2010,21.0,2010,1,,B3,False,0.0,False
dc3b69c37fd3,33.0,2010,EXACT,33.0,2010,33.0,2010,1,8.0,B4,False,0.0,False
202f4bf68af4,15.0,2009,EXACT,15.0,2009,15.0,2009,1,9.0,B2,False,0.0,False
b899d63ab410,26.0,2006,MANUAL_APPNO_MATCH,26.0,2006,26.0,2006,1,,B3,False,0.0,False
a85d5d22db3c,13.0,2011,EXACT,13.0,2011,13.0,2011,1,7.0,B2,False,0.0,False
5f9d8e44e045,25.0,2008,EXACT,25.0,2008,25.0,2008,1,7.0,B3,False,0.0,False
741f2cde49c8,26.0,2006,MANUAL_APPNO_MATCH,26.0,2006,26.0,2006,1,,B3,False,0.0,False
415b330495ed,27.0,2009,MANUAL_APPNO_MATCH,27.0,2009,27.0,2009,1,,B3,False,0.0,False
79cfe45af928,31.0,2011,EXACT,31.0,2011,31.0,2011,1,10.0,B4,False,0.0,False
88bfcf0b1f3c,33.0,2009,EXACT,33.0,2009,33.0,2009,1,8.0,B4,False,0.0,False
191f6c8472df,26.0,2007,EXACT,26.0,2007,26.0,2007,1,6.0,B3,False,0.0,False
abd06f19f0ef,16.0,2008,EXACT,16.0,2008,16.0,2008,1,9.0,B2,False,0.0,False
e8a675014a83,18.0,2006,EXACT,18.0,2006,18.0,2006,1,10.0,B2,False,0.0,False
a27998d1ee12,16.0,2011,EXACT,16.0,2011,16.0,2011,1,8.0,B2,False,0.0,False
80389488f48b,2.0,2012,EXACT,2.0,2012,2.0,2012,1,9.0,B1,False,0.0,False
776366e2462d,30.0,2006,EXACT,30.0,2006,30.0,2006,1,9.0,B4,False,0.0,False
ac3e61b624a0,11.0,2007,MANUAL_APPNO_MATCH,11.0,2007,11.0,2007,1,,B2,False,0.0,False
b6eb5f2ca88a,38.0,2012,MANUAL_APPNO_MATCH,38.0,2012,38.0,2012,1,,B4,False,0.0,False
0fca6d1e3d20,7.0,2010,EXACT,7.0,2010,7.0,2010,1,7.0,B1,False,0.0,False
b0935a1bafbf,5.0,2012,EXACT,5.0,2012,5.0,2012,1,9.0,B1,False,0.0,False
b2b4e62ac747,10.0,2009,EXACT,10.0,2009,10.0,2009,1,5.0,B2,False,0.0,False
da6f32578628,36.0,2013,EXACT,36.0,2013,36.0,2013,1,5.0,B4,False,0.0,False
d31acace027c,33.0,2012,EXACT,33.0,2012,33.0,2012,1,6.0,B4,False,0.0,False
1741a02e15a3,38.0,2009,EXACT,38.0,2009,38.0,2009,1,6.0,B4,False,0.0,False
e06f8bccf5d1,34.0,2011,EXACT,34.0,2011,34.0,2011,1,6.0,B4,False,0.0,False
e8aa5c8aaf94,18.0,2006,EXACT,18.0,2006,18.0,2006,1,8.0,B2,False,0.0,False
534ca3f639fc,20.0,2010,EXACT,20.0,2010,20.0,2010,1,11.0,B3,False,0.0,False
c7880e3eeae1,38.0,2006,EXACT,38.0,2006,38.0,2006,1,6.0,B4,False,0.0,False
521f0fa777e3,3.0,2008,EXACT,3.0,2008,3.0,2008,1,8.0,B1,False,0.0,False
e364d782e7bb,38.0,2009,EXACT,38.0,2009,38.0,2009,1,6.0,B4,False,0.0,False
9e172c73b7c1,28.0,2008,EXACT,28.0,2008,28.0,2008,1,6.0,B3,False,0.0,False
19a061dd00f9,15.0,2007,EXACT,15.0,2007,15.0,2007,1,7.0,B2,False,0.0,False
5a1fafd4e8c6,19.0,2006,EXACT,19.0,2006,19.0,2006,1,6.0,B2,False,0.0,False
32f8d340504f,21.0,2014,EXACT,21.0,2014,21.0,2014,1,6.0,B3,False,0.0,False
11646b91dccb,21.0,2008,EXACT,21.0,2008,21.0,2008,1,8.0,B3,False,0.0,False
c06f67d961b1,13.0,2008,EXACT,13.0,2008,13.0,2008,1,6.0,B2,False,0.0,False
f76d8339784c,31.0,2011,EXACT,31.0,2011,31.0,2011,1,6.0,B4,False,0.0,False
9bcfc6108752,12.0,2011,EXACT,12.0,2011,12.0,2011,1,6.0,B2,False,0.0,False
58cc63a078c4,15.0,2009,EXACT,15.0,2009,15.0,2009,1,6.0,B2,False,0.0,False
850176ac2f99,12.0,2009,EXACT,12.0,2009,12.0,2009,1,6.0,B2,False,0.0,False
23e586c010c0,33.0,2012,EXACT,33.0,2012,33.0,2012,1,6.0,B4,False,0.0,False
6a8ed70e8bbd,32.0,2007,EXACT,32.0,2007,32.0,2007,1,6.0,B4,False,0.0,False
028698c48256,23.0,2010,EXACT,23.0,2010,23.0,2010,1,5.0,B3,False,0.0,False
8753779ac39d,36.0,2012,EXACT,36.0,2012,36.0,2012,1,6.0,B4,False,0.0,False
1bd3724d11a7,31.0,2010,EXACT,31.0,2010,31.0,2010,1,6.0,B4,False,0.0,False
13e1e754e98c,21.0,2010,EXACT,21.0,2010,21.0,2010,1,8.0,B3,False,0.0,False
c389209856d8,16.0,2010,EXACT,16.0,2010,16.0,2010,1,9.0,B2,False,0.0,False
7a84fd08451a,7.0,2006,EXACT,7.0,2006,7.0,2006,1,6.0,B1,False,0.0,False
4fbf0928f3f0,29.0,2012,EXACT,29.0,2012,29.0,2012,1,7.0,B3,False,0.0,False
b9588cf5ec04,2.0,2010,EXACT,2.0,2010,2.0,2010,1,8.0,B1,False,0.0,False
3455e1b61b1f,26.0,2013,EXACT,26.0,2013,26.0,2013,1,6.0,B3,False,0.0,False
dc75aa77a7f0,35.0,2006,EXACT,35.0,2006,35.0,2006,1,7.0,B4,False,0.0,False
d6fb8d1e4611,13.0,2010,EXACT,13.0,2010,13.0,2010,1,6.0,B2,False,0.0,False
91ed496eb1b6,19.0,2012,EXACT,19.0,2012,19.0,2012,1,6.0,B2,False,0.0,False
ccdfc685b96f,38.0,2008,EXACT,38.0,2008,38.0,2008,1,6.0,B4,False,0.0,False
3c810393820e,28.0,2007,EXACT,28.0,2007,28.0,2007,1,6.0,B3,False,0.0,False
dd3a3ef7ce37,19.0,2009,EXACT,19.0,2009,19.0,2009,1,6.0,B2,False,0.0,False
59671fabd361,27.0,2010,EXACT,27.0,2010,27.0,2010,1,5.0,B3,False,0.0,False
a7bce988a620,28.0,2011,EXACT,28.0,2011,28.0,2011,1,8.0,B3,False,0.0,False
12ad7ccae6c4,33.0,2011,EXACT,33.0,2011,33.0,2011,1,6.0,B4,False,0.0,False
f43d64dc4760,9.0,2013,EXACT,9.0,2013,9.0,2013,1,5.0,B1,False,0.0,False
df33051c79d5,9.0,2010,DETERMINISTIC_APPNO,9.0,2010,9.0,2010,1,,B1,False,0.0,False
5f83db0f2d55,27.0,2007,EXACT,27.0,2007,27.0,2007,1,5.0,B3,False,0.0,False
5db54e1a87ce,30.0,2009,EXACT,30.0,2009,30.0,2009,1,7.0,B4,False,0.0,False
edb9c2834b8f,27.0,2010,EXACT,27.0,2010,27.0,2010,1,6.0,B3,False,0.0,False
1d68b96c0749,19.0,2008,EXACT,19.0,2008,19.0,2008,1,6.0,B2,False,0.0,False
34bdfaf8873d,26.0,2012,EXACT,26.0,2012,26.0,2012,1,5.0,B3,False,0.0,False
4109958061be,31.0,2009,EXACT,31.0,2009,31.0,2009,1,7.0,B4,False,0.0,False
5a2ac39312ea,29.0,2008,EXACT,29.0,2008,29.0,2008,1,6.0,B3,False,0.0,False
566e170ab600,5.0,2007,MANUAL_APPNO_MATCH,5.0,2007,5.0,2007,1,,B1,False,0.0,False
430eb734e08a,19.0,2012,EXACT,19.0,2012,19.0,2012,1,5.0,B2,False,0.0,False
2e2351da5ad1,37.0,2008,EXACT,37.0,2008,37.0,2008,1,7.0,B4,False,0.0,False
3fd3c13f9c47,37.0,2009,EXACT,37.0,2009,37.0,2009,1,7.0,B4,False,0.0,False
e5899ebd2737,22.0,2010,EXACT,22.0,2010,22.0,2010,1,6.0,B3,False,0.0,False
eb80b18a89ab,23.0,2009,EXACT,23.0,2009,23.0,2009,1,8.0,B3,False,0.0,False
0e952bfe1bc6,7.0,2008,EXACT,7.0,2008,7.0,2008,1,9.0,B1,False,0.0,False
825b4ed21752,34.0,2006,EXACT,34.0,2006,34.0,2006,1,7.0,B4,False,0.0,False
6fc538637347,26.0,2013,MANUAL_APPNO_MATCH,26.0,2013,26.0,2013,1,,B3,False,0.0,False
dbce63738c33,7.0,2008,EXACT,7.0,2008,7.0,2008,1,7.0,B1,False,0.0,False
5b07691d6235,39.0,2010,EXACT,39.0,2010,39.0,2010,1,6.0,B4,False,0.0,False
87e8d3013d93,38.0,2010,EXACT,38.0,2010,38.0,2010,1,7.0,B4,False,0.0,False
3174bc5c11b8,16.0,2006,EXACT,16.0,2006,16.0,2006,1,7.0,B2,False,0.0,False
aa9a958bc403,18.0,2010,EXACT,18.0,2010,18.0,2010,1,6.0,B2,False,0.0,False
239de2f028f8,11.0,2013,EXACT,11.0,2013,11.0,2013,1,6.0,B2,False,0.0,False
1c0b9a52dec6,39.0,2014,EXACT,39.0,2014,39.0,2014,1,8.0,B4,False,0.0,False
9f55e6933a1c,29.0,2011,EXACT,29.0,2011,29.0,2011,1,7.0,B3,False,0.0,False
913e6fb6ff20,29.0,2011,EXACT,29.0,2011,29.0,2011,1,6.0,B3,False,0.0,False
c96ba3d7f5cc,17.0,2009,EXACT,17.0,2009,17.0,2009,1,8.0,B2,False,0.0,False
37b357413b51,28.0,2009,EXACT,28.0,2009,28.0,2009,1,7.0,B3,False,0.0,False
bc2467d31e89,36.0,2011,MANUAL_APPNO_MATCH,39.0,2014,39.0,2014,3,,B4,True,3.0,False
2f0963974219,32.0,2006,EXACT,32.0,2006,32.0,2006,1,7.0,B4,False,0.0,False
85bedeab95a6,31.0,2010,EXACT,31.0,2010,31.0,2010,1,9.0,B4,False,0.0,False
d0f2b02a4b2d,24.0,2011,EXACT,24.0,2011,24.0,2011,1,7.0,B3,False,0.0,False
6384faca642b,9.0,2014,MANUAL_APPNO_MATCH,9.0,2014,9.0,2014,1,,B1,False,0.0,False
c340737544ce,29.0,2006,EXACT,29.0,2006,29.0,2006,1,7.0,B3,False,0.0,False
07662e626716,33.0,2011,EXACT,33.0,2011,33.0,2011,1,7.0,B4,False,0.0,False
7f9925683dd0,19.0,2010,EXACT,19.0,2010,19.0,2010,1,5.0,B2,False,0.0,False
1a8e729a30b4,27.0,2013,MANUAL_APPNO_MATCH,27.0,2013,27.0,2013,1,,B3,False,0.0,False
0d631d22c289,20.0,2006,EXACT,20.0,2006,20.0,2006,1,7.0,B3,False,0.0,False
5744c900a92d,37.0,2006,EXACT,37.0,2006,37.0,2006,1,8.0,B4,False,0.0,False
0985ca8e6464,14.0,2009,EXACT,14.0,2009,14.0,2009,1,6.0,B2,False,0.0,False
aa20ddb59646,34.0,2009,EXACT,34.0,2009,34.0,2009,1,7.0,B4,False,0.0,False
c3c46c28e648,4.0,2010,EXACT,4.0,2010,4.0,2010,1,7.0,B1,False,0.0,False
77e0d7b581a5,2.0,2006,EXACT,2.0,2006,2.0,2006,1,9.0,B1,False,0.0,False
7fc6068a4d7c,19.0,2010,EXACT,19.0,2010,19.0,2010,1,7.0,B2,False,0.0,False
839f8bd5f6d7,32.0,2014,EXACT,32.0,2014,32.0,2014,1,5.0,B4,False,0.0,False
e7400361b286,33.0,2009,EXACT,33.0,2009,33.0,2009,1,8.0,B4,False,0.0,False
5f1eb4c5c0fc,31.0,2010,EXACT,31.0,2010,31.0,2010,1,6.0,B4,False,0.0,False
2ba80e35acb9,19.0,2010,MANUAL_APPNO_MATCH,19.0,2010,19.0,2010,1,,B2,False,0.0,False
857b8ad6e5fd,23.0,2007,EXACT,23.0,2007,23.0,2007,1,12.0,B3,False,0.0,False
9324bc6adba3,33.0,2009,EXACT,33.0,2009,33.0,2009,1,6.0,B4,False,0.0,False
d89d56271355,20.0,2007,EXACT,20.0,2007,20.0,2007,1,10.0,B3,False,0.0,False
f4af0e9ad0cc,28.0,2009,EXACT,28.0,2009,28.0,2009,1,9.0,B3,False,0.0,False
97339f2c322d,31.0,2007,EXACT,31.0,2007,31.0,2007,1,10.0,B4,False,0.0,False
085d30cb5724,3.0,2006,EXACT,3.0,2006,3.0,2006,1,9.0,B1,False,0.0,False
9c7b3ad57ce9,30.0,2008,EXACT,30.0,2008,30.0,2008,1,10.0,B4,False,0.0,False
88bf2111db94,34.0,2006,EXACT,34.0,2006,34.0,2006,1,5.0,B4,False,0.0,False
9ef01673c0cf,17.0,2008,EXACT,17.0,2008,17.0,2008,1,7.0,B2,False,0.0,False
fbf54edf6ef6,4.0,2011,EXACT,4.0,2011,4.0,2011,1,8.0,B1,False,0.0,False
c2fb49f31fd6,34.0,2011,EXACT,34.0,2011,34.0,2011,1,8.0,B4,False,0.0,False
235b96810414,32.0,2008,MANUAL_APPNO_MATCH,32.0,2008,32.0,2008,1,,B4,False,0.0,False
53b21a15b419,34.0,2008,EXACT,34.0,2008,34.0,2008,1,6.0,B4,False,0.0,False
8434e834a102,23.0,2008,EXACT,23.0,2008,23.0,2008,1,7.0,B3,False,0.0,False
ff0402e4a390,18.0,2013,EXACT,18.0,2013,18.0,2013,1,6.0,B2,False,0.0,False
6c20fbceebb2,10.0,2006,EXACT,10.0,2006,10.0,2006,1,6.0,B2,False,0.0,False
bce737c39f23,4.0,2007,MANUAL_APPNO_MATCH,4.0,2007,4.0,2007,1,,B1,False,0.0,False
39d4bc681bc2,20.0,2014,MANUAL_APPNO_MATCH,20.0,2014,20.0,2014,1,,B3,False,0.0,False
61a93e587110,4.0,2006,EXACT,4.0,2006,4.0,2006,1,8.0,B1,False,0.0,False
159ef0c97a59,33.0,2012,EXACT,33.0,2012,33.0,2012,1,7.0,B4,False,0.0,False
1ad0582d837e,26.0,2012,EXACT,26.0,2012,26.0,2012,1,7.0,B3,False,0.0,False
7a31741cf6a9,36.0,2006,EXACT,36.0,2006,36.0,2006,1,8.0,B4,False,0.0,False
0ece47efdd5a,35.0,2010,EXACT,35.0,2010,35.0,2010,1,6.0,B4,False,0.0,False
199a17b34ec7,18.0,2009,EXACT,18.0,2009,18.0,2009,1,7.0,B2,False,0.0,False
c84a996d50e9,15.0,2011,EXACT,15.0,2011,15.0,2011,1,7.0,B2,False,0.0,False
aa7b6f6d7286,4.0,2008,EXACT,4.0,2008,4.0,2008,1,9.0,B1,False,0.0,False
87d3ca7840e9,15.0,2011,EXACT,15.0,2011,15.0,2011,1,5.0,B2,False,0.0,False
70973a86109f,35.0,2013,MANUAL_APPNO_MATCH,35.0,2013,35.0,2013,1,,B4,False,0.0,False
abfb6a0b1cd9,34.0,2009,EXACT,34.0,2009,34.0,2009,1,8.0,B4,False,0.0,False
acfacb0058bc,12.0,2007,EXACT,12.0,2007,12.0,2007,1,8.0,B2,False,0.0,False
3c90f47caf3a,29.0,2009,EXACT,29.0,2009,29.0,2009,1,7.0,B3,False,0.0,False
e61cc43be323,30.0,2011,EXACT,30.0,2011,30.0,2011,1,6.0,B4,False,0.0,False
c0e28d619a13,31.0,2008,EXACT,31.0,2008,31.0,2008,1,5.0,B4,False,0.0,False
11f3a828c438,10.0,2008,EXACT,10.0,2008,10.0,2008,1,7.0,B2,False,0.0,False
19a260700912,15.0,2013,EXACT,15.0,2013,15.0,2013,1,6.0,B2,False,0.0,False
7dd111bf7ea4,21.0,2014,EXACT,21.0,2014,21.0,2014,1,7.0,B3,False,0.0,False
938f4cbf14aa,21.0,2013,EXACT,21.0,2013,21.0,2013,1,6.0,B3,False,0.0,False
2d2cc2eef4d2,8.0,2008,EXACT,8.0,2008,8.0,2008,1,8.0,B1,False,0.0,False
4fad1e1e2541,18.0,2013,EXACT,18.0,2013,18.0,2013,1,6.0,B2,False,0.0,False
a8e17d748c5d,36.0,2007,EXACT,36.0,2007,36.0,2007,1,6.0,B4,False,0.0,False
7dc67baa2a5d,12.0,2014,EXACT,12.0,2014,12.0,2014,1,6.0,B2,False,0.0,False
b81d194d8af6,34.0,2011,EXACT,34.0,2011,34.0,2011,1,7.0,B4,False,0.0,False
3eff19fd1b91,31.0,2009,EXACT,31.0,2009,31.0,2009,1,8.0,B4,False,0.0,False
c98f738898af,34.0,2008,EXACT,34.0,2008,34.0,2008,1,5.0,B4,False,0.0,False
f31f9ca4db30,21.0,2006,MANUAL_APPNO_MATCH,21.0,2006,21.0,2006,1,,B3,False,0.0,False
7bf0208e829b,9.0,2012,MANUAL_APPNO_MATCH,9.0,2012,9.0,2012,1,,B1,False,0.0,False
8ca7b237ea77,32.0,2010,EXACT,32.0,2010,32.0,2010,1,6.0,B4,False,0.0,False
2683e7721169,12.0,2009,EXACT,12.0,2009,12.0,2009,1,7.0,B2,False,0.0,False
33ca834463d1,10.0,2013,EXACT,10.0,2013,10.0,2013,1,5.0,B2,False,0.0,False
c2af6d60b7af,37.0,2007,EXACT,37.0,2007,37.0,2007,1,7.0,B4,False,0.0,False
8dd0372ad8a3,26.0,2009,EXACT,26.0,2009,26.0,2009,1,7.0,B3,False,0.0,False
1a75e2483a99,11.0,2008,EXACT,11.0,2008,11.0,2008,1,6.0,B2,False,0.0,False
bdae47145d04,37.0,2012,EXACT,37.0,2012,37.0,2012,1,6.0,B4,False,0.0,False
d70d2f3c15f5,6.0,2008,EXACT,6.0,2008,6.0,2008,1,6.0,B1,False,0.0,False
5176325c4c37,26.0,2011,EXACT,26.0,2011,26.0,2011,1,7.0,B3,False,0.0,False
cf5a28e77e67,22.0,2009,EXACT,22.0,2009,22.0,2009,1,10.0,B3,False,0.0,False
eaf8726d1310,32.0,2009,EXACT,32.0,2009,32.0,2009,1,6.0,B4,False,0.0,False
8d60f8be2a3b,30.0,2014,EXACT,30.0,2014,30.0,2014,1,6.0,B4,False,0.0,False
d1a26c73d17f,19.0,2007,EXACT,19.0,2007,19.0,2007,1,6.0,B2,False,0.0,False
49ef6d82711c,5.0,2011,EXACT,5.0,2011,5.0,2011,1,9.0,B1,False,0.0,False
fcd509c121f7,27.0,2012,EXACT,27.0,2012,27.0,2012,1,6.0,B3,False,0.0,False
3e7205caa7a9,31.0,2010,EXACT,31.0,2010,31.0,2010,1,6.0,B4,False,0.0,False
b5aa91de142f,15.0,2008,EXACT,15.0,2008,15.0,2008,1,6.0,B2,False,0.0,False
0aacf80586a8,36.0,2007,EXACT,36.0,2007,36.0,2007,1,6.0,B4,False,0.0,False
c0f3e4cc8e98,26.0,2008,EXACT,26.0,2008,26.0,2008,1,7.0,B3,False,0.0,False
51cc48cadacd,36.0,2007,EXACT,36.0,2007,36.0,2007,1,6.0,B4,False,0.0,False
4d3ff76311f5,36.0,2013,EXACT,36.0,2013,36.0,2013,1,6.0,B4,False,0.0,False
8aeb3de55fa8,32.0,2009,EXACT,32.0,2009,32.0,2009,1,6.0,B4,False,0.0,False
956cc740d34d,19.0,2006,EXACT,19.0,2006,19.0,2006,1,5.0,B2,False,0.0,False
7882dd3cc779,22.0,2007,EXACT,22.0,2007,22.0,2007,1,6.0,B3,False,0.0,False
15e4898be507,21.0,2009,EXACT,21.0,2009,21.0,2009,1,10.0,B3,False,0.0,False
994f88fa056a,10.0,2007,EXACT,10.0,2007,10.0,2007,1,7.0,B2,False,0.0,False
86ad14b00a3d,31.0,2010,MANUAL_APPNO_MATCH,31.0,2010,31.0,2010,1,,B4,False,0.0,False
d9c212c126d5,17.0,2009,MANUAL_APPNO_MATCH,17.0,2009,17.0,2009,1,,B2,False,0.0,False
89a098001f18,1.0,2008,EXACT,1.0,2008,1.0,2008,1,8.0,B1,False,0.0,False
9ba50d185a00,36.0,2006,EXACT,36.0,2006,36.0,2006,1,6.0,B4,False,0.0,False
d904236a22f9,26.0,2010,EXACT,26.0,2010,26.0,2010,1,5.0,B3,False,0.0,False
0840d41edc46,37.0,2012,MANUAL_APPNO_MATCH,37.0,2012,37.0,2012,1,,B4,False,0.0,False
d8de2ab1124b,38.0,2010,EXACT,38.0,2010,38.0,2010,1,6.0,B4,False,0.0,False
09f823c34e62,25.0,2007,EXACT,25.0,2007,25.0,2007,1,10.0,B3,False,0.0,False
356c53cdc5c9,22.0,2010,EXACT,22.0,2010,22.0,2010,1,7.0,B3,False,0.0,False
a33386bc1c4e,34.0,2011,EXACT,34.0,2011,34.0,2011,1,6.0,B4,False,0.0,False
545103140eab,38.0,2011,EXACT,38.0,2011,38.0,2011,1,8.0,B4,False,0.0,False
234a75441567,21.0,2012,EXACT,21.0,2012,21.0,2012,1,7.0,B3,False,0.0,False
197276f3de57,9.0,2007,EXACT,9.0,2007,9.0,2007,1,6.0,B1,False,0.0,False
64f19b3b2f31,9.0,2008,EXACT,9.0,2008,9.0,2008,1,9.0,B1,False,0.0,False
f5314a8eab2b,4.0,2012,EXACT,4.0,2012,4.0,2012,1,8.0,B1,False,0.0,False
0bc62bc8d599,34.0,2006,EXACT,34.0,2006,34.0,2006,1,6.0,B4,False,0.0,False
dd663a207ce4,2.0,2012,EXACT,2.0,2012,2.0,2012,1,7.0,B1,False,0.0,False
b7d74607e356,2.0,2007,EXACT,2.0,2007,2.0,2007,1,12.0,B1,False,0.0,False
085c474b903f,26.0,2007,EXACT,26.0,2007,26.0,2007,1,7.0,B3,False,0.0,False
f5c3c8a646f3,37.0,2008,EXACT,37.0,2008,37.0,2008,1,9.0,B4,False,0.0,False
7af7100892cf,33.0,2011,MANUAL_APPNO_MATCH,33.0,2011,33.0,2011,1,,B4,False,0.0,False
7440575d8752,26.0,2009,EXACT,26.0,2009,26.0,2009,1,7.0,B3,False,0.0,False
d81573e0f09a,15.0,2006,EXACT,15.0,2006,15.0,2006,1,8.0,B2,False,0.0,False
6f8f5bf236fb,9.0,2008,EXACT,9.0,2008,9.0,2008,1,14.0,B1,False,0.0,False
c2ce77a96d27,18.0,2011,EXACT,18.0,2011,18.0,2011,1,5.0,B2,False,0.0,False
f4f9909b453f,35.0,2010,EXACT,35.0,2010,35.0,2010,1,7.0,B4,False,0.0,False
fb3a3a02f961,19.0,2008,EXACT,19.0,2008,19.0,2008,1,9.0,B2,False,0.0,False
1c4353e5249b,9.0,2008,EXACT,9.0,2008,9.0,2008,1,11.0,B1,False,0.0,False
93baac8685e9,34.0,2008,EXACT,34.0,2008,34.0,2008,1,8.0,B4,False,0.0,False
aba40e685871,31.0,2010,EXACT,31.0,2010,31.0,2010,1,6.0,B4,False,0.0,False
bc14d680c55e,30.0,2012,EXACT,30.0,2012,30.0,2012,1,6.0,B4,False,0.0,False
ff1d97945020,25.0,2011,EXACT,25.0,2011,25.0,2011,1,7.0,B3,False,0.0,False
5ab5b67e70d6,14.0,2008,EXACT,14.0,2008,14.0,2008,1,10.0,B2,False,0.0,False
479d65072aed,29.0,2013,EXACT,29.0,2013,29.0,2013,1,6.0,B3,False,0.0,False
0e1bceb247b7,12.0,2011,EXACT,12.0,2011,12.0,2011,1,6.0,B2,False,0.0,False
1763adb73144,14.0,2009,EXACT,14.0,2009,14.0,2009,1,6.0,B2,False,0.0,False
1deb56846601,5.0,2013,EXACT,5.0,2013,5.0,2013,1,6.0,B1,False,0.0,False
6b367d565df3,19.0,2009,EXACT,19.0,2009,19.0,2009,1,8.0,B2,False,0.0,False
19634788aeb8,25.0,2011,EXACT,25.0,2011,25.0,2011,1,6.0,B3,False,0.0,False
8d0c67f751fa,36.0,2014,EXACT,36.0,2014,36.0,2014,1,5.0,B4,False,0.0,False
7e77ce798547,21.0,2011,EXACT,21.0,2011,21.0,2011,1,6.0,B3,False,0.0,False
1b8b9869cecb,34.0,2008,EXACT,34.0,2008,34.0,2008,1,10.0,B4,False,0.0,False
0fa8854f9abb,39.0,2006,EXACT,39.0,2006,39.0,2006,1,7.0,B4,False,0.0,False
905ffe30bfb4,17.0,2008,EXACT,17.0,2008,17.0,2008,1,7.0,B2,False,0.0,False
b0b13fe3c057,32.0,2012,EXACT,32.0,2012,32.0,2012,1,6.0,B4,False,0.0,False
cf330585f95b,6.0,2008,EXACT,6.0,2008,6.0,2008,1,8.0,B1,False,0.0,False
9e46ad2a479d,36.0,2012,EXACT,36.0,2012,36.0,2012,1,5.0,B4,False,0.0,False
25cec9970440,35.0,2010,EXACT,35.0,2010,35.0,2010,1,7.0,B4,False,0.0,False
b1d01134d258,11.0,2010,EXACT,11.0,2010,11.0,2010,1,6.0,B2,False,0.0,False
39bbe24cba48,35.0,2011,EXACT,35.0,2011,35.0,2011,1,8.0,B4,False,0.0,False
9f66a3d944cc,15.0,2010,MANUAL_APPNO_MATCH,15.0,2010,15.0,2010,1,,B2,False,0.0,False
fb5fe75df0ab,34.0,2008,EXACT,34.0,2008,34.0,2008,1,9.0,B4,False,0.0,False
2dffc73af2ac,26.0,2006,EXACT,26.0,2006,26.0,2006,1,7.0,B3,False,0.0,False
0cadeb6ab50c,27.0,2010,EXACT,27.0,2010,27.0,2010,1,8.0,B3,False,0.0,False
236820f190d2,8.0,2011,EXACT,8.0,2011,8.0,2011,1,6.0,B1,False,0.0,False
0d28bac7d1d7,36.0,2013,EXACT,36.0,2013,36.0,2013,1,6.0,B4,False,0.0,False
d4e45273df73,11.0,2009,EXACT,11.0,2009,11.0,2009,1,8.0,B2,False,0.0,False
57f9e1a2035d,8.0,2008,EXACT,8.0,2008,8.0,2008,1,11.0,B1,False,0.0,False
88efaaebfb8f,16.0,2008,EXACT,16.0,2008,16.0,2008,1,7.0,B2,False,0.0,False
66483f4b6b70,15.0,2010,EXACT,15.0,2010,15.0,2010,1,5.0,B2,False,0.0,False
2ce5269e9123,2.0,2007,EXACT,2.0,2007,2.0,2007,1,11.0,B1,False,0.0,False
c9aed647bc09,24.0,2009,EXACT,24.0,2009,24.0,2009,1,8.0,B3,False,0.0,False
6e9ff73c03fe,16.0,2014,EXACT,16.0,2014,16.0,2014,1,5.0,B2,False,0.0,False
d80f4324efd9,1.0,2013,EXACT,1.0,2013,1.0,2013,1,5.0,B1,False,0.0,False
1f488133bc9c,22.0,2010,EXACT,22.0,2010,22.0,2010,1,7.0,B3,False,0.0,False
a04fce12c215,21.0,2011,MANUAL_APPNO_MATCH,21.0,2011,21.0,2011,1,,B3,False,0.0,False
b0c47da6a610,37.0,2009,EXACT,37.0,2009,37.0,2009,1,5.0,B4,False,0.0,False
894315f5d0ae,37.0,2009,EXACT,37.0,2009,37.0,2009,1,7.0,B4,False,0.0,False
ae1125f51dbc,33.0,2009,EXACT,33.0,2009,33.0,2009,1,6.0,B4,False,0.0,False
2a6d9520795d,31.0,2009,EXACT,31.0,2009,31.0,2009,1,6.0,B4,False,0.0,False
884eb3675da3,32.0,2011,EXACT,32.0,2011,32.0,2011,1,8.0,B4,False,0.0,False
25b7fee08b63,9.0,2010,EXACT,9.0,2010,9.0,2010,1,5.0,B1,False,0.0,False
7c8beebf83e6,15.0,2009,EXACT,15.0,2009,15.0,2009,1,8.0,B2,False,0.0,False
17fb0f372526,38.0,2011,EXACT,38.0,2011,38.0,2011,1,8.0,B4,False,0.0,False
ee39d3505a67,23.0,2010,EXACT,23.0,2010,23.0,2010,1,7.0,B3,False,0.0,False
167d81139c21,34.0,2008,EXACT,34.0,2008,34.0,2008,1,6.0,B4,False,0.0,False
69aa9780e6f1,27.0,2008,EXACT,27.0,2008,27.0,2008,1,6.0,B3,False,0.0,False
8ca861447297,38.0,2011,MANUAL_APPNO_MATCH,38.0,2011,38.0,2011,1,,B4,False,0.0,False
d1185aedad3d,9.0,2014,EXACT,9.0,2014,9.0,2014,1,6.0,B1,False,0.0,False
cb8f3f35d88a,26.0,2006,EXACT,26.0,2006,26.0,2006,1,9.0,B3,False,0.0,False
f82138571517,9.0,2006,EXACT,9.0,2006,9.0,2006,1,6.0,B1,False,0.0,False
ec8017f217a7,9.0,2007,MANUAL_APPNO_MATCH,9.0,2007,9.0,2007,1,,B1,False,0.0,False
2c9bbf6baeb5,24.0,2011,MANUAL_APPNO_MATCH,24.0,2011,24.0,2011,1,,B3,False,0.0,False
5f01102457e9,37.0,2011,MANUAL_APPNO_MATCH,37.0,2011,37.0,2011,1,,B4,False,0.0,False
5caea5143b48,23.0,2007,MANUAL_APPNO_MATCH,23.0,2007,23.0,2007,1,,B3,False,0.0,False
ac7d05c61081,20.0,2009,EXACT,20.0,2009,20.0,2009,1,6.0,B3,False,0.0,False
43a2fe6d7794,21.0,2013,MANUAL_APPNO_MATCH,21.0,2013,21.0,2013,2,,B3,False,0.0,False
b300f0b7d97a,5.0,2006,EXACT,5.0,2006,5.0,2006,1,7.0,B1,False,0.0,False
90b4ee66619b,30.0,2006,EXACT,30.0,2006,30.0,2006,1,6.0,B4,False,0.0,False
2574d88ae967,7.0,2007,EXACT,7.0,2007,7.0,2007,1,7.0,B1,False,0.0,False
88e6de8d5560,22.0,2006,MANUAL_APPNO_MATCH,53.0,2007,53.0,2007,2,,B3,True,31.0,True
f4e3d60f87e2,34.0,2011,EXACT,34.0,2011,34.0,2011,1,5.0,B4,False,0.0,False
56802f5d41ca,37.0,2010,EXACT,37.0,2010,37.0,2010,1,7.0,B4,False,0.0,False
c5dd54075496,7.0,2010,EXACT,7.0,2010,7.0,2010,1,8.0,B1,False,0.0,False
d1953389e413,10.0,2013,EXACT,10.0,2013,10.0,2013,1,9.0,B2,False,0.0,False
3b6a9e3e4c0e,38.0,2014,EXACT,38.0,2014,38.0,2014,1,6.0,B4,False,0.0,False
cac1886775cc,23.0,2007,EXACT,23.0,2007,23.0,2007,1,6.0,B3,False,0.0,False
d9796f045d5a,37.0,2009,EXACT,37.0,2009,37.0,2009,1,8.0,B4,False,0.0,False
aa0f42282857,9.0,2010,EXACT,9.0,2010,9.0,2010,1,9.0,B1,False,0.0,False
ef5d0fda89a0,20.0,2010,EXACT,20.0,2010,20.0,2010,1,7.0,B3,False,0.0,False
1976149de4c3,36.0,2012,EXACT,36.0,2012,36.0,2012,1,7.0,B4,False,0.0,False
c529252cc635,20.0,2012,EXACT,20.0,2012,20.0,2012,1,6.0,B3,False,0.0,False
4f213364d7ca,35.0,2012,EXACT,35.0,2012,35.0,2012,1,7.0,B4,False,0.0,False
8799fc3963bc,27.0,2009,EXACT,27.0,2009,27.0,2009,1,7.0,B3,False,0.0,False
1df5e0abbe0a,27.0,2013,EXACT,27.0,2013,27.0,2013,1,6.0,B3,False,0.0,False
8099f810c893,34.0,2012,EXACT,34.0,2012,34.0,2012,1,8.0,B4,False,0.0,False
bb1880c780b9,25.0,2009,EXACT,25.0,2009,25.0,2009,1,5.0,B3,False,0.0,False
6f16fb580d9c,15.0,2012,EXACT,15.0,2012,15.0,2012,1,6.0,B2,False,0.0,False
8b38450b8d7b,27.0,2006,EXACT,27.0,2006,27.0,2006,1,8.0,B3,False,0.0,False
f2a569ee5834,11.0,2009,EXACT,11.0,2009,11.0,2009,1,10.0,B2,False,0.0,False
26fa43f8ed19,32.0,2010,EXACT,32.0,2010,32.0,2010,1,5.0,B4,False,0.0,False
eba803bbe496,34.0,2009,EXACT,34.0,2009,34.0,2009,1,8.0,B4,False,0.0,False
37279af5864d,23.0,2009,EXACT,23.0,2009,23.0,2009,1,10.0,B3,False,0.0,False
1e82d40821d7,9.0,2012,EXACT,9.0,2012,9.0,2012,1,7.0,B1,False,0.0,False
ee488381bd1d,28.0,2010,EXACT,28.0,2010,28.0,2010,1,6.0,B3,False,0.0,False
a16963cdbc61,35.0,2009,MANUAL_APPNO_MATCH,35.0,2009,35.0,2009,1,,B4,False,0.0,False
7cdbd0774d51,15.0,2007,MANUAL_APPNO_MATCH,15.0,2007,15.0,2007,1,,B2,False,0.0,False
6a04d8931433,6.0,2010,EXACT,6.0,2010,6.0,2010,1,6.0,B1,False,0.0,False
534b72ff24fa,33.0,2010,EXACT,33.0,2010,33.0,2010,1,7.0,B4,False,0.0,False
52fcac4cebb3,23.0,2012,EXACT,23.0,2012,23.0,2012,1,7.0,B3,False,0.0,False
fd1a5038ba13,9.0,2009,EXACT,9.0,2009,9.0,2009,1,7.0,B1,False,0.0,False
06b3e3d08f2c,31.0,2012,EXACT,31.0,2012,31.0,2012,1,5.0,B4,False,0.0,False
9afd12687666,21.0,2009,EXACT,21.0,2009,21.0,2009,1,9.0,B3,False,0.0,False
bf6b73859999,32.0,2012,EXACT,32.0,2012,32.0,2012,1,8.0,B4,False,0.0,False
d1a1b75b6689,19.0,2013,EXACT,19.0,2013,19.0,2013,1,7.0,B2,False,0.0,False
8f3dd34d8717,21.0,2006,EXACT,21.0,2006,21.0,2006,1,6.0,B3,False,0.0,False
11675b23a455,8.0,2010,EXACT,8.0,2010,8.0,2010,1,9.0,B1,False,0.0,False
9ea266ad23d6,11.0,2010,EXACT,11.0,2010,11.0,2010,1,9.0,B2,False,0.0,False
318b9f054e10,34.0,2007,EXACT,34.0,2007,34.0,2007,1,9.0,B4,False,0.0,False
e7d1abc99f43,36.0,2014,EXACT,36.0,2014,36.0,2014,1,5.0,B4,False,0.0,False
995a1006a2cd,6.0,2007,EXACT,6.0,2007,6.0,2007,1,7.0,B1,False,0.0,False
c036fe81b874,11.0,2009,EXACT,11.0,2009,11.0,2009,1,7.0,B2,False,0.0,False
2b7c86e68b8f,25.0,2006,MANUAL_APPNO_MATCH,25.0,2006,25.0,2006,1,,B3,False,0.0,False
a7329c5d425c,32.0,2010,EXACT,32.0,2010,32.0,2010,1,6.0,B4,False,0.0,False
170887eccb47,22.0,2012,EXACT,22.0,2012,22.0,2012,1,6.0,B3,False,0.0,False
5579b23a6d46,37.0,2006,EXACT,37.0,2006,37.0,2006,1,7.0,B4,False,0.0,False
632cad65f884,26.0,2006,MANUAL_APPNO_MATCH,26.0,2006,26.0,2006,1,,B3,False,0.0,False
24fa82146e7c,38.0,2011,EXACT,38.0,2011,38.0,2011,1,7.0,B4,False,0.0,False
d17fa2847615,26.0,2010,EXACT,26.0,2010,26.0,2010,1,6.0,B3,False,0.0,False
02ef11b89fce,38.0,2011,EXACT,38.0,2011,38.0,2011,1,6.0,B4,False,0.0,False
a653de54eb4b,32.0,2009,EXACT,32.0,2009,32.0,2009,1,6.0,B4,False,0.0,False
261026f91294,25.0,2007,EXACT,25.0,2007,25.0,2007,1,6.0,B3,False,0.0,False
bb882ea7edfc,15.0,2010,EXACT,15.0,2010,15.0,2010,1,6.0,B2,False,0.0,False
596572cd81db,38.0,2011,EXACT,38.0,2011,38.0,2011,1,7.0,B4,False,0.0,False
1abc0e88109f,19.0,2011,EXACT,19.0,2011,19.0,2011,1,7.0,B2,False,0.0,False
4e28d6993631,20.0,2012,EXACT,20.0,2012,20.0,2012,1,5.0,B3,False,0.0,False
30877ea00374,20.0,2013,EXACT,20.0,2013,20.0,2013,1,5.0,B3,False,0.0,False
bfd209b886ac,30.0,2010,MANUAL_APPNO_MATCH,30.0,2010,30.0,2010,1,,B4,False,0.0,False
4d2b87568b0d,26.0,2007,EXACT,26.0,2007,26.0,2007,1,5.0,B3,False,0.0,False
0a2198fee724,35.0,2012,EXACT,35.0,2012,35.0,2012,1,6.0,B4,False,0.0,False
7ef3b7e840c7,13.0,2011,EXACT,13.0,2011,13.0,2011,1,8.0,B2,False,0.0,False
9e411506b022,15.0,2006,EXACT,15.0,2006,15.0,2006,1,9.0,B2,False,0.0,False
ce8940673133,18.0,2007,EXACT,18.0,2007,18.0,2007,1,6.0,B2,False,0.0,False
4a1cfddd5dc9,12.0,2007,EXACT,12.0,2007,12.0,2007,1,6.0,B2,False,0.0,False
b798f72aa1a1,5.0,2006,EXACT,5.0,2006,5.0,2006,1,7.0,B1,False,0.0,False
2654e2c729fd,30.0,2008,EXACT,30.0,2008,30.0,2008,1,9.0,B4,False,0.0,False
3ee8a5f362c2,38.0,2013,EXACT,38.0,2013,38.0,2013,1,6.0,B4,False,0.0,False
6fe5e80ee430,18.0,2011,MANUAL_APPNO_MATCH,18.0,2011,18.0,2011,1,,B2,False,0.0,False
5bb23ffaf594,27.0,2008,MANUAL_APPNO_MATCH,49.0,2008,27.0,2008,2,,B3,True,22.0,False
f1e804ed2624,19.0,2006,EXACT,19.0,2006,19.0,2006,1,6.0,B2,False,0.0,False
5b15df23ed91,23.0,2014,EXACT,23.0,2014,23.0,2014,1,6.0,B3,False,0.0,False
4e8bd1afef5c,21.0,2008,EXACT,21.0,2008,21.0,2008,1,7.0,B3,False,0.0,False
e580a382dd83,18.0,2012,EXACT,18.0,2012,18.0,2012,1,6.0,B2,False,0.0,False
f2f5439148c8,33.0,2008,EXACT,33.0,2008,33.0,2008,1,6.0,B4,False,0.0,False
118bd4818f53,25.0,2010,EXACT,25.0,2010,25.0,2010,1,8.0,B3,False,0.0,False
84945bcbbe77,18.0,2012,EXACT,18.0,2012,18.0,2012,1,6.0,B2,False,0.0,False
65c56de5a2b0,22.0,2006,EXACT,22.0,2006,22.0,2006,1,6.0,B3,False,0.0,False
6624bc042c2b,4.0,2010,EXACT,4.0,2010,4.0,2010,1,7.0,B1,False,0.0,False
8ecd56ae7de2,9.0,2010,MANUAL_APPNO_MATCH,9.0,2010,9.0,2010,1,,B1,False,0.0,False
976249f4e6c7,17.0,2009,EXACT,17.0,2009,17.0,2009,1,9.0,B2,False,0.0,False
dfb59dce521f,39.0,2010,EXACT,39.0,2010,39.0,2010,1,5.0,B4,False,0.0,False
c8f019dd6997,26.0,2006,EXACT,26.0,2006,26.0,2006,1,6.0,B3,False,0.0,False
bec79cbe71bd,33.0,2009,EXACT,33.0,2009,33.0,2009,1,13.0,B4,False,0.0,False
5704598b0c89,35.0,2011,EXACT,35.0,2011,35.0,2011,1,6.0,B4,False,0.0,False
ff4792b2b1be,36.0,2011,MANUAL_APPNO_MATCH,36.0,2011,36.0,2011,2,,B4,False,0.0,False
5ae0df0f89e9,20.0,2012,EXACT,20.0,2012,20.0,2012,1,5.0,B3,False,0.0,False
382a88ccad85,33.0,2007,EXACT,33.0,2007,33.0,2007,1,6.0,B4,False,0.0,False
b76db866f8e1,15.0,2009,EXACT,15.0,2009,15.0,2009,1,10.0,B2,False,0.0,False
b28d68a3b40f,32.0,2008,EXACT,32.0,2008,32.0,2008,1,6.0,B4,False,0.0,False
18d7ab6abbbc,36.0,2008,EXACT,36.0,2008,36.0,2008,1,6.0,B4,False,0.0,False
cd6c24c33ca4,6.0,2009,EXACT,6.0,2009,6.0,2009,1,7.0,B1,False,0.0,False
b780598e82c9,10.0,2009,EXACT,10.0,2009,10.0,2009,1,8.0,B2,False,0.0,False
3b40580b579e,32.0,2010,EXACT,32.0,2010,32.0,2010,1,7.0,B4,False,0.0,False
1972c21bafeb,38.0,2011,EXACT,38.0,2011,38.0,2011,1,5.0,B4,False,0.0,False
af6d18f88e80,32.0,2007,EXACT,32.0,2007,32.0,2007,1,10.0,B4,False,0.0,False
5012e2b14f5f,38.0,2012,EXACT,38.0,2012,38.0,2012,1,7.0,B4,False,0.0,False
3d3f70bd967b,17.0,2011,EXACT,17.0,2011,17.0,2011,1,5.0,B2,False,0.0,False
d5480156fbe0,3.0,2006,EXACT,3.0,2006,3.0,2006,1,9.0,B1,False,0.0,False
505ab887d1e0,39.0,2011,EXACT,39.0,2011,39.0,2011,1,7.0,B4,False,0.0,False
f96cb3792f11,19.0,2013,EXACT,19.0,2013,19.0,2013,1,6.0,B2,False,0.0,False
c46e3419a6f4,38.0,2009,EXACT,38.0,2009,38.0,2009,1,6.0,B4,False,0.0,False
04f12f168a47,28.0,2011,EXACT,28.0,2011,28.0,2011,1,7.0,B3,False,0.0,False
7500b93ff265,34.0,2007,EXACT,34.0,2007,34.0,2007,1,7.0,B4,False,0.0,False
065739f8a2be,26.0,2010,EXACT,26.0,2010,26.0,2010,1,6.0,B3,False,0.0,False
3209e27d0c0e,25.0,2011,EXACT,25.0,2011,25.0,2011,1,8.0,B3,False,0.0,False
c3dc8b15a0a6,19.0,2006,DETERMINISTIC_APPNO,19.0,2006,19.0,2006,1,,B2,False,0.0,False
23b98106a9cb,15.0,2011,MANUAL_APPNO_MATCH,15.0,2011,15.0,2011,1,,B2,False,0.0,False
f7b657ba887b,8.0,2007,EXACT,8.0,2007,8.0,2007,1,7.0,B1,False,0.0,False
129f47897f91,19.0,2012,EXACT,19.0,2012,19.0,2012,1,7.0,B2,False,0.0,False
3167087c1a4e,24.0,2008,EXACT,24.0,2008,24.0,2008,1,7.0,B3,False,0.0,False
0ffafcdea80f,20.0,2010,EXACT,20.0,2010,20.0,2010,1,9.0,B3,False,0.0,False
4bb944a8f742,34.0,2012,EXACT,34.0,2012,34.0,2012,1,6.0,B4,False,0.0,False
bf69b578d625,20.0,2008,EXACT,20.0,2008,20.0,2008,1,7.0,B3,False,0.0,False
2f3a04958af4,12.0,2006,EXACT,12.0,2006,12.0,2006,1,9.0,B2,False,0.0,False
42fdf53396a9,27.0,2008,EXACT,27.0,2008,27.0,2008,1,6.0,B3,False,0.0,False
f9afbc1bdb50,39.0,2011,EXACT,39.0,2011,39.0,2011,1,7.0,B4,False,0.0,False
e9deb929a2f1,16.0,2010,EXACT,16.0,2010,16.0,2010,1,8.0,B2,False,0.0,False
d211bf664ae8,38.0,2011,EXACT,38.0,2011,38.0,2011,1,5.0,B4,False,0.0,False
794c38db93cc,24.0,2007,EXACT,24.0,2007,24.0,2007,1,8.0,B3,False,0.0,False
980d584fc023,22.0,2011,EXACT,22.0,2011,22.0,2011,1,6.0,B3,False,0.0,False
2781214d758f,32.0,2011,EXACT,32.0,2011,32.0,2011,1,7.0,B4,False,0.0,False
46147c883d24,14.0,2007,EXACT,14.0,2007,14.0,2007,1,7.0,B2,False,0.0,False
546a39f3babd,14.0,2007,EXACT,14.0,2007,14.0,2007,1,7.0,B2,False,0.0,False
db8fe0ee880a,9.0,2009,EXACT,9.0,2009,9.0,2009,1,8.0,B1,False,0.0,False
a94c0faa167c,26.0,2010,EXACT,26.0,2010,26.0,2010,1,7.0,B3,False,0.0,False
f8356ee33fd0,12.0,2006,EXACT,12.0,2006,12.0,2006,1,6.0,B2,False,0.0,False
4e16869d93e2,25.0,2012,EXACT,25.0,2012,25.0,2012,1,5.0,B3,False,0.0,False
4fe91feac23d,23.0,2011,EXACT,23.0,2011,23.0,2011,1,7.0,B3,False,0.0,False
9d9c7e4e6548,7.0,2014,EXACT,7.0,2014,7.0,2014,1,7.0,B1,False,0.0,False
27a343bd4060,9.0,2011,EXACT,9.0,2011,9.0,2011,1,10.0,B1,False,0.0,False
06ace3930363,20.0,2010,EXACT,20.0,2010,20.0,2010,1,7.0,B3,False,0.0,False
3bf659019a61,36.0,2014,EXACT,36.0,2014,36.0,2014,1,7.0,B4,False,0.0,False
2a3803af58d8,31.0,2009,MANUAL_APPNO_MATCH,31.0,2009,31.0,2009,1,,B4,False,0.0,False
5eef409ccdf2,23.0,2008,EXACT,23.0,2008,23.0,2008,1,6.0,B3,False,0.0,False
3bdd70f26f11,15.0,2011,EXACT,15.0,2011,15.0,2011,1,8.0,B2,False,0.0,False
0ba6ff84f549,19.0,2011,EXACT,19.0,2011,19.0,2011,1,7.0,B2,False,0.0,False
ef16627c45d3,15.0,2008,MANUAL_APPNO_MATCH,15.0,2008,15.0,2008,1,,B2,False,0.0,False
574bc568809a,30.0,2012,MANUAL_APPNO_MATCH,30.0,2012,30.0,2012,1,,B4,False,0.0,False
8e3885de6fc9,15.0,2010,MANUAL_APPNO_MATCH,15.0,2010,15.0,2010,1,,B2,False,0.0,False
a38994be0a19,23.0,2012,EXACT,23.0,2012,23.0,2012,1,8.0,B3,False,0.0,False
763f9c7fa0ec,4.0,2013,EXACT,4.0,2013,4.0,2013,1,6.0,B1,False,0.0,False
3cc4bf3de131,12.0,2009,EXACT,12.0,2009,12.0,2009,1,6.0,B2,False,0.0,False
6cde5429c9b6,37.0,2011,EXACT,37.0,2011,37.0,2011,1,7.0,B4,False,0.0,False
68d86151f19f,36.0,2012,EXACT,36.0,2012,36.0,2012,1,7.0,B4,False,0.0,False
fa547aa6bcdf,20.0,2006,EXACT,20.0,2006,20.0,2006,1,6.0,B3,False,0.0,False
4e03fdb7f693,31.0,2010,EXACT,31.0,2010,31.0,2010,1,7.0,B4,False,0.0,False
7f15f88b6072,38.0,2010,EXACT,38.0,2010,38.0,2010,1,6.0,B4,False,0.0,False
10da4fbb6ce7,12.0,2011,EXACT,12.0,2011,12.0,2011,1,6.0,B2,False,0.0,False
b5bd25ffb345,6.0,2008,EXACT,6.0,2008,6.0,2008,1,7.0,B1,False,0.0,False
1c26b49e3099,35.0,2011,DETERMINISTIC_APPNO,35.0,2011,35.0,2011,1,,B4,False,0.0,False
7a9517d4d119,13.0,2011,EXACT,13.0,2011,13.0,2011,1,6.0,B2,False,0.0,False
9d967e03ab13,32.0,2012,EXACT,32.0,2012,32.0,2012,1,7.0,B4,False,0.0,False
ddca4087383c,23.0,2008,EXACT,23.0,2008,23.0,2008,1,7.0,B3,False,0.0,False
629272926c17,32.0,2006,EXACT,32.0,2006,32.0,2006,1,7.0,B4,False,0.0,False
38703305f967,36.0,2008,EXACT,36.0,2008,36.0,2008,1,9.0,B4,False,0.0,False
ec7f2513d55e,26.0,2008,EXACT,26.0,2008,26.0,2008,1,7.0,B3,False,0.0,False
c433c6f69776,10.0,2011,EXACT,10.0,2011,10.0,2011,1,7.0,B2,False,0.0,False
37ab03a01e1d,16.0,2013,EXACT,16.0,2013,16.0,2013,1,8.0,B2,False,0.0,False
da10cb4cf923,1.0,2008,EXACT,1.0,2008,1.0,2008,1,6.0,B1,False,0.0,False
c27b6936abf1,26.0,2013,EXACT,26.0,2013,26.0,2013,1,8.0,B3,False,0.0,False
5b7adf81f486,15.0,2009,EXACT,15.0,2009,15.0,2009,1,9.0,B2,False,0.0,False
690f4925c0b9,31.0,2008,EXACT,31.0,2008,31.0,2008,1,11.0,B4,False,0.0,False
520b20c664d9,21.0,2011,EXACT,21.0,2011,21.0,2011,1,6.0,B3,False,0.0,False
e1efe0daee46,15.0,2011,EXACT,15.0,2011,15.0,2011,1,7.0,B2,False,0.0,False
93f73dc57163,35.0,2014,EXACT,35.0,2014,35.0,2014,1,6.0,B4,False,0.0,False
f47257bde58b,26.0,2006,EXACT,26.0,2006,26.0,2006,1,7.0,B3,False,0.0,False
a37bb5cc1d8e,34.0,2007,EXACT,34.0,2007,34.0,2007,1,7.0,B4,False,0.0,False
24f8131a480f,35.0,2008,EXACT,35.0,2008,35.0,2008,1,8.0,B4,False,0.0,False
180ef6436f07,27.0,2007,EXACT,27.0,2007,27.0,2007,1,7.0,B3,False,0.0,False
85a66ad4ac91,21.0,2008,EXACT,21.0,2008,21.0,2008,1,6.0,B3,False,0.0,False
d4b465bb3b55,6.0,2008,EXACT,6.0,2008,6.0,2008,1,6.0,B1,False,0.0,False
056758382923,35.0,2010,EXACT,35.0,2010,35.0,2010,1,7.0,B4,False,0.0,False
bf9b003fa32a,36.0,2012,EXACT,36.0,2012,36.0,2012,1,6.0,B4,False,0.0,False
93031e7b6224,23.0,2013,EXACT,23.0,2013,23.0,2013,1,5.0,B3,False,0.0,False
92022ac185b9,10.0,2009,EXACT,10.0,2009,10.0,2009,1,5.0,B2,False,0.0,False
40e02fc5f09e,9.0,2007,EXACT,9.0,2007,9.0,2007,1,6.0,B1,False,0.0,False
ebb3eba7d80e,22.0,2012,EXACT,22.0,2012,22.0,2012,1,5.0,B3,False,0.0,False
a9d975cc31cc,18.0,2009,EXACT,18.0,2009,18.0,2009,1,6.0,B2,False,0.0,False
437ae03f2931,17.0,2008,EXACT,17.0,2008,17.0,2008,1,10.0,B2,False,0.0,False
1304217890e4,38.0,2012,EXACT,38.0,2012,38.0,2012,1,7.0,B4,False,0.0,False
f9f55e5eca4a,33.0,2009,EXACT,33.0,2009,33.0,2009,1,6.0,B4,False,0.0,False
be9f07cdc398,19.0,2007,EXACT,19.0,2007,19.0,2007,1,6.0,B2,False,0.0,False
316f96b93e2d,35.0,2009,EXACT,35.0,2009,35.0,2009,1,7.0,B4,False,0.0,False
cd54db8a9edc,5.0,2012,EXACT,5.0,2012,5.0,2012,1,6.0,B1,False,0.0,False
2fd7e1928431,27.0,2006,EXACT,27.0,2006,27.0,2006,1,11.0,B3,False,0.0,False
e326e8fc666c,39.0,2009,EXACT,39.0,2009,39.0,2009,1,9.0,B4,False,0.0,False
f2df7b2fb06c,13.0,2011,EXACT,13.0,2011,13.0,2011,1,7.0,B2,False,0.0,False
f7449ec26e15,16.0,2014,EXACT,16.0,2014,16.0,2014,1,7.0,B2,False,0.0,False
cf393b41dd0a,27.0,2010,EXACT,27.0,2010,27.0,2010,1,6.0,B3,False,0.0,False
0423c2f862e9,32.0,2011,EXACT,32.0,2011,32.0,2011,1,7.0,B4,False,0.0,False
b8aa047e1ba8,2.0,2008,EXACT,2.0,2008,2.0,2008,1,9.0,B1,False,0.0,False
cffa57a8f3fa,39.0,2011,EXACT,39.0,2011,39.0,2011,1,7.0,B4,False,0.0,False
f9a72ae027d8,38.0,2014,EXACT,38.0,2014,38.0,2014,1,6.0,B4,False,0.0,False
bf9bbf6164ab,28.0,2007,MANUAL_APPNO_MATCH,28.0,2007,28.0,2007,1,,B3,False,0.0,False
e140c249bde6,15.0,2008,EXACT,15.0,2008,15.0,2008,1,9.0,B2,False,0.0,False
be2b3fe320e1,2.0,2009,EXACT,2.0,2009,2.0,2009,1,6.0,B1,False,0.0,False
6ac6127f0e9f,38.0,2008,EXACT,38.0,2008,38.0,2008,1,6.0,B4,False,0.0,False
f24c65647d9e,37.0,2010,EXACT,37.0,2010,37.0,2010,1,5.0,B4,False,0.0,False
4644f4cc7805,30.0,2010,EXACT,30.0,2010,30.0,2010,1,9.0,B4,False,0.0,False
e76ed6772eb8,25.0,2011,EXACT,25.0,2011,25.0,2011,1,8.0,B3,False,0.0,False
e74dcd18c878,34.0,2010,EXACT,34.0,2010,34.0,2010,1,6.0,B4,False,0.0,False
4b9b8c929141,16.0,2009,EXACT,16.0,2009,16.0,2009,1,7.0,B2,False,0.0,False
08f9055c95d8,21.0,2009,EXACT,21.0,2009,21.0,2009,1,10.0,B3,False,0.0,False
8a0c14c31294,12.0,2013,EXACT,12.0,2013,12.0,2013,1,9.0,B2,False,0.0,False
0bd569b70cbe,20.0,2013,MANUAL_APPNO_MATCH,20.0,2013,20.0,2013,1,,B3,False,0.0,False
fd5793d0b8f5,22.0,2010,EXACT,22.0,2010,22.0,2010,1,5.0,B3,False,0.0,False
d26d881f4ba2,19.0,2010,EXACT,19.0,2010,19.0,2010,1,6.0,B2,False,0.0,False
5401617c6f45,39.0,2006,EXACT,39.0,2006,39.0,2006,1,8.0,B4,False,0.0,False
a5018037670b,13.0,2009,EXACT,13.0,2009,13.0,2009,1,8.0,B2,False,0.0,False
feb6391a26a2,26.0,2006,EXACT,26.0,2006,26.0,2006,1,8.0,B3,False,0.0,False
5765720cb585,27.0,2006,EXACT,27.0,2006,27.0,2006,1,6.0,B3,False,0.0,False
22975c3800dd,36.0,2006,EXACT,36.0,2006,36.0,2006,1,8.0,B4,False,0.0,False
c9fec810f6d4,12.0,2009,EXACT,12.0,2009,12.0,2009,1,8.0,B2,False,0.0,False
d5c7cb9d5c80,36.0,2007,EXACT,36.0,2007,36.0,2007,1,6.0,B4,False,0.0,False
61a6060b97ca,37.0,2008,EXACT,37.0,2008,37.0,2008,1,7.0,B4,False,0.0,False
ef5f786beee4,6.0,2009,EXACT,6.0,2009,6.0,2009,1,8.0,B1,False,0.0,False
98efcfda580a,39.0,2008,EXACT,39.0,2008,39.0,2008,1,11.0,B4,False,0.0,False
47b3f4f0b9ff,35.0,2010,EXACT,35.0,2010,35.0,2010,1,7.0,B4,False,0.0,False
375ca395e464,32.0,2006,EXACT,32.0,2006,32.0,2006,1,7.0,B4,False,0.0,False
bd56995f5ef5,38.0,2014,EXACT,38.0,2014,38.0,2014,1,8.0,B4,False,0.0,False
c8511fa65012,9.0,2006,EXACT,9.0,2006,9.0,2006,1,9.0,B1,False,0.0,False
e19c67153e62,36.0,2008,EXACT,36.0,2008,36.0,2008,1,8.0,B4,False,0.0,False
f599f1c24f64,28.0,2009,EXACT,28.0,2009,28.0,2009,1,6.0,B3,False,0.0,False
bc3fc5613b1a,22.0,2009,EXACT,22.0,2009,22.0,2009,1,10.0,B3,False,0.0,False
cf6ae23c6f3f,34.0,2010,EXACT,34.0,2010,34.0,2010,1,6.0,B4,False,0.0,False
152a447558bf,12.0,2009,EXACT,12.0,2009,12.0,2009,1,6.0,B2,False,0.0,False
44f3046ce2e2,28.0,2009,EXACT,28.0,2009,28.0,2009,1,8.0,B3,False,0.0,False
5795bc632e31,14.0,2012,EXACT,14.0,2012,14.0,2012,1,5.0,B2,False,0.0,False
03e115acb5b0,19.0,2012,EXACT,19.0,2012,19.0,2012,1,8.0,B2,False,0.0,False
bad563e743db,5.0,2006,EXACT,5.0,2006,5.0,2006,1,8.0,B1,False,0.0,False
95b0ede008e8,24.0,2009,EXACT,24.0,2009,24.0,2009,1,6.0,B3,False,0.0,False
c516871ffb0d,17.0,2010,MANUAL_APPNO_MATCH,17.0,2010,17.0,2010,1,,B2,False,0.0,False
2ab47e1c3bae,6.0,2007,EXACT,6.0,2007,6.0,2007,1,8.0,B1,False,0.0,False
3dacd9609888,33.0,2006,EXACT,33.0,2006,33.0,2006,1,7.0,B4,False,0.0,False
d6c2de3532f4,11.0,2007,MANUAL_APPNO_MATCH,11.0,2007,11.0,2007,1,,B2,False,0.0,False
a7b00e1821d8,25.0,2008,EXACT,25.0,2008,25.0,2008,1,7.0,B3,False,0.0,False
2b30a81b138f,27.0,2009,EXACT,27.0,2009,27.0,2009,1,7.0,B3,False,0.0,False
1ddc4b369cf2,27.0,2009,EXACT,27.0,2009,27.0,2009,1,9.0,B3,False,0.0,False
258437ddb88d,27.0,2010,EXACT,27.0,2010,27.0,2010,1,11.0,B3,False,0.0,False
a04c02eb31b6,21.0,2010,MANUAL_APPNO_MATCH,21.0,2010,21.0,2010,1,,B3,False,0.0,False
3c5c9ad3b94d,27.0,2010,EXACT,27.0,2010,27.0,2010,1,7.0,B3,False,0.0,False
f37ed800c150,24.0,2014,EXACT,24.0,2014,24.0,2014,1,6.0,B3,False,0.0,False
36c2b5639bca,6.0,2010,EXACT,6.0,2010,6.0,2010,1,7.0,B1,False,0.0,False
e5a704d81db9,33.0,2009,EXACT,33.0,2009,33.0,2009,1,7.0,B4,False,0.0,False
63ebe4f70f68,11.0,2008,MANUAL_APPNO_MATCH,11.0,2008,11.0,2008,1,,B2,False,0.0,False
158a02fdb4af,33.0,2013,EXACT,33.0,2013,33.0,2013,1,6.0,B4,False,0.0,False
4d92ee471eb8,7.0,2014,EXACT,7.0,2014,7.0,2014,1,5.0,B1,False,0.0,False
d668ff84e579,34.0,2011,EXACT,34.0,2011,34.0,2011,1,6.0,B4,False,0.0,False
67094bde2399,17.0,2012,EXACT,17.0,2012,17.0,2012,1,6.0,B2,False,0.0,False
0217d440140a,5.0,2012,EXACT,5.0,2012,5.0,2012,1,8.0,B1,False,0.0,False
fe7b8845c24e,36.0,2008,EXACT,36.0,2008,36.0,2008,1,6.0,B4,False,0.0,False
620ca3d0bb7f,34.0,2009,EXACT,34.0,2009,34.0,2009,1,8.0,B4,False,0.0,False
62004f05fc34,27.0,2010,MANUAL_APPNO_MATCH,27.0,2010,27.0,2010,1,,B3,False,0.0,False
3975e0b4e0c0,37.0,2009,EXACT,37.0,2009,37.0,2009,1,7.0,B4,False,0.0,False
d2af0037b754,34.0,2009,EXACT,34.0,2009,34.0,2009,1,6.0,B4,False,0.0,False
01f67626037a,25.0,2008,MANUAL_APPNO_MATCH,25.0,2008,25.0,2008,1,,B3,False,0.0,False
0b5acd87fd32,3.0,2009,EXACT,3.0,2009,3.0,2009,1,7.0,B1,False,0.0,False
9cc829f963f4,19.0,2011,MANUAL_APPNO_MATCH,19.0,2011,19.0,2011,1,,B2,False,0.0,False
7ff2213568f1,3.0,2008,EXACT,3.0,2008,3.0,2008,1,9.0,B1,False,0.0,False
409b24789982,19.0,2006,EXACT,19.0,2006,19.0,2006,1,14.0,B2,False,0.0,False
f53de543add7,30.0,2007,EXACT,30.0,2007,30.0,2007,1,5.0,B4,False,0.0,False
42ebcf5bef81,37.0,2009,EXACT,37.0,2009,37.0,2009,1,7.0,B4,False,0.0,False
4cf6e468fb0b,4.0,2008,MANUAL_APPNO_MATCH,4.0,2008,4.0,2008,1,,B1,False,0.0,False
32f5c814abb4,22.0,2007,EXACT,22.0,2007,22.0,2007,1,6.0,B3,False,0.0,False
9daad126fd63,32.0,2008,MANUAL_APPNO_MATCH,32.0,2008,32.0,2008,2,,B4,False,0.0,False
12ce8012d47e,9.0,2007,EXACT,9.0,2007,9.0,2007,1,8.0,B1,False,0.0,False
d22614d6de84,35.0,2010,EXACT,35.0,2010,35.0,2010,1,6.0,B4,False,0.0,False
8abe657ce69a,18.0,2006,EXACT,18.0,2006,18.0,2006,1,9.0,B2,False,0.0,False
61a984de8522,6.0,2012,EXACT,6.0,2012,6.0,2012,1,7.0,B1,False,0.0,False
485b933f3905,14.0,2010,EXACT,14.0,2010,14.0,2010,1,9.0,B2,False,0.0,False
b2a121303f14,26.0,2009,EXACT,26.0,2009,26.0,2009,1,8.0,B3,False,0.0,False
6d7511247e7e,21.0,2008,EXACT,21.0,2008,21.0,2008,1,6.0,B3,False,0.0,False
3fdbceb43f52,30.0,2012,EXACT,30.0,2012,30.0,2012,1,8.0,B4,False,0.0,False
0e2949a592fc,28.0,2006,EXACT,28.0,2006,28.0,2006,1,11.0,B3,False,0.0,False
f51623cae52a,28.0,2009,EXACT,28.0,2009,28.0,2009,1,5.0,B3,False,0.0,False
cef73ae7e39d,20.0,2010,EXACT,20.0,2010,20.0,2010,1,5.0,B3,False,0.0,False
8a8f2006e965,39.0,2012,EXACT,39.0,2012,39.0,2012,1,6.0,B4,False,0.0,False
c7ed0ad89443,35.0,2006,EXACT,35.0,2006,35.0,2006,1,5.0,B4,False,0.0,False
f3f3f51f70e8,20.0,2008,EXACT,20.0,2008,20.0,2008,1,6.0,B3,False,0.0,False
0722fc7ed840,14.0,2011,EXACT,14.0,2011,14.0,2011,1,7.0,B2,False,0.0,False
4890a6870d45,33.0,2008,EXACT,33.0,2008,33.0,2008,1,6.0,B4,False,0.0,False
dee016747b93,34.0,2011,EXACT,34.0,2011,34.0,2011,1,6.0,B4,False,0.0,False
3edc56d8bc1f,11.0,2009,EXACT,11.0,2009,11.0,2009,1,8.0,B2,False,0.0,False
05b1fa5db4ae,36.0,2012,EXACT,36.0,2012,36.0,2012,1,5.0,B4,False,0.0,False
73ebb00a843f,26.0,2006,EXACT,26.0,2006,26.0,2006,1,7.0,B3,False,0.0,False
034990c3c090,19.0,2009,EXACT,19.0,2009,19.0,2009,1,6.0,B2,False,0.0,False
2a955217f088,36.0,2012,EXACT,36.0,2012,36.0,2012,1,6.0,B4,False,0.0,False
e42c55e1d7f0,31.0,2010,EXACT,31.0,2010,31.0,2010,1,6.0,B4,False,0.0,False
86b00c4c1677,6.0,2013,EXACT,6.0,2013,6.0,2013,1,6.0,B1,False,0.0,False
c46134fb8b32,34.0,2011,EXACT,34.0,2011,34.0,2011,1,8.0,B4,False,0.0,False
f34620b265fc,38.0,2009,MANUAL_APPNO_MATCH,38.0,2009,38.0,2009,1,,B4,False,0.0,False
f3317a78717a,20.0,2009,EXACT,20.0,2009,20.0,2009,1,8.0,B3,False,0.0,False
b4656b28fa91,20.0,2008,EXACT,20.0,2008,20.0,2008,1,6.0,B3,False,0.0,False
860313f23894,9.0,2012,EXACT,9.0,2012,9.0,2012,1,7.0,B1,False,0.0,False
a3964e402c3c,23.0,2012,EXACT,23.0,2012,23.0,2012,1,7.0,B3,False,0.0,False
63bb5b3a59d4,17.0,2010,MANUAL_APPNO_MATCH,17.0,2010,17.0,2010,1,,B2,False,0.0,False
1cd77c6bf2d9,27.0,2009,EXACT,27.0,2009,27.0,2009,1,5.0,B3,False,0.0,False
15d4975ca413,32.0,2014,MANUAL_APPNO_MATCH,32.0,2014,32.0,2014,1,,B4,False,0.0,False
1852f7e68d7b,19.0,2010,EXACT,19.0,2010,19.0,2010,1,9.0,B2,False,0.0,False
f9daf0bc0ad5,36.0,2007,EXACT,36.0,2007,36.0,2007,1,10.0,B4,False,0.0,False
fe80ea896e51,13.0,2010,EXACT,13.0,2010,13.0,2010,1,7.0,B2,False,0.0,False
24f81a52ee7a,36.0,2009,EXACT,36.0,2009,36.0,2009,1,7.0,B4,False,0.0,False
92f01049437f,39.0,2009,EXACT,39.0,2009,39.0,2009,1,6.0,B4,False,0.0,False
5eb820daf3e5,8.0,2011,EXACT,8.0,2011,8.0,2011,1,11.0,B1,False,0.0,False
cefbc277ebea,32.0,2012,EXACT,32.0,2012,32.0,2012,1,7.0,B4,False,0.0,False
b4db6abe4601,26.0,2008,EXACT,26.0,2008,26.0,2008,1,8.0,B3,False,0.0,False
0b5cd2933c16,11.0,2011,MANUAL_APPNO_MATCH,11.0,2011,11.0,2011,1,,B2,False,0.0,False
0da48187cacd,11.0,2014,MANUAL_APPNO_MATCH,11.0,2014,11.0,2014,1,,B2,False,0.0,False
ddb61e17efb7,36.0,2008,EXACT,36.0,2008,36.0,2008,1,6.0,B4,False,0.0,False
62a211a6a670,28.0,2008,EXACT,28.0,2008,28.0,2008,1,5.0,B3,False,0.0,False
852cd7c2d5e5,18.0,2009,EXACT,18.0,2009,18.0,2009,1,10.0,B2,False,0.0,False
85e03e312468,2.0,2012,EXACT,2.0,2012,2.0,2012,1,9.0,B1,False,0.0,False
576fe7678cb0,39.0,2006,EXACT,39.0,2006,39.0,2006,1,6.0,B4,False,0.0,False
2053d24aa055,11.0,2006,MANUAL_APPNO_MATCH,11.0,2006,11.0,2006,1,,B2,False,0.0,False
b673fed1ff6e,33.0,2010,EXACT,33.0,2010,33.0,2010,1,5.0,B4,False,0.0,False
3005e98437fe,14.0,2007,EXACT,14.0,2007,14.0,2007,1,7.0,B2,False,0.0,False
dccbb883caa5,14.0,2010,EXACT,14.0,2010,14.0,2010,1,6.0,B2,False,0.0,False
097b15301aa4,25.0,2007,EXACT,25.0,2007,25.0,2007,1,5.0,B3,False,0.0,False
959bb73610d1,27.0,2008,EXACT,27.0,2008,27.0,2008,1,9.0,B3,False,0.0,False
9b073c8de30b,24.0,2007,EXACT,24.0,2007,24.0,2007,1,8.0,B3,False,0.0,False
7745a2068854,23.0,2009,EXACT,23.0,2009,23.0,2009,1,5.0,B3,False,0.0,False
344d6835a78d,24.0,2014,EXACT,24.0,2014,24.0,2014,1,5.0,B3,False,0.0,False
db6780c8ee34,11.0,2014,EXACT,11.0,2014,11.0,2014,1,6.0,B2,False,0.0,False
58ac19c8b20d,24.0,2010,EXACT,24.0,2010,24.0,2010,1,9.0,B3,False,0.0,False
85c766cbc22f,38.0,2009,EXACT,38.0,2009,38.0,2009,1,7.0,B4,False,0.0,False
9b4798a6a3d0,39.0,2008,EXACT,39.0,2008,39.0,2008,1,5.0,B4,False,0.0,False
f11ca33882e8,36.0,2008,DETERMINISTIC_APPNO,36.0,2008,36.0,2008,1,,B4,False,0.0,False
ee6140312d0d,19.0,2012,EXACT,19.0,2012,19.0,2012,1,10.0,B2,False,0.0,False
3a6d1a0b1d3c,29.0,2009,MANUAL_APPNO_MATCH,29.0,2009,29.0,2009,1,,B3,False,0.0,False
8444424fb383,19.0,2008,EXACT,19.0,2008,19.0,2008,1,6.0,B2,False,0.0,False
c95b0f7c7fe0,10.0,2010,EXACT,10.0,2010,10.0,2010,1,5.0,B2,False,0.0,False
024d9ed5299b,39.0,2013,EXACT,39.0,2013,39.0,2013,1,6.0,B4,False,0.0,False
cdcbd16cdfef,37.0,2011,EXACT,37.0,2011,37.0,2011,1,6.0,B4,False,0.0,False
487654acac56,19.0,2007,EXACT,19.0,2007,19.0,2007,1,7.0,B2,False,0.0,False
0cba78e65b02,34.0,2009,EXACT,34.0,2009,34.0,2009,1,11.0,B4,False,0.0,False
a6d74066b131,30.0,2008,EXACT,30.0,2008,30.0,2008,1,6.0,B4,False,0.0,False
d6c3ae2ff2fc,38.0,2010,EXACT,38.0,2010,38.0,2010,1,6.0,B4,False,0.0,False
4a5cf59ef083,34.0,2009,EXACT,34.0,2009,34.0,2009,1,10.0,B4,False,0.0,False
a855bed05333,34.0,2011,EXACT,34.0,2011,34.0,2011,1,7.0,B4,False,0.0,False
f1cd0256fb71,15.0,2009,EXACT,15.0,2009,15.0,2009,1,6.0,B2,False,0.0,False
75ddd62eadbb,33.0,2011,EXACT,33.0,2011,33.0,2011,1,7.0,B4,False,0.0,False
ed0157eea40a,27.0,2010,EXACT,27.0,2010,27.0,2010,1,8.0,B3,False,0.0,False
5018ed399db8,14.0,2009,EXACT,14.0,2009,14.0,2009,1,5.0,B2,False,0.0,False
18ed033b5a7a,16.0,2014,EXACT,16.0,2014,16.0,2014,1,6.0,B2,False,0.0,False
0454904a6a42,31.0,2010,EXACT,31.0,2010,31.0,2010,1,9.0,B4,False,0.0,False
4649122c7cf6,28.0,2010,EXACT,28.0,2010,28.0,2010,1,9.0,B3,False,0.0,False
dc3e2823ad8c,1.0,2013,EXACT,1.0,2013,1.0,2013,1,8.0,B1,False,0.0,False
4b91122b1921,9.0,2009,EXACT,9.0,2009,9.0,2009,1,8.0,B1,False,0.0,False
7ad0cd1418b8,29.0,2006,EXACT,29.0,2006,29.0,2006,1,7.0,B3,False,0.0,False
e2cdb0b17bf9,30.0,2009,EXACT,30.0,2009,30.0,2009,1,7.0,B4,False,0.0,False
e99367c0d842,39.0,2012,EXACT,39.0,2012,39.0,2012,1,7.0,B4,False,0.0,False
f4b89953d1f8,34.0,2008,EXACT,34.0,2008,34.0,2008,1,7.0,B4,False,0.0,False
3365944f41d1,9.0,2009,EXACT,9.0,2009,9.0,2009,1,6.0,B1,False,0.0,False
580bcddd7412,39.0,2006,EXACT,39.0,2006,39.0,2006,1,8.0,B4,False,0.0,False
54ec0bc8db20,22.0,2011,EXACT,22.0,2011,22.0,2011,1,7.0,B3,False,0.0,False
958362c80d71,27.0,2008,EXACT,27.0,2008,27.0,2008,1,7.0,B3,False,0.0,False
c27c9234f224,26.0,2006,EXACT,26.0,2006,26.0,2006,1,6.0,B3,False,0.0,False
63338b235c11,26.0,2006,EXACT,26.0,2006,26.0,2006,1,5.0,B3,False,0.0,False
07bca22d4b4d,21.0,2009,EXACT,21.0,2009,21.0,2009,1,12.0,B3,False,0.0,False
bd2a17d06430,8.0,2010,EXACT,8.0,2010,8.0,2010,1,6.0,B1,False,0.0,False
559cb373b647,33.0,2009,EXACT,33.0,2009,33.0,2009,1,8.0,B4,False,0.0,False
b6a19b50d7a1,7.0,2011,EXACT,7.0,2011,7.0,2011,1,8.0,B1,False,0.0,False
847b588046c5,23.0,2013,EXACT,23.0,2013,23.0,2013,1,6.0,B3,False,0.0,False
8c4151c65318,8.0,2007,EXACT,8.0,2007,8.0,2007,1,6.0,B1,False,0.0,False
313ffde60700,22.0,2009,EXACT,22.0,2009,22.0,2009,1,8.0,B3,False,0.0,False
a67acbbdd61b,36.0,2010,EXACT,36.0,2010,36.0,2010,1,8.0,B4,False,0.0,False
576889a7559e,10.0,2006,EXACT,10.0,2006,10.0,2006,1,7.0,B2,False,0.0,False
8e4528ad882f,29.0,2013,EXACT,29.0,2013,29.0,2013,1,6.0,B3,False,0.0,False
0ba308d4d17e,18.0,2009,EXACT,18.0,2009,18.0,2009,1,6.0,B2,False,0.0,False
c337da13e2f5,33.0,2009,EXACT,33.0,2009,33.0,2009,1,8.0,B4,False,0.0,False
5f35cc5df103,32.0,2008,EXACT,32.0,2008,32.0,2008,1,7.0,B4,False,0.0,False
6ef16763c828,19.0,2008,DETERMINISTIC_APPNO,19.0,2008,19.0,2008,1,,B2,False,0.0,False
c3083193c5ce,7.0,2013,EXACT,7.0,2013,7.0,2013,1,6.0,B1,False,0.0,False
cf731707b497,26.0,2012,EXACT,26.0,2012,26.0,2012,1,7.0,B3,False,0.0,False
7b0df19ee31d,21.0,2012,EXACT,21.0,2012,21.0,2012,1,8.0,B3,False,0.0,False
70e601dbaed6,37.0,2009,EXACT,37.0,2009,37.0,2009,1,8.0,B4,False,0.0,False
7f3ad0fc6df5,30.0,2007,EXACT,30.0,2007,30.0,2007,1,6.0,B4,False,0.0,False
209195222a8f,19.0,2013,EXACT,19.0,2013,19.0,2013,1,6.0,B2,False,0.0,False
638a137056cf,4.0,2007,EXACT,4.0,2007,4.0,2007,1,6.0,B1,False,0.0,False
b22b737aaa31,36.0,2014,EXACT,36.0,2014,36.0,2014,1,5.0,B4,False,0.0,False
ad67127b6821,37.0,2011,EXACT,37.0,2011,37.0,2011,1,7.0,B4,False,0.0,False
39d5de600c11,35.0,2008,EXACT,35.0,2008,35.0,2008,1,10.0,B4,False,0.0,False
a8346762a277,34.0,2009,EXACT,34.0,2009,34.0,2009,1,7.0,B4,False,0.0,False
8c04a6304a89,37.0,2009,EXACT,37.0,2009,37.0,2009,1,10.0,B4,False,0.0,False
0159060f01a4,23.0,2012,EXACT,23.0,2012,23.0,2012,1,8.0,B3,False,0.0,False
0f0815fc742f,32.0,2011,EXACT,32.0,2011,32.0,2011,1,7.0,B4,False,0.0,False
cc7e2281c4ee,26.0,2008,EXACT,26.0,2008,26.0,2008,1,7.0,B3,False,0.0,False
fe624218e1ec,37.0,2010,EXACT,37.0,2010,37.0,2010,1,6.0,B4,False,0.0,False
2a480be6c8a7,35.0,2011,EXACT,35.0,2011,35.0,2011,1,5.0,B4,False,0.0,False
25b3b86c56c0,38.0,2006,EXACT,38.0,2006,38.0,2006,1,6.0,B4,False,0.0,False
14d8d7e1f448,39.0,2007,EXACT,39.0,2007,39.0,2007,1,7.0,B4,False,0.0,False
b69932616f01,34.0,2006,EXACT,34.0,2006,34.0,2006,1,5.0,B4,False,0.0,False
b7587b94b082,22.0,2009,EXACT,22.0,2009,22.0,2009,1,7.0,B3,False,0.0,False
dcc35f2113fd,18.0,2011,EXACT,18.0,2011,18.0,2011,1,7.0,B2,False,0.0,False
14e6e9d833c7,24.0,2014,EXACT,24.0,2014,24.0,2014,1,7.0,B3,False,0.0,False
9dd3a3ca113c,32.0,2006,MANUAL_APPNO_MATCH,32.0,2006,32.0,2006,1,,B4,False,0.0,False
e1d63cb99942,32.0,2007,EXACT,32.0,2007,32.0,2007,1,7.0,B4,False,0.0,False
4ec041a739c9,21.0,2011,EXACT,21.0,2011,21.0,2011,1,6.0,B3,False,0.0,False
d20423c47709,10.0,2011,EXACT,10.0,2011,10.0,2011,1,6.0,B2,False,0.0,False
df684492f970,36.0,2013,EXACT,36.0,2013,36.0,2013,1,6.0,B4,False,0.0,False
48a6dbac4745,32.0,2011,EXACT,32.0,2011,32.0,2011,1,7.0,B4,False,0.0,False
a23d5b271a53,12.0,2007,EXACT,12.0,2007,12.0,2007,1,6.0,B2,False,0.0,False
304b5aafd507,38.0,2008,EXACT,38.0,2008,38.0,2008,1,7.0,B4,False,0.0,False
6024c98e2062,32.0,2012,EXACT,32.0,2012,32.0,2012,1,7.0,B4,False,0.0,False
17ea91060832,1.0,2006,MANUAL_APPNO_MATCH,1.0,2006,1.0,2006,1,,B1,False,0.0,False
735e1ee6281d,36.0,2008,MANUAL_APPNO_MATCH,36.0,2008,36.0,2008,1,,B4,False,0.0,False
13e669c044ef,4.0,2012,EXACT,4.0,2012,4.0,2012,1,7.0,B1,False,0.0,False
84f89fa5a842,36.0,2007,EXACT,36.0,2007,36.0,2007,1,6.0,B4,False,0.0,False
22dbad200dcb,17.0,2009,EXACT,17.0,2009,17.0,2009,1,6.0,B2,False,0.0,False
140840833d56,30.0,2013,EXACT,30.0,2013,30.0,2013,1,6.0,B4,False,0.0,False
bcbe9ee35e7d,15.0,2010,EXACT,15.0,2010,15.0,2010,1,7.0,B2,False,0.0,False
ff8726ae4c4b,2.0,2010,EXACT,2.0,2010,2.0,2010,1,7.0,B1,False,0.0,False
e8a301b72561,16.0,2008,MANUAL_APPNO_MATCH,16.0,2008,16.0,2008,1,,B2,False,0.0,False
4fb06a952df3,34.0,2009,EXACT,34.0,2009,34.0,2009,1,6.0,B4,False,0.0,False
7a8f7406d384,2.0,2010,EXACT,2.0,2010,2.0,2010,1,8.0,B1,False,0.0,False
eb2154fea585,34.0,2011,EXACT,34.0,2011,34.0,2011,1,7.0,B4,False,0.0,False
e2c9e328ce27,32.0,2014,EXACT,32.0,2014,32.0,2014,1,5.0,B4,False,0.0,False
9ee75d96fd35,39.0,2014,EXACT,39.0,2014,39.0,2014,1,8.0,B4,False,0.0,False
f93780f51e04,34.0,2006,EXACT,34.0,2006,34.0,2006,1,6.0,B4,False,0.0,False
e6972dcadb20,2.0,2008,EXACT,2.0,2008,2.0,2008,1,10.0,B1,False,0.0,False
153f053002a6,16.0,2011,EXACT,16.0,2011,16.0,2011,1,7.0,B2,False,0.0,False
35a2e56b6d7b,12.0,2012,EXACT,12.0,2012,12.0,2012,1,8.0,B2,False,0.0,False
2c35ffd051d4,13.0,2010,MANUAL_APPNO_MATCH,13.0,2010,13.0,2010,1,,B2,False,0.0,False
3a4eb458a976,9.0,2006,EXACT,9.0,2006,9.0,2006,1,5.0,B1,False,0.0,False
c055cb2be51e,11.0,2006,EXACT,11.0,2006,11.0,2006,1,8.0,B2,False,0.0,False
2ddcb0f9f3f7,11.0,2009,EXACT,11.0,2009,11.0,2009,1,8.0,B2,False,0.0,False
5dfed23b9ab9,6.0,2013,MANUAL_APPNO_MATCH,6.0,2013,6.0,2013,1,,B1,False,0.0,False
b285d47157f9,27.0,2010,EXACT,27.0,2010,27.0,2010,1,7.0,B3,False,0.0,False
7465c5d729cd,32.0,2014,EXACT,32.0,2014,32.0,2014,1,5.0,B4,False,0.0,False
f3734daccab9,18.0,2007,EXACT,18.0,2007,18.0,2007,1,7.0,B2,False,0.0,False
3207d77e3578,9.0,2010,EXACT,9.0,2010,9.0,2010,1,7.0,B1,False,0.0,False
4127cb3bfcd9,17.0,2009,EXACT,17.0,2009,17.0,2009,1,6.0,B2,False,0.0,False
7d4beb93705f,33.0,2011,EXACT,33.0,2011,33.0,2011,1,5.0,B4,False,0.0,False
de1ca5c39d99,9.0,2007,EXACT,9.0,2007,9.0,2007,1,6.0,B1,False,0.0,False
a0dbb7632fbe,4.0,2008,EXACT,4.0,2008,4.0,2008,1,10.0,B1,False,0.0,False
96e9679e12d8,7.0,2008,EXACT,7.0,2008,7.0,2008,1,6.0,B1,False,0.0,False
cbc74fac2c9a,9.0,2012,EXACT,9.0,2012,9.0,2012,1,6.0,B1,False,0.0,False
6747b24e80d2,23.0,2006,EXACT,23.0,2006,23.0,2006,1,7.0,B3,False,0.0,False
dc22f8898ce3,31.0,2007,EXACT,31.0,2007,31.0,2007,1,8.0,B4,False,0.0,False
5a0647265b0e,33.0,2013,EXACT,33.0,2013,33.0,2013,1,6.0,B4,False,0.0,False
39ff2159cc29,32.0,2010,EXACT,32.0,2010,32.0,2010,1,10.0,B4,False,0.0,False
133417f555b0,20.0,2011,EXACT,20.0,2011,20.0,2011,1,8.0,B3,False,0.0,False
a70783cf1048,23.0,2010,EXACT,23.0,2010,23.0,2010,1,6.0,B3,False,0.0,False
e27d4544e6a1,31.0,2011,EXACT,31.0,2011,31.0,2011,1,5.0,B4,False,0.0,False
3ed0172fcda0,7.0,2009,EXACT,7.0,2009,7.0,2009,1,7.0,B1,False,0.0,False
f951704725eb,20.0,2013,EXACT,20.0,2013,20.0,2013,1,9.0,B3,False,0.0,False
412c5d1493d5,23.0,2009,EXACT,23.0,2009,23.0,2009,1,6.0,B3,False,0.0,False
696ca07482d4,38.0,2008,EXACT,38.0,2008,38.0,2008,1,7.0,B4,False,0.0,False
7d1716df9e3b,19.0,2012,EXACT,19.0,2012,19.0,2012,1,5.0,B2,False,0.0,False
e105aa7523bf,19.0,2012,EXACT,19.0,2012,19.0,2012,1,5.0,B2,False,0.0,False
f2c679e39192,39.0,2012,EXACT,39.0,2012,39.0,2012,1,8.0,B4,False,0.0,False
c1d79a84c6a3,10.0,2006,EXACT,10.0,2006,10.0,2006,1,6.0,B2,False,0.0,False
bffe853a1507,32.0,2012,EXACT,32.0,2012,32.0,2012,1,6.0,B4,False,0.0,False
b19de862be5f,33.0,2010,EXACT,33.0,2010,33.0,2010,1,8.0,B4,False,0.0,False
96f3afee38a8,34.0,2008,EXACT,34.0,2008,34.0,2008,1,7.0,B4,False,0.0,False
a429d9639a72,23.0,2012,MANUAL_APPNO_MATCH,23.0,2012,23.0,2012,1,,B3,False,0.0,False
26f814e79e42,26.0,2006,EXACT,26.0,2006,26.0,2006,1,5.0,B3,False,0.0,False
36ed70e4d469,17.0,2011,EXACT,17.0,2011,17.0,2011,1,7.0,B2,False,0.0,False
39489541daac,34.0,2011,EXACT,34.0,2011,34.0,2011,1,7.0,B4,False,0.0,False
1619d9fd9423,13.0,2014,EXACT,13.0,2014,13.0,2014,1,5.0,B2,False,0.0,False
f117289397ce,36.0,2007,EXACT,36.0,2007,36.0,2007,1,6.0,B4,False,0.0,False
2d89a9d68d7f,25.0,2006,EXACT,25.0,2006,25.0,2006,1,6.0,B3,False,0.0,False
ca236bb40914,34.0,2008,EXACT,34.0,2008,34.0,2008,1,8.0,B4,False,0.0,False
b1a6b5734a7c,36.0,2010,EXACT,36.0,2010,36.0,2010,1,8.0,B4,False,0.0,False
6610976f58a3,20.0,2013,EXACT,20.0,2013,20.0,2013,1,8.0,B3,False,0.0,False
8694f3252ebb,38.0,2010,EXACT,38.0,2010,38.0,2010,1,6.0,B4,False,0.0,False
3ea7106c35b3,38.0,2011,EXACT,38.0,2011,38.0,2011,1,7.0,B4,False,0.0,False
7c93ba59028b,15.0,2011,EXACT,15.0,2011,15.0,2011,1,6.0,B2,False,0.0,False
20cbf81b909b,10.0,2007,MANUAL_APPNO_MATCH,10.0,2007,10.0,2007,1,,B2,False,0.0,False
7569073bdbfd,31.0,2009,EXACT,31.0,2009,31.0,2009,1,8.0,B4,False,0.0,False
5805a27fc7d6,31.0,2006,EXACT,31.0,2006,31.0,2006,1,7.0,B4,False,0.0,False
4cd20b96b082,9.0,2007,MANUAL_APPNO_MATCH,9.0,2007,9.0,2007,1,,B1,False,0.0,False
c01893a13db0,2.0,2009,EXACT,2.0,2009,2.0,2009,1,8.0,B1,False,0.0,False
4cd253c8f8ae,32.0,2011,EXACT,32.0,2011,32.0,2011,1,5.0,B4,False,0.0,False
f1986212386d,32.0,2010,MANUAL_APPNO_MATCH,32.0,2010,32.0,2010,1,,B4,False,0.0,False
80861bb6b6b3,24.0,2014,EXACT,24.0,2014,24.0,2014,1,7.0,B3,False,0.0,False
3ce01fdd35b4,36.0,2006,EXACT,36.0,2006,36.0,2006,1,8.0,B4,False,0.0,False
8a06f2e40903,21.0,2009,EXACT,21.0,2009,21.0,2009,1,8.0,B3,False,0.0,False
9920214e369a,11.0,2009,EXACT,11.0,2009,11.0,2009,1,6.0,B2,False,0.0,False
6bdae11ffa02,5.0,2008,EXACT,5.0,2008,5.0,2008,1,8.0,B1,False,0.0,False
be274256487d,22.0,2010,EXACT,22.0,2010,22.0,2010,1,7.0,B3,False,0.0,False
e8b158b7222f,36.0,2010,EXACT,36.0,2010,36.0,2010,1,6.0,B4,False,0.0,False
2920d6bd3bbe,25.0,2010,EXACT,25.0,2010,25.0,2010,1,8.0,B3,False,0.0,False
9876fe7d26ca,11.0,2011,EXACT,11.0,2011,11.0,2011,1,5.0,B2,False,0.0,False
c6a78a76c4d6,12.0,2011,EXACT,12.0,2011,12.0,2011,1,9.0,B2,False,0.0,False
42df81c6bbac,18.0,2011,EXACT,18.0,2011,18.0,2011,1,9.0,B2,False,0.0,False
b4b0df6bbf2f,38.0,2012,EXACT,38.0,2012,38.0,2012,1,6.0,B4,False,0.0,False
ef2d88f535f1,20.0,2010,EXACT,20.0,2010,20.0,2010,1,7.0,B3,False,0.0,False
1784f4fa9465,16.0,2007,EXACT,16.0,2007,16.0,2007,1,7.0,B2,False,0.0,False
37c8c2075d5d,38.0,2009,EXACT,38.0,2009,38.0,2009,1,6.0,B4,False,0.0,False
84e412e44059,5.0,2008,EXACT,5.0,2008,5.0,2008,1,10.0,B1,False,0.0,False
ebe7e18e48ac,21.0,2008,EXACT,21.0,2008,21.0,2008,1,7.0,B3,False,0.0,False
b46f738cfcab,3.0,2008,EXACT,3.0,2008,3.0,2008,1,10.0,B1,False,0.0,False
dc5a87bae5d4,23.0,2009,EXACT,23.0,2009,23.0,2009,1,7.0,B3,False,0.0,False
6a61b0ce4ddb,11.0,2009,EXACT,11.0,2009,11.0,2009,1,7.0,B2,False,0.0,False
23ac1e838d27,15.0,2007,EXACT,15.0,2007,15.0,2007,1,8.0,B2,False,0.0,False
d4bfd4bf9be7,37.0,2011,EXACT,37.0,2011,37.0,2011,1,7.0,B4,False,0.0,False
5c519b499ae8,36.0,2009,MANUAL_APPNO_MATCH,36.0,2009,36.0,2009,1,,B4,False,0.0,False
ac38fa364ec0,13.0,2006,EXACT,13.0,2006,13.0,2006,1,7.0,B2,False,0.0,False
3f9956d2bfbd,19.0,2010,EXACT,19.0,2010,19.0,2010,1,6.0,B2,False,0.0,False
3972fb49bda8,36.0,2008,EXACT,36.0,2008,36.0,2008,1,7.0,B4,False,0.0,False
b44a232e0955,39.0,2011,EXACT,39.0,2011,39.0,2011,1,5.0,B4,False,0.0,False
92b70efb08e3,34.0,2012,MANUAL_APPNO_MATCH,34.0,2012,34.0,2012,2,,B4,False,0.0,False
31f8d8bb97fd,36.0,2013,EXACT,36.0,2013,36.0,2013,1,9.0,B4,False,0.0,False
45b4f7d90938,27.0,2010,EXACT,27.0,2010,27.0,2010,1,7.0,B3,False,0.0,False
de983c19c838,29.0,2011,EXACT,29.0,2011,29.0,2011,1,7.0,B3,False,0.0,False
3cb725fdcd2d,27.0,2011,EXACT,27.0,2011,27.0,2011,1,8.0,B3,False,0.0,False
67fed9279866,36.0,2006,EXACT,36.0,2006,36.0,2006,1,6.0,B4,False,0.0,False
e7e1e6e02e40,14.0,2010,EXACT,14.0,2010,14.0,2010,1,9.0,B2,False,0.0,False
71be4135ea40,19.0,2011,EXACT,19.0,2011,19.0,2011,1,7.0,B2,False,0.0,False
864c6c9073f4,10.0,2013,EXACT,10.0,2013,10.0,2013,1,6.0,B2,False,0.0,False
788c06847efc,6.0,2006,MANUAL_APPNO_MATCH,6.0,2006,6.0,2006,1,,B1,False,0.0,False
40cbf93392ee,31.0,2011,EXACT,31.0,2011,31.0,2011,1,7.0,B4,False,0.0,False
219cb006c9e3,9.0,2009,EXACT,9.0,2009,9.0,2009,1,8.0,B1,False,0.0,False
57d4e91cf4a7,12.0,2006,DETERMINISTIC_APPNO,12.0,2006,12.0,2006,1,,B2,False,0.0,False
84978141cb15,39.0,2010,EXACT,39.0,2010,39.0,2010,1,8.0,B4,False,0.0,False
f88337d6f472,17.0,2011,EXACT,17.0,2011,17.0,2011,1,8.0,B2,False,0.0,False
b08bb1633c8d,23.0,2007,EXACT,23.0,2007,23.0,2007,1,7.0,B3,False,0.0,False
85da2d5032ec,32.0,2007,EXACT,32.0,2007,32.0,2007,1,6.0,B4,False,0.0,False
6fc5eda61e8d,33.0,2007,MANUAL_APPNO_MATCH,33.0,2007,33.0,2007,1,,B4,False,0.0,False
bc744d86bbca,19.0,2010,EXACT,19.0,2010,19.0,2010,1,6.0,B2,False,0.0,False
d4fe59e1ec4c,23.0,2010,EXACT,23.0,2010,23.0,2010,1,8.0,B3,False,0.0,False
55f4c23fb838,18.0,2011,EXACT,18.0,2011,18.0,2011,1,7.0,B2,False,0.0,False
00609646cb67,27.0,2008,EXACT,27.0,2008,27.0,2008,1,6.0,B3,False,0.0,False
f3b5a54be6dc,14.0,2010,EXACT,14.0,2010,14.0,2010,1,6.0,B2,False,0.0,False
4167555dff95,8.0,2010,EXACT,8.0,2010,8.0,2010,1,8.0,B1,False,0.0,False
c8bd0cc56cc8,33.0,2011,EXACT,33.0,2011,33.0,2011,1,6.0,B4,False,0.0,False
9f8134ca7deb,35.0,2012,MANUAL_APPNO_MATCH,35.0,2012,35.0,2012,1,,B4,False,0.0,False
34b4a26c73fd,4.0,2006,EXACT,4.0,2006,4.0,2006,1,8.0,B1,False,0.0,False
dcc900b747cd,26.0,2010,EXACT,26.0,2010,26.0,2010,1,8.0,B3,False,0.0,False
712ddd81ce87,31.0,2011,EXACT,31.0,2011,31.0,2011,1,5.0,B4,False,0.0,False
9ddfd90cf77c,27.0,2007,EXACT,27.0,2007,27.0,2007,1,6.0,B3,False,0.0,False
bd216f45a68a,15.0,2006,EXACT,15.0,2006,15.0,2006,1,6.0,B2,False,0.0,False
775f55b8d3bd,10.0,2011,EXACT,10.0,2011,10.0,2011,1,5.0,B2,False,0.0,False
4a905cbae2af,32.0,2011,MANUAL_APPNO_MATCH,32.0,2011,32.0,2011,1,,B4,False,0.0,False
c5e63a40113c,15.0,2009,EXACT,15.0,2009,15.0,2009,1,8.0,B2,False,0.0,False
3deaaf38783d,37.0,2012,EXACT,37.0,2012,37.0,2012,1,5.0,B4,False,0.0,False
d5f89586cb1f,38.0,2007,EXACT,38.0,2007,38.0,2007,1,6.0,B4,False,0.0,False
ef4eaa70d438,12.0,2011,EXACT,12.0,2011,12.0,2011,1,6.0,B2,False,0.0,False
510a874b7d58,21.0,2012,EXACT,21.0,2012,21.0,2012,1,7.0,B3,False,0.0,False
04449aa8c346,39.0,2013,EXACT,39.0,2013,39.0,2013,1,5.0,B4,False,0.0,False
ae2fbd58b4c3,39.0,2006,EXACT,39.0,2006,39.0,2006,1,6.0,B4,False,0.0,False
08acf5b07542,7.0,2006,EXACT,7.0,2006,7.0,2006,1,7.0,B1,False,0.0,False
11081da2ba7b,32.0,2011,EXACT,32.0,2011,32.0,2011,1,6.0,B4,False,0.0,False
08b5c7b5bfe3,33.0,2007,EXACT,33.0,2007,33.0,2007,1,6.0,B4,False,0.0,False
747192b7b80a,32.0,2013,EXACT,32.0,2013,32.0,2013,1,6.0,B4,False,0.0,False
3e3c5acfc70e,24.0,2009,EXACT,24.0,2009,24.0,2009,1,6.0,B3,False,0.0,False
40b3ae9b08ad,36.0,2006,EXACT,36.0,2006,36.0,2006,1,7.0,B4,False,0.0,False
722c337f3338,39.0,2009,EXACT,39.0,2009,39.0,2009,1,5.0,B4,False,0.0,False
5572c95eb940,23.0,2010,EXACT,23.0,2010,23.0,2010,1,9.0,B3,False,0.0,False
8e5ad4b74c5d,37.0,2007,EXACT,37.0,2007,37.0,2007,1,5.0,B4,False,0.0,False
c8936592203c,36.0,2008,EXACT,36.0,2008,36.0,2008,1,5.0,B4,False,0.0,False
d27e4ad81bcd,12.0,2008,EXACT,12.0,2008,12.0,2008,1,6.0,B2,False,0.0,False
166d938c4b14,38.0,2011,EXACT,38.0,2011,38.0,2011,1,5.0,B4,False,0.0,False
ce49beeec49f,22.0,2009,EXACT,22.0,2009,22.0,2009,1,9.0,B3,False,0.0,False
f8c410195546,32.0,2007,EXACT,32.0,2007,32.0,2007,1,8.0,B4,False,0.0,False
931be5138f0d,39.0,2013,EXACT,39.0,2013,39.0,2013,1,5.0,B4,False,0.0,False
66f420f8c734,28.0,2009,EXACT,28.0,2009,28.0,2009,1,6.0,B3,False,0.0,False
d241a38a3aff,33.0,2007,EXACT,33.0,2007,33.0,2007,1,7.0,B4,False,0.0,False
77ec917a925d,35.0,2008,EXACT,35.0,2008,35.0,2008,1,7.0,B4,False,0.0,False
6721411c1abf,14.0,2010,EXACT,14.0,2010,14.0,2010,1,5.0,B2,False,0.0,False
29372caa7fd4,20.0,2009,MANUAL_APPNO_MATCH,20.0,2009,20.0,2009,1,,B3,False,0.0,False
8ab93ffa01cc,32.0,2007,EXACT,32.0,2007,32.0,2007,1,7.0,B4,False,0.0,False
1226951dfa3d,19.0,2009,EXACT,19.0,2009,19.0,2009,1,8.0,B2,False,0.0,False
bb94d262d30d,20.0,2012,EXACT,20.0,2012,20.0,2012,1,8.0,B3,False,0.0,False
becdc677c510,24.0,2006,EXACT,24.0,2006,24.0,2006,1,6.0,B3,False,0.0,False
6c7f2ac89a6d,28.0,2009,MANUAL_APPNO_MATCH,28.0,2009,28.0,2009,1,,B3,False,0.0,False
f5007b2f9429,30.0,2010,EXACT,30.0,2010,30.0,2010,1,7.0,B4,False,0.0,False
fdeb478d5a9e,25.0,2007,MANUAL_APPNO_MATCH,25.0,2007,25.0,2007,1,,B3,False,0.0,False
8068c74c10eb,23.0,2009,EXACT,23.0,2009,23.0,2009,1,10.0,B3,False,0.0,False
573149c5ce8d,24.0,2008,EXACT,24.0,2008,24.0,2008,1,7.0,B3,False,0.0,False
c097b208fe99,36.0,2009,EXACT,36.0,2009,36.0,2009,1,6.0,B4,False,0.0,False
a9054b4ef2a2,27.0,2012,EXACT,27.0,2012,27.0,2012,1,5.0,B3,False,0.0,False
789ff4239017,6.0,2007,MANUAL_APPNO_MATCH,6.0,2007,6.0,2007,1,,B1,False,0.0,False
6e63df154bb2,17.0,2008,EXACT,17.0,2008,17.0,2008,1,7.0,B2,False,0.0,False
e87b29e9c1cd,28.0,2010,EXACT,28.0,2010,28.0,2010,1,8.0,B3,False,0.0,False
91f152b578c2,37.0,2011,EXACT,37.0,2011,37.0,2011,1,5.0,B4,False,0.0,False
c416d77454aa,5.0,2012,EXACT,5.0,2012,5.0,2012,1,7.0,B1,False,0.0,False
70e7f813346a,9.0,2007,EXACT,9.0,2007,9.0,2007,1,6.0,B1,False,0.0,False
e88191bbaf24,32.0,2013,EXACT,32.0,2013,32.0,2013,1,6.0,B4,False,0.0,False
9a6ea9a144b0,15.0,2008,EXACT,15.0,2008,15.0,2008,1,9.0,B2,False,0.0,False
a2ec62ffaa43,32.0,2007,EXACT,32.0,2007,32.0,2007,1,6.0,B4,False,0.0,False
acbfee046791,35.0,2013,EXACT,35.0,2013,35.0,2013,1,7.0,B4,False,0.0,False
9462922d4868,31.0,2007,EXACT,31.0,2007,31.0,2007,1,7.0,B4,False,0.0,False
bca734a1f087,36.0,2007,MANUAL_APPNO_MATCH,36.0,2007,36.0,2007,1,,B4,False,0.0,False
46f42aa2634c,27.0,2007,MANUAL_APPNO_MATCH,27.0,2007,27.0,2007,1,,B3,False,0.0,False
8baa0ef079a1,32.0,2007,EXACT,32.0,2007,32.0,2007,1,7.0,B4,False,0.0,False
176826c94922,37.0,2007,EXACT,37.0,2007,37.0,2007,1,7.0,B4,False,0.0,False
aa30d886f35d,38.0,2010,EXACT,38.0,2010,38.0,2010,1,7.0,B4,False,0.0,False
15faead8f8d4,11.0,2007,MANUAL_APPNO_MATCH,11.0,2007,11.0,2007,1,,B2,False,0.0,False
e56e21dcfbc6,19.0,2006,EXACT,19.0,2006,19.0,2006,1,8.0,B2,False,0.0,False
a4bfc168086d,25.0,2008,EXACT,25.0,2008,25.0,2008,1,6.0,B3,False,0.0,False
b1399609ddf7,17.0,2011,EXACT,17.0,2011,17.0,2011,1,8.0,B2,False,0.0,False
1263e30add21,38.0,2007,EXACT,38.0,2007,38.0,2007,1,7.0,B4,False,0.0,False
add82f0b56fb,28.0,2010,EXACT,28.0,2010,28.0,2010,1,5.0,B3,False,0.0,False
a00d6fe311b7,23.0,2010,EXACT,23.0,2010,23.0,2010,1,6.0,B3,False,0.0,False
40cc69b44204,33.0,2008,EXACT,33.0,2008,33.0,2008,1,6.0,B4,False,0.0,False
a96def16bdf3,11.0,2009,EXACT,11.0,2009,11.0,2009,1,8.0,B2,False,0.0,False
0feb5c89ec99,31.0,2009,EXACT,31.0,2009,31.0,2009,1,7.0,B4,False,0.0,False
49c763391b91,-1.0,2011,EXACT,-1.0,2011,-1.0,2011,1,8.0,B1,False,0.0,False
a1087f6a40a4,28.0,2007,EXACT,28.0,2007,28.0,2007,1,7.0,B3,False,0.0,False
6f0c67ed4feb,22.0,2008,EXACT,22.0,2008,22.0,2008,1,10.0,B3,False,0.0,False
da968ba43892,9.0,2012,EXACT,9.0,2012,9.0,2012,1,6.0,B1,False,0.0,False
a648ad49aee6,29.0,2011,EXACT,29.0,2011,29.0,2011,1,6.0,B3,False,0.0,False
a714af4598c3,16.0,2009,EXACT,16.0,2009,16.0,2009,1,9.0,B2,False,0.0,False
7473c2e86a8f,18.0,2009,EXACT,18.0,2009,18.0,2009,1,7.0,B2,False,0.0,False
409baf4f488e,3.0,2011,EXACT,3.0,2011,3.0,2011,1,6.0,B1,False,0.0,False
41bec05bf5cf,17.0,2007,EXACT,17.0,2007,17.0,2007,1,9.0,B2,False,0.0,False
24bd201c6b8c,36.0,2012,EXACT,36.0,2012,36.0,2012,1,6.0,B4,False,0.0,False
71f8ad09f8b2,38.0,2014,EXACT,38.0,2014,38.0,2014,1,6.0,B4,False,0.0,False
d2169ffaf86b,34.0,2009,EXACT,34.0,2009,34.0,2009,1,10.0,B4,False,0.0,False
5f87110fe32c,22.0,2007,EXACT,22.0,2007,22.0,2007,1,7.0,B3,False,0.0,False
99a7f0c339d9,27.0,2007,MANUAL_APPNO_MATCH,42.0,2008,42.0,2008,2,,B3,True,15.0,True
6d380a8a6e6d,27.0,2012,EXACT,27.0,2012,27.0,2012,1,6.0,B3,False,0.0,False
c5fb1c6fd248,32.0,2009,EXACT,32.0,2009,32.0,2009,1,7.0,B4,False,0.0,False
ed4a726c1c4a,15.0,2008,EXACT,15.0,2008,15.0,2008,1,8.0,B2,False,0.0,False
9a958c13d074,20.0,2009,EXACT,20.0,2009,20.0,2009,1,7.0,B3,False,0.0,False
ee4018ca228d,4.0,2008,EXACT,4.0,2008,4.0,2008,1,9.0,B1,False,0.0,False
494ce143525c,37.0,2011,EXACT,37.0,2011,37.0,2011,1,6.0,B4,False,0.0,False
3459f6b21115,17.0,2006,EXACT,17.0,2006,17.0,2006,1,7.0,B2,False,0.0,False
b172e512d606,29.0,2006,EXACT,29.0,2006,29.0,2006,1,8.0,B3,False,0.0,False
10215747c19d,12.0,2010,EXACT,12.0,2010,12.0,2010,1,7.0,B2,False,0.0,False
efb4f2148a8f,12.0,2009,EXACT,12.0,2009,12.0,2009,1,6.0,B2,False,0.0,False
b51366c45504,12.0,2009,EXACT,12.0,2009,12.0,2009,1,8.0,B2,False,0.0,False
0d592af6c663,21.0,2011,EXACT,21.0,2011,21.0,2011,1,6.0,B3,False,0.0,False
b9898090e964,33.0,2012,EXACT,33.0,2012,33.0,2012,1,6.0,B4,False,0.0,False
549d98df88e2,28.0,2009,EXACT,28.0,2009,28.0,2009,1,8.0,B3,False,0.0,False
b1a38750ff02,21.0,2011,EXACT,21.0,2011,21.0,2011,1,8.0,B3,False,0.0,False
25ebb09ca409,5.0,2009,EXACT,5.0,2009,5.0,2009,1,12.0,B1,False,0.0,False
4567ea6a730d,7.0,2006,EXACT,7.0,2006,7.0,2006,1,5.0,B1,False,0.0,False
caa7ebf78afd,38.0,2007,EXACT,38.0,2007,38.0,2007,1,8.0,B4,False,0.0,False
71fc48ef2f65,36.0,2007,EXACT,36.0,2007,36.0,2007,1,6.0,B4,False,0.0,False
0b5b83d26052,38.0,2011,EXACT,38.0,2011,38.0,2011,1,6.0,B4,False,0.0,False
31268f76f749,4.0,2012,EXACT,4.0,2012,4.0,2012,1,7.0,B1,False,0.0,False
2bfc9a25d420,19.0,2011,EXACT,19.0,2011,19.0,2011,1,6.0,B2,False,0.0,False
e32bf281d60e,16.0,2007,EXACT,16.0,2007,16.0,2007,1,6.0,B2,False,0.0,False
751cdc45644b,33.0,2014,EXACT,33.0,2014,33.0,2014,1,8.0,B4,False,0.0,False
230bad8b8aa8,13.0,2011,EXACT,13.0,2011,13.0,2011,1,8.0,B2,False,0.0,False
08f94f725000,38.0,2011,EXACT,38.0,2011,38.0,2011,1,7.0,B4,False,0.0,False
24dfcab74493,9.0,2009,EXACT,9.0,2009,9.0,2009,1,6.0,B1,False,0.0,False
6d222795d2d9,2.0,2006,EXACT,2.0,2006,2.0,2006,1,6.0,B1,False,0.0,False
c42bc58fb90c,12.0,2012,EXACT,12.0,2012,12.0,2012,1,6.0,B2,False,0.0,False
7aedd95fa1cc,28.0,2011,EXACT,28.0,2011,28.0,2011,1,6.0,B3,False,0.0,False
a82f4618148d,27.0,2009,EXACT,27.0,2009,27.0,2009,1,7.0,B3,False,0.0,False
6ddda3ffcb09,39.0,2012,EXACT,39.0,2012,39.0,2012,1,6.0,B4,False,0.0,False
a44d1d250a39,32.0,2008,EXACT,32.0,2008,32.0,2008,1,8.0,B4,False,0.0,False
97eb87cdff80,18.0,2008,EXACT,18.0,2008,18.0,2008,1,6.0,B2,False,0.0,False
891a74a50cdb,29.0,2009,EXACT,29.0,2009,29.0,2009,1,5.0,B3,False,0.0,False
1eb229f4ac74,37.0,2012,EXACT,37.0,2012,37.0,2012,1,6.0,B4,False,0.0,False
ebc90274b552,36.0,2006,EXACT,36.0,2006,36.0,2006,1,6.0,B4,False,0.0,False
5bdef23f7a50,36.0,2007,EXACT,36.0,2007,36.0,2007,1,7.0,B4,False,0.0,False
d713e82f6112,5.0,2007,MANUAL_APPNO_MATCH,5.0,2007,5.0,2007,1,,B1,False,0.0,False
b71cc62f5d73,23.0,2011,EXACT,23.0,2011,23.0,2011,1,6.0,B3,False,0.0,False
acaa92d608c0,11.0,2009,EXACT,11.0,2009,11.0,2009,1,7.0,B2,False,0.0,False
91bb6b319856,38.0,2012,EXACT,38.0,2012,38.0,2012,1,7.0,B4,False,0.0,False
0bc1c5db3986,36.0,2006,EXACT,36.0,2006,36.0,2006,1,7.0,B4,False,0.0,False
75ba833d11b2,10.0,2011,EXACT,10.0,2011,10.0,2011,1,7.0,B2,False,0.0,False
01bbe8eb07df,11.0,2012,EXACT,11.0,2012,11.0,2012,1,6.0,B2,False,0.0,False
c420cf72e414,11.0,2006,EXACT,11.0,2006,11.0,2006,1,9.0,B2,False,0.0,False
add19b3823cf,9.0,2007,EXACT,9.0,2007,9.0,2007,1,11.0,B1,False,0.0,False
ebdea11e9b44,24.0,2009,EXACT,24.0,2009,24.0,2009,1,7.0,B3,False,0.0,False
0c17eaa46e27,14.0,2009,EXACT,14.0,2009,14.0,2009,1,7.0,B2,False,0.0,False
d6cc41ae235d,25.0,2011,EXACT,25.0,2011,25.0,2011,1,6.0,B3,False,0.0,False
57f0c0ee7481,30.0,2010,EXACT,30.0,2010,30.0,2010,1,6.0,B4,False,0.0,False
a78fdb41ea15,38.0,2010,EXACT,38.0,2010,38.0,2010,1,6.0,B4,False,0.0,False
bc5feea0b01d,29.0,2006,EXACT,29.0,2006,29.0,2006,1,9.0,B3,False,0.0,False
82aec80cd764,38.0,2011,EXACT,38.0,2011,38.0,2011,1,8.0,B4,False,0.0,False
0f0f5363651d,37.0,2009,EXACT,37.0,2009,37.0,2009,1,6.0,B4,False,0.0,False
8b32239e4c01,8.0,2011,EXACT,8.0,2011,8.0,2011,1,7.0,B1,False,0.0,False
6f81a2011c95,17.0,2008,EXACT,17.0,2008,17.0,2008,1,10.0,B2,False,0.0,False
fecb7f6093de,32.0,2013,EXACT,32.0,2013,32.0,2013,1,8.0,B4,False,0.0,False
c8f30b5f804a,12.0,2007,MANUAL_APPNO_MATCH,12.0,2007,12.0,2007,1,,B2,False,0.0,False
3c5162d6a485,18.0,2006,EXACT,18.0,2006,18.0,2006,1,6.0,B2,False,0.0,False
e11d3fa10e99,28.0,2010,EXACT,28.0,2010,28.0,2010,1,6.0,B3,False,0.0,False
548229077cf7,11.0,2006,EXACT,11.0,2006,11.0,2006,1,7.0,B2,False,0.0,False
dc43732e534c,25.0,2011,EXACT,25.0,2011,25.0,2011,1,9.0,B3,False,0.0,False
86ce62947ead,9.0,2006,EXACT,9.0,2006,9.0,2006,1,7.0,B1,False,0.0,False
a3f07429fba0,11.0,2006,EXACT,11.0,2006,11.0,2006,1,6.0,B2,False,0.0,False
31775571b084,17.0,2009,EXACT,17.0,2009,17.0,2009,1,9.0,B2,False,0.0,False
fbf77b84eb56,22.0,2009,EXACT,22.0,2009,22.0,2009,1,9.0,B3,False,0.0,False
ceee0da4c50d,9.0,2007,EXACT,9.0,2007,9.0,2007,1,8.0,B1,False,0.0,False
f0a3935626d4,33.0,2006,EXACT,33.0,2006,33.0,2006,1,7.0,B4,False,0.0,False
a2f846180d33,19.0,2012,EXACT,19.0,2012,19.0,2012,1,5.0,B2,False,0.0,False
37189b5377b6,36.0,2012,EXACT,36.0,2012,36.0,2012,1,7.0,B4,False,0.0,False
09fb717c8f21,2.0,2011,EXACT,2.0,2011,2.0,2011,1,8.0,B1,False,0.0,False
01b636baf69c,10.0,2013,EXACT,10.0,2013,10.0,2013,1,6.0,B2,False,0.0,False
0f974e2c30df,30.0,2013,EXACT,30.0,2013,30.0,2013,1,8.0,B4,False,0.0,False
51f115c39054,7.0,2011,EXACT,7.0,2011,7.0,2011,1,5.0,B1,False,0.0,False
a5373f54b4bd,26.0,2011,EXACT,26.0,2011,26.0,2011,1,7.0,B3,False,0.0,False
b0e8790ea9ed,36.0,2011,EXACT,36.0,2011,36.0,2011,1,8.0,B4,False,0.0,False
aee9311e9da9,27.0,2010,EXACT,27.0,2010,27.0,2010,1,8.0,B3,False,0.0,False
f7fdb848d24f,31.0,2006,EXACT,31.0,2006,31.0,2006,1,8.0,B4,False,0.0,False
96f1c5b01f01,36.0,2010,MANUAL_APPNO_MATCH,36.0,2010,36.0,2010,1,,B4,False,0.0,False
368303c0ed1e,32.0,2009,EXACT,32.0,2009,32.0,2009,1,7.0,B4,False,0.0,False
77e1202d549b,25.0,2006,EXACT,25.0,2006,25.0,2006,1,7.0,B3,False,0.0,False
c8baded06cbe,25.0,2009,EXACT,25.0,2009,25.0,2009,1,6.0,B3,False,0.0,False
a7dd1814826b,20.0,2010,EXACT,20.0,2010,20.0,2010,1,6.0,B3,False,0.0,False
250aa440930f,32.0,2009,EXACT,32.0,2009,32.0,2009,1,6.0,B4,False,0.0,False
e0922b4b6237,21.0,2010,EXACT,21.0,2010,21.0,2010,1,6.0,B3,False,0.0,False
7950d947f808,1.0,2006,EXACT,1.0,2006,1.0,2006,1,6.0,B1,False,0.0,False
a6e68d5e8e22,16.0,2013,EXACT,16.0,2013,16.0,2013,1,8.0,B2,False,0.0,False
941d30b2fb96,36.0,2006,EXACT,36.0,2006,36.0,2006,1,6.0,B4,False,0.0,False
efcc62436124,19.0,2013,EXACT,19.0,2013,19.0,2013,1,8.0,B2,False,0.0,False
1794f97f742b,8.0,2008,MANUAL_APPNO_MATCH,14.0,2006,8.0,2008,2,,B1,True,6.0,False
ef13596697a4,10.0,2010,EXACT,10.0,2010,10.0,2010,1,7.0,B2,False,0.0,False
564f95c765a9,38.0,2011,EXACT,38.0,2011,38.0,2011,1,8.0,B4,False,0.0,False
7b82d228d3d0,1.0,2006,DETERMINISTIC_APPNO,1.0,2006,1.0,2006,1,,B1,False,0.0,False
24699e73e4ab,38.0,2010,MANUAL_APPNO_MATCH,38.0,2010,38.0,2010,1,,B4,False,0.0,False
ec50e1b89fb7,39.0,2007,EXACT,39.0,2007,39.0,2007,1,6.0,B4,False,0.0,False
3a603ed6680f,38.0,2011,EXACT,38.0,2011,38.0,2011,1,6.0,B4,False,0.0,False
97a8270eb259,22.0,2009,EXACT,22.0,2009,22.0,2009,1,6.0,B3,False,0.0,False
acb6e0eac0fb,32.0,2013,EXACT,32.0,2013,32.0,2013,1,5.0,B4,False,0.0,False
ac2567fc6a41,23.0,2012,EXACT,23.0,2012,23.0,2012,1,6.0,B3,False,0.0,False
729bfda9244b,12.0,2006,EXACT,12.0,2006,12.0,2006,1,7.0,B2,False,0.0,False
1114cfc3b145,7.0,2008,EXACT,7.0,2008,7.0,2008,1,7.0,B1,False,0.0,False
da814b3dba64,34.0,2009,EXACT,34.0,2009,34.0,2009,1,7.0,B4,False,0.0,False
b68d6a3dfc31,24.0,2011,EXACT,24.0,2011,24.0,2011,1,7.0,B3,False,0.0,False
776839e6ced9,23.0,2014,EXACT,23.0,2014,23.0,2014,1,8.0,B3,False,0.0,False
a15dc1e13774,27.0,2014,EXACT,27.0,2014,27.0,2014,1,6.0,B3,False,0.0,False
b92e0410ef13,18.0,2007,EXACT,18.0,2007,18.0,2007,1,6.0,B2,False,0.0,False
a38a76dbcd5d,38.0,2010,EXACT,38.0,2010,38.0,2010,1,6.0,B4,False,0.0,False
8b332c7db1ee,27.0,2014,EXACT,27.0,2014,27.0,2014,1,5.0,B3,False,0.0,False
f724d596540a,20.0,2012,EXACT,20.0,2012,20.0,2012,1,7.0,B3,False,0.0,False
0d06fa8c0eca,31.0,2012,MANUAL_APPNO_MATCH,31.0,2012,31.0,2012,2,,B4,False,0.0,False
398bde1dd8b4,38.0,2006,MANUAL_APPNO_MATCH,38.0,2006,38.0,2006,1,,B4,False,0.0,False
118e277a35db,22.0,2008,EXACT,22.0,2008,22.0,2008,1,5.0,B3,False,0.0,False
f62931cf3fca,28.0,2009,EXACT,28.0,2009,28.0,2009,1,8.0,B3,False,0.0,False
904c6d93c00e,17.0,2010,EXACT,17.0,2010,17.0,2010,1,6.0,B2,False,0.0,False
8d121a792a10,32.0,2012,EXACT,32.0,2012,32.0,2012,1,6.0,B4,False,0.0,False
a9cde071cb16,32.0,2007,EXACT,32.0,2007,32.0,2007,1,7.0,B4,False,0.0,False
773016e8222a,8.0,2013,EXACT,8.0,2013,8.0,2013,1,6.0,B1,False,0.0,False
0aa813d26c46,26.0,2011,MANUAL_APPNO_MATCH,26.0,2011,26.0,2011,1,,B3,False,0.0,False
88f747f555ae,27.0,2009,EXACT,27.0,2009,27.0,2009,1,7.0,B3,False,0.0,False
4f858d93e1a1,5.0,2013,MANUAL_APPNO_MATCH,5.0,2013,5.0,2013,1,,B1,False,0.0,False
7744b26607d0,33.0,2009,EXACT,33.0,2009,33.0,2009,1,8.0,B4,False,0.0,False
537e83663aef,21.0,2009,EXACT,21.0,2009,21.0,2009,1,6.0,B3,False,0.0,False
904fdb07009a,31.0,2011,MANUAL_APPNO_MATCH,31.0,2011,31.0,2011,1,,B4,False,0.0,False
7f9cfb1fc2bf,1.0,2013,EXACT,1.0,2013,1.0,2013,1,7.0,B1,False,0.0,False
bab56620522d,17.0,2010,EXACT,17.0,2010,17.0,2010,1,6.0,B2,False,0.0,False
32fe1a053a8d,38.0,2010,EXACT,38.0,2010,38.0,2010,1,7.0,B4,False,0.0,False
45b07b74ee4a,14.0,2007,EXACT,14.0,2007,14.0,2007,1,6.0,B2,False,0.0,False
d6708fef1710,26.0,2007,EXACT,26.0,2007,26.0,2007,1,7.0,B3,False,0.0,False
ca24f888ee9a,38.0,2010,EXACT,38.0,2010,38.0,2010,1,6.0,B4,False,0.0,False
bcbc8f5b7bcf,6.0,2012,EXACT,6.0,2012,6.0,2012,1,6.0,B1,False,0.0,False
c483bd69cfe0,20.0,2010,EXACT,20.0,2010,20.0,2010,1,8.0,B3,False,0.0,False
e58d87df708e,11.0,2009,EXACT,11.0,2009,11.0,2009,1,7.0,B2,False,0.0,False
575031f3f5a1,9.0,2006,EXACT,9.0,2006,9.0,2006,1,8.0,B1,False,0.0,False
0269e061cb5b,28.0,2010,MANUAL_APPNO_MATCH,28.0,2010,28.0,2010,1,,B3,False,0.0,False
6ea595b46eff,32.0,2013,EXACT,32.0,2013,32.0,2013,1,5.0,B4,False,0.0,False
07437616dd0d,33.0,2013,EXACT,33.0,2013,33.0,2013,1,6.0,B4,False,0.0,False
a4fea886d123,19.0,2010,EXACT,19.0,2010,19.0,2010,1,8.0,B2,False,0.0,False
be60eff5e1c1,33.0,2010,EXACT,33.0,2010,33.0,2010,1,7.0,B4,False,0.0,False
109630996cb5,21.0,2009,EXACT,21.0,2009,21.0,2009,1,7.0,B3,False,0.0,False
1697c2f8f67c,26.0,2006,MANUAL_APPNO_MATCH,26.0,2006,26.0,2006,1,,B3,False,0.0,False
8c4aabb5498a,13.0,2006,EXACT,13.0,2006,13.0,2006,1,9.0,B2,False,0.0,False
e4a363d1d65c,18.0,2006,EXACT,18.0,2006,18.0,2006,1,6.0,B2,False,0.0,False
61309aad2ded,23.0,2007,EXACT,23.0,2007,23.0,2007,1,7.0,B3,False,0.0,False
93faa6d5c03b,11.0,2007,EXACT,11.0,2007,11.0,2007,1,7.0,B2,False,0.0,False
989a9fb6a2a8,35.0,2008,EXACT,35.0,2008,35.0,2008,1,6.0,B4,False,0.0,False
bd7bd77dbf8a,26.0,2011,EXACT,26.0,2011,26.0,2011,1,7.0,B3,False,0.0,False
a326e182ee0b,38.0,2011,EXACT,38.0,2011,38.0,2011,1,7.0,B4,False,0.0,False
f48f70b682fb,33.0,2009,EXACT,33.0,2009,33.0,2009,1,7.0,B4,False,0.0,False
ed11a9519463,31.0,2009,EXACT,31.0,2009,31.0,2009,1,6.0,B4,False,0.0,False
cfaaa75de715,35.0,2009,EXACT,35.0,2009,35.0,2009,1,8.0,B4,False,0.0,False
9c7312e169ba,38.0,2011,EXACT,38.0,2011,38.0,2011,1,6.0,B4,False,0.0,False
b70f400ba7f7,35.0,2008,EXACT,35.0,2008,35.0,2008,1,9.0,B4,False,0.0,False
d10a290f6c7b,32.0,2012,EXACT,32.0,2012,32.0,2012,1,7.0,B4,False,0.0,False
8d87c91bdc15,6.0,2010,EXACT,6.0,2010,6.0,2010,1,7.0,B1,False,0.0,False
b3b6c7a14080,20.0,2014,EXACT,20.0,2014,20.0,2014,1,5.0,B3,False,0.0,False
0d6c3c526bef,22.0,2010,EXACT,22.0,2010,22.0,2010,1,6.0,B3,False,0.0,False
e20f9ee07e75,19.0,2010,EXACT,19.0,2010,19.0,2010,1,5.0,B2,False,0.0,False
68555d9f488e,5.0,2011,MANUAL_APPNO_MATCH,5.0,2011,5.0,2011,1,,B1,False,0.0,False
c4a3dddff815,23.0,2006,EXACT,23.0,2006,23.0,2006,1,9.0,B3,False,0.0,False
beee959bea3f,3.0,2006,MANUAL_APPNO_MATCH,3.0,2006,3.0,2006,1,,B1,False,0.0,False
42bd89cd47a6,10.0,2009,EXACT,10.0,2009,10.0,2009,1,7.0,B2,False,0.0,False
f0c39428498a,30.0,2011,EXACT,30.0,2011,30.0,2011,1,6.0,B4,False,0.0,False
26768addf766,34.0,2007,EXACT,34.0,2007,34.0,2007,1,9.0,B4,False,0.0,False
fa48e65e7c6e,14.0,2011,EXACT,14.0,2011,14.0,2011,1,6.0,B2,False,0.0,False
0aed58292981,15.0,2006,EXACT,15.0,2006,15.0,2006,1,13.0,B2,False,0.0,False
0f49a4c2c8f6,29.0,2011,EXACT,29.0,2011,29.0,2011,1,7.0,B3,False,0.0,False
2ee79c2ed2a1,33.0,2011,EXACT,33.0,2011,33.0,2011,1,7.0,B4,False,0.0,False
b9c618d31d94,26.0,2012,EXACT,26.0,2012,26.0,2012,1,8.0,B3,False,0.0,False
60794a86cb71,23.0,2007,EXACT,23.0,2007,23.0,2007,1,7.0,B3,False,0.0,False
733cf538e5d0,32.0,2012,EXACT,32.0,2012,32.0,2012,1,6.0,B4,False,0.0,False
675ffa4e9afa,8.0,2006,EXACT,8.0,2006,8.0,2006,1,6.0,B1,False,0.0,False
5cbbb1e0894b,11.0,2006,EXACT,11.0,2006,11.0,2006,1,7.0,B2,False,0.0,False
1ada980d37f5,7.0,2007,EXACT,7.0,2007,7.0,2007,1,6.0,B1,False,0.0,False
f4fa740a4fdc,31.0,2011,EXACT,31.0,2011,31.0,2011,1,8.0,B4,False,0.0,False
dd979d965007,27.0,2014,EXACT,27.0,2014,27.0,2014,1,6.0,B3,False,0.0,False
c64576f248f5,16.0,2010,EXACT,16.0,2010,16.0,2010,1,8.0,B2,False,0.0,False
360e928d91a8,19.0,2014,MANUAL_APPNO_MATCH,19.0,2014,19.0,2014,1,,B2,False,0.0,False
f1ec8a2b8bda,14.0,2011,EXACT,14.0,2011,14.0,2011,1,7.0,B2,False,0.0,False
e4d5191812b8,29.0,2006,EXACT,29.0,2006,29.0,2006,1,9.0,B3,False,0.0,False
c7e0037b01ba,21.0,2014,EXACT,21.0,2014,21.0,2014,1,6.0,B3,False,0.0,False
35f87bd48b20,28.0,2010,EXACT,28.0,2010,28.0,2010,1,8.0,B3,False,0.0,False
70f85fdc6310,39.0,2013,EXACT,39.0,2013,39.0,2013,1,5.0,B4,False,0.0,False
849f14e0bdbe,38.0,2009,EXACT,38.0,2009,38.0,2009,1,6.0,B4,False,0.0,False
aa86e6d47b5c,39.0,2006,EXACT,39.0,2006,39.0,2006,1,6.0,B4,False,0.0,False
e7e0bf0b2752,30.0,2008,EXACT,30.0,2008,30.0,2008,1,6.0,B4,False,0.0,False
ca937c1a68c0,15.0,2012,EXACT,15.0,2012,15.0,2012,1,7.0,B2,False,0.0,False
ae2924309f6c,37.0,2007,EXACT,37.0,2007,37.0,2007,1,6.0,B4,False,0.0,False
4809e6df9992,37.0,2007,EXACT,37.0,2007,37.0,2007,1,6.0,B4,False,0.0,False
33d94ae006b8,9.0,2012,EXACT,9.0,2012,9.0,2012,1,7.0,B1,False,0.0,False
6e07a91ca32c,29.0,2006,EXACT,29.0,2006,29.0,2006,1,7.0,B3,False,0.0,False
58781f9158da,26.0,2010,EXACT,26.0,2010,26.0,2010,1,8.0,B3,False,0.0,False
f13304701161,24.0,2008,EXACT,24.0,2008,24.0,2008,1,7.0,B3,False,0.0,False
7ca3d113b974,32.0,2010,EXACT,32.0,2010,32.0,2010,1,6.0,B4,False,0.0,False
6918c9e56790,7.0,2011,EXACT,7.0,2011,7.0,2011,1,7.0,B1,False,0.0,False
3eef9529fa3c,28.0,2011,EXACT,28.0,2011,28.0,2011,1,7.0,B3,False,0.0,False
e024f289c7b2,27.0,2008,EXACT,27.0,2008,27.0,2008,1,8.0,B3,False,0.0,False
fd06e61b3d27,15.0,2006,EXACT,15.0,2006,15.0,2006,1,8.0,B2,False,0.0,False
68dab3cc29e5,22.0,2007,EXACT,22.0,2007,22.0,2007,1,8.0,B3,False,0.0,False
58d3e4dce383,35.0,2012,EXACT,35.0,2012,35.0,2012,1,8.0,B4,False,0.0,False
7951c096ed98,17.0,2010,EXACT,17.0,2010,17.0,2010,1,10.0,B2,False,0.0,False
887371d04b73,19.0,2010,EXACT,19.0,2010,19.0,2010,1,7.0,B2,False,0.0,False
4bc71a36fbcd,17.0,2010,EXACT,17.0,2010,17.0,2010,1,10.0,B2,False,0.0,False
1fc361966172,35.0,2014,EXACT,35.0,2014,35.0,2014,1,5.0,B4,False,0.0,False
07b9520be6e3,9.0,2009,EXACT,9.0,2009,9.0,2009,1,6.0,B1,False,0.0,False
e195544fb421,23.0,2012,EXACT,23.0,2012,23.0,2012,1,6.0,B3,False,0.0,False
9b042cd1a2b6,33.0,2009,EXACT,33.0,2009,33.0,2009,1,7.0,B4,False,0.0,False
c0ca99e63a0d,4.0,2007,EXACT,4.0,2007,4.0,2007,1,7.0,B1,False,0.0,False
7a82a24a1ddd,32.0,2013,EXACT,32.0,2013,32.0,2013,1,7.0,B4,False,0.0,False
6ad8cb802333,29.0,2011,EXACT,29.0,2011,29.0,2011,1,7.0,B3,False,0.0,False
4b7a4b052620,21.0,2012,EXACT,21.0,2012,21.0,2012,1,7.0,B3,False,0.0,False
e2c337fd63d2,13.0,2012,EXACT,13.0,2012,13.0,2012,1,8.0,B2,False,0.0,False
65fcdec63df7,16.0,2010,MANUAL_APPNO_MATCH,16.0,2010,16.0,2010,1,,B2,False,0.0,False
32cdcf17f2c0,17.0,2006,EXACT,17.0,2006,17.0,2006,1,7.0,B2,False,0.0,False
75cf7b745ac4,33.0,2009,EXACT,33.0,2009,33.0,2009,1,8.0,B4,False,0.0,False
dccfb7590dc3,19.0,2006,EXACT,19.0,2006,19.0,2006,1,8.0,B2,False,0.0,False
3ec8f8b61c45,32.0,2008,EXACT,32.0,2008,32.0,2008,1,5.0,B4,False,0.0,False
eecbae9b4e64,23.0,2012,EXACT,23.0,2012,23.0,2012,1,6.0,B3,False,0.0,False
e7d9d8ee8971,11.0,2006,EXACT,11.0,2006,11.0,2006,1,6.0,B2,False,0.0,False
5fc55c24459e,36.0,2006,MANUAL_APPNO_MATCH,36.0,2006,36.0,2006,1,,B4,False,0.0,False
5ae6dfcd2da9,16.0,2010,EXACT,16.0,2010,16.0,2010,1,7.0,B2,False,0.0,False
0dd6e2960870,30.0,2013,EXACT,30.0,2013,30.0,2013,1,6.0,B4,False,0.0,False
ed3ca637780a,34.0,2007,MANUAL_APPNO_MATCH,34.0,2007,34.0,2007,1,,B4,False,0.0,False
191b12c66b3c,23.0,2010,EXACT,23.0,2010,23.0,2010,1,6.0,B3,False,0.0,False
bbb7d2af1ec2,3.0,2007,EXACT,3.0,2007,3.0,2007,1,10.0,B1,False,0.0,False
fa65caf9881f,25.0,2007,MANUAL_APPNO_MATCH,25.0,2007,25.0,2007,1,,B3,False,0.0,False
1706c82cb47d,27.0,2007,EXACT,27.0,2007,27.0,2007,1,6.0,B3,False,0.0,False
fc2062b5eba9,15.0,2012,EXACT,15.0,2012,15.0,2012,1,7.0,B2,False,0.0,False
0ac801528051,17.0,2010,EXACT,17.0,2010,17.0,2010,1,7.0,B2,False,0.0,False
7e393a0be085,9.0,2007,EXACT,9.0,2007,9.0,2007,1,6.0,B1,False,0.0,False
91c35f24712b,2.0,2009,EXACT,2.0,2009,2.0,2009,1,9.0,B1,False,0.0,False
9d446ab49c12,12.0,2008,EXACT,12.0,2008,12.0,2008,1,7.0,B2,False,0.0,False
3f887e91a723,3.0,2008,MANUAL_APPNO_MATCH,3.0,2008,3.0,2008,1,,B1,False,0.0,False
d439da050197,11.0,2014,EXACT,11.0,2014,11.0,2014,1,5.0,B2,False,0.0,False
007e41a889a3,38.0,2009,EXACT,38.0,2009,38.0,2009,1,9.0,B4,False,0.0,False
67b359d8bddd,32.0,2008,EXACT,32.0,2008,32.0,2008,1,7.0,B4,False,0.0,False
a0dd4234c9f1,20.0,2013,EXACT,20.0,2013,20.0,2013,1,6.0,B3,False,0.0,False
b9f58e6125d8,18.0,2008,EXACT,18.0,2008,18.0,2008,1,13.0,B2,False,0.0,False
8a46257c1e0b,30.0,2008,EXACT,30.0,2008,30.0,2008,1,7.0,B4,False,0.0,False
ca95efb89e9a,23.0,2013,EXACT,23.0,2013,23.0,2013,1,8.0,B3,False,0.0,False
1a00d664a0fd,8.0,2006,EXACT,8.0,2006,8.0,2006,1,9.0,B1,False,0.0,False
9fc21df2cb31,31.0,2010,EXACT,31.0,2010,31.0,2010,1,5.0,B4,False,0.0,False
29e73ac698cf,2.0,2010,EXACT,2.0,2010,2.0,2010,1,6.0,B1,False,0.0,False
d851d5fec05f,33.0,2013,EXACT,33.0,2013,33.0,2013,1,6.0,B4,False,0.0,False
0210f70239c2,38.0,2010,EXACT,38.0,2010,38.0,2010,1,7.0,B4,False,0.0,False
714caed1a94e,38.0,2010,EXACT,38.0,2010,38.0,2010,1,7.0,B4,False,0.0,False
59869528e821,38.0,2013,EXACT,38.0,2013,38.0,2013,1,5.0,B4,False,0.0,False
ac8935b9f373,33.0,2012,EXACT,33.0,2012,33.0,2012,1,6.0,B4,False,0.0,False
1a45fcf0a4be,3.0,2009,EXACT,3.0,2009,3.0,2009,1,6.0,B1,False,0.0,False
660873679d4e,24.0,2009,EXACT,24.0,2009,24.0,2009,1,8.0,B3,False,0.0,False
1ba160d758c4,17.0,2012,EXACT,17.0,2012,17.0,2012,1,6.0,B2,False,0.0,False
a2b1e301ba3a,32.0,2012,EXACT,32.0,2012,32.0,2012,1,5.0,B4,False,0.0,False
c52e4083d572,12.0,2011,EXACT,12.0,2011,12.0,2011,1,7.0,B2,False,0.0,False
db632f87a864,16.0,2006,EXACT,16.0,2006,16.0,2006,1,9.0,B2,False,0.0,False
9680f3f50633,8.0,2006,EXACT,8.0,2006,8.0,2006,1,8.0,B1,False,0.0,False
b82fc76d7c78,33.0,2009,MANUAL_APPNO_MATCH,33.0,2009,33.0,2009,1,,B4,False,0.0,False
debcc8ce057d,2.0,2009,EXACT,2.0,2009,2.0,2009,1,10.0,B1,False,0.0,False
e502af85a6a7,5.0,2007,EXACT,5.0,2007,5.0,2007,1,12.0,B1,False,0.0,False
924582f4ea55,38.0,2012,EXACT,38.0,2012,38.0,2012,1,7.0,B4,False,0.0,False
37db5cd3ea1f,39.0,2010,MANUAL_APPNO_MATCH,39.0,2010,39.0,2010,1,,B4,False,0.0,False
e868a0f8b0bb,25.0,2010,EXACT,25.0,2010,25.0,2010,1,7.0,B3,False,0.0,False
01ba7f6a535d,19.0,2010,EXACT,19.0,2010,19.0,2010,1,8.0,B2,False,0.0,False
8360d4ba20d4,9.0,2010,EXACT,9.0,2010,9.0,2010,1,6.0,B1,False,0.0,False
d3a8f20a16c7,27.0,2014,EXACT,27.0,2014,27.0,2014,1,6.0,B3,False,0.0,False
be87e726b6ae,31.0,2009,EXACT,31.0,2009,31.0,2009,1,8.0,B4,False,0.0,False
63fe5c01c72b,22.0,2008,EXACT,22.0,2008,22.0,2008,1,6.0,B3,False,0.0,False
33743a05b710,28.0,2006,MANUAL_APPNO_MATCH,28.0,2006,28.0,2006,1,,B3,False,0.0,False
a787251906e3,35.0,2011,MANUAL_APPNO_MATCH,35.0,2011,35.0,2011,1,,B4,False,0.0,False
d29eb477fdcb,39.0,2006,EXACT,39.0,2006,39.0,2006,1,8.0,B4,False,0.0,False
fa54c87d5b8f,27.0,2013,MANUAL_APPNO_MATCH,45.0,2012,27.0,2013,2,,B3,True,18.0,False
6b6f2eb0feca,34.0,2009,EXACT,34.0,2009,34.0,2009,1,7.0,B4,False,0.0,False
7fe703efae72,14.0,2013,EXACT,14.0,2013,14.0,2013,1,5.0,B2,False,0.0,False
35098af5df7c,27.0,2011,EXACT,27.0,2011,27.0,2011,1,7.0,B3,False,0.0,False
e1e3244a0da7,35.0,2010,EXACT,35.0,2010,35.0,2010,1,6.0,B4,False,0.0,False
ecd3b727a5b4,17.0,2010,EXACT,17.0,2010,17.0,2010,1,7.0,B2,False,0.0,False
5b57856003b4,15.0,2007,EXACT,15.0,2007,15.0,2007,1,7.0,B2,False,0.0,False
0f122f586e5d,16.0,2008,EXACT,16.0,2008,16.0,2008,1,7.0,B2,False,0.0,False
5e37248665ee,15.0,2009,EXACT,15.0,2009,15.0,2009,1,10.0,B2,False,0.0,False
4a129e8f5574,38.0,2007,EXACT,38.0,2007,38.0,2007,1,8.0,B4,False,0.0,False
c497cef32c9c,19.0,2006,EXACT,19.0,2006,19.0,2006,1,10.0,B2,False,0.0,False
1d17e40c1df6,19.0,2010,MANUAL_APPNO_MATCH,28.0,2009,19.0,2010,2,,B2,True,9.0,False
b9483d84ea59,1.0,2008,EXACT,1.0,2008,1.0,2008,1,11.0,B1,False,0.0,False
a31a7f495ec8,24.0,2008,EXACT,24.0,2008,24.0,2008,1,7.0,B3,False,0.0,False
469b703d243d,27.0,2013,EXACT,27.0,2013,27.0,2013,1,6.0,B3,False,0.0,False
e83d168075ca,18.0,2007,EXACT,18.0,2007,18.0,2007,1,6.0,B2,False,0.0,False
8d8e5d1ef7f6,24.0,2014,MANUAL_APPNO_MATCH,24.0,2014,24.0,2014,1,,B3,False,0.0,False
c7bb41669335,24.0,2006,EXACT,24.0,2006,24.0,2006,1,6.0,B3,False,0.0,False
5ee156013ba5,28.0,2009,EXACT,28.0,2009,28.0,2009,1,5.0,B3,False,0.0,False
7bc0a9249dc2,26.0,2012,EXACT,26.0,2012,26.0,2012,1,6.0,B3,False,0.0,False
1d10dfcb1a10,13.0,2007,EXACT,13.0,2007,13.0,2007,1,11.0,B2,False,0.0,False
f3156216e672,38.0,2014,EXACT,38.0,2014,38.0,2014,1,6.0,B4,False,0.0,False
9661c6663283,32.0,2012,EXACT,32.0,2012,32.0,2012,1,7.0,B4,False,0.0,False
f738480683b9,1.0,2007,EXACT,1.0,2007,1.0,2007,1,7.0,B1,False,0.0,False
db0bfa7d59fc,38.0,2009,EXACT,38.0,2009,38.0,2009,1,6.0,B4,False,0.0,False
af002e4df796,7.0,2006,EXACT,7.0,2006,7.0,2006,1,8.0,B1,False,0.0,False
8831564da719,29.0,2006,EXACT,29.0,2006,29.0,2006,1,13.0,B3,False,0.0,False
eb96529b1b9c,27.0,2010,EXACT,27.0,2010,27.0,2010,1,8.0,B3,False,0.0,False
8dfd9c8deb04,31.0,2011,EXACT,31.0,2011,31.0,2011,1,8.0,B4,False,0.0,False
ea9b728845bc,23.0,2008,EXACT,23.0,2008,23.0,2008,1,6.0,B3,False,0.0,False
68bf21bf48e3,19.0,2009,EXACT,19.0,2009,19.0,2009,1,5.0,B2,False,0.0,False
1991cebb4bc4,17.0,2010,EXACT,17.0,2010,17.0,2010,1,7.0,B2,False,0.0,False
38b89e077547,38.0,2008,EXACT,38.0,2008,38.0,2008,1,6.0,B4,False,0.0,False
4ca18a56f3e3,28.0,2007,EXACT,28.0,2007,28.0,2007,1,7.0,B3,False,0.0,False
ee021fdd7e82,13.0,2011,EXACT,13.0,2011,13.0,2011,1,6.0,B2,False,0.0,False
7e386ece771d,23.0,2012,EXACT,23.0,2012,23.0,2012,1,7.0,B3,False,0.0,False
e01908938547,37.0,2007,EXACT,37.0,2007,37.0,2007,1,6.0,B4,False,0.0,False
5ae661d9cdd9,11.0,2011,MANUAL_APPNO_MATCH,11.0,2011,11.0,2011,1,,B2,False,0.0,False
76549373741d,27.0,2012,EXACT,27.0,2012,27.0,2012,1,7.0,B3,False,0.0,False
80738350d9f6,11.0,2010,MANUAL_APPNO_MATCH,11.0,2010,11.0,2010,1,,B2,False,0.0,False
c33b03a60dfe,19.0,2014,EXACT,19.0,2014,19.0,2014,1,7.0,B2,False,0.0,False
d660aadf49b0,39.0,2014,EXACT,39.0,2014,39.0,2014,1,6.0,B4,False,0.0,False
d67f40eedc00,35.0,2013,MANUAL_APPNO_MATCH,35.0,2013,35.0,2013,1,,B4,False,0.0,False
adc3476faa0c,39.0,2007,EXACT,39.0,2007,39.0,2007,1,7.0,B4,False,0.0,False
8ac915d75d65,6.0,2012,EXACT,6.0,2012,6.0,2012,1,7.0,B1,False,0.0,False
edd3d72fa7ea,32.0,2008,EXACT,32.0,2008,32.0,2008,1,6.0,B4,False,0.0,False
7abe8913cc63,5.0,2009,EXACT,5.0,2009,5.0,2009,1,9.0,B1,False,0.0,False
c53ae5351688,7.0,2009,EXACT,7.0,2009,7.0,2009,1,10.0,B1,False,0.0,False
ba93e65fb474,37.0,2006,EXACT,37.0,2006,37.0,2006,1,7.0,B4,False,0.0,False
95818c0e1e94,14.0,2009,EXACT,14.0,2009,14.0,2009,1,9.0,B2,False,0.0,False
782072c11473,32.0,2011,EXACT,32.0,2011,32.0,2011,1,6.0,B4,False,0.0,False
70d917124e5e,31.0,2006,EXACT,31.0,2006,31.0,2006,1,12.0,B4,False,0.0,False
08a5fc8550e8,34.0,2012,EXACT,34.0,2012,34.0,2012,1,6.0,B4,False,0.0,False
8329bb8b9392,38.0,2010,EXACT,38.0,2010,38.0,2010,1,6.0,B4,False,0.0,False
cd576b2c6179,9.0,2008,EXACT,9.0,2008,9.0,2008,1,7.0,B1,False,0.0,False
0a997e8334c2,18.0,2009,EXACT,18.0,2009,18.0,2009,1,8.0,B2,False,0.0,False
7670dc52917e,38.0,2007,EXACT,38.0,2007,38.0,2007,1,6.0,B4,False,0.0,False
dfc71fa72534,37.0,2009,EXACT,37.0,2009,37.0,2009,1,7.0,B4,False,0.0,False
898c919d9003,15.0,2011,EXACT,15.0,2011,15.0,2011,1,11.0,B2,False,0.0,False
3e12980018da,6.0,2012,MANUAL_APPNO_MATCH,6.0,2012,6.0,2012,1,,B1,False,0.0,False
83788535e6e0,13.0,2012,EXACT,13.0,2012,13.0,2012,1,6.0,B2,False,0.0,False
74c2c6e68fb6,37.0,2011,EXACT,37.0,2011,37.0,2011,1,7.0,B4,False,0.0,False
776e241adfac,39.0,2007,EXACT,39.0,2007,39.0,2007,1,6.0,B4,False,0.0,False
98e715843d4d,37.0,2008,EXACT,37.0,2008,37.0,2008,1,11.0,B4,False,0.0,False
e74f35e4fbf0,38.0,2011,EXACT,38.0,2011,38.0,2011,1,5.0,B4,False,0.0,False
ff7de1c5eaa8,27.0,2011,EXACT,27.0,2011,27.0,2011,1,8.0,B3,False,0.0,False
1e405c01eb09,37.0,2007,MANUAL_APPNO_MATCH,37.0,2007,37.0,2007,1,,B4,False,0.0,False
4e132056a30f,20.0,2009,EXACT,20.0,2009,20.0,2009,1,9.0,B3,False,0.0,False
426241ab2afc,31.0,2007,EXACT,31.0,2007,31.0,2007,1,6.0,B4,False,0.0,False
6811e935abc2,5.0,2011,EXACT,5.0,2011,5.0,2011,1,6.0,B1,False,0.0,False
d99607ed90fd,37.0,2009,MANUAL_APPNO_MATCH,37.0,2009,37.0,2009,1,,B4,False,0.0,False
d22dcf55796c,15.0,2011,EXACT,15.0,2011,15.0,2011,1,9.0,B2,False,0.0,False
8b1dbb6c1d57,23.0,2011,MANUAL_APPNO_MATCH,23.0,2011,23.0,2011,1,,B3,False,0.0,False
72b4b69e228e,22.0,2008,EXACT,22.0,2008,22.0,2008,1,6.0,B3,False,0.0,False
1780b7b136cb,14.0,2008,EXACT,14.0,2008,14.0,2008,1,8.0,B2,False,0.0,False
9764db1f3fd6,38.0,2011,EXACT,38.0,2011,38.0,2011,1,5.0,B4,False,0.0,False
424c923e6bf4,39.0,2006,EXACT,39.0,2006,39.0,2006,1,9.0,B4,False,0.0,False
f92f71772ea4,33.0,2012,EXACT,33.0,2012,33.0,2012,1,7.0,B4,False,0.0,False
a235eaa4a494,26.0,2009,EXACT,26.0,2009,26.0,2009,1,6.0,B3,False,0.0,False
5c9f8fab3542,29.0,2014,EXACT,29.0,2014,29.0,2014,1,5.0,B3,False,0.0,False
7f66d2be41e0,31.0,2012,EXACT,31.0,2012,31.0,2012,1,5.0,B4,False,0.0,False
36baad2d2599,31.0,2011,MANUAL_APPNO_MATCH,31.0,2011,31.0,2011,1,,B4,False,0.0,False
da3a6499fad3,23.0,2007,EXACT,23.0,2007,23.0,2007,1,9.0,B3,False,0.0,False
d37b638bfc14,14.0,2008,EXACT,14.0,2008,14.0,2008,1,6.0,B2,False,0.0,False
d4d03a8aaac9,16.0,2009,EXACT,16.0,2009,16.0,2009,1,6.0,B2,False,0.0,False
c13fb41e7ac5,21.0,2006,EXACT,21.0,2006,21.0,2006,1,6.0,B3,False,0.0,False
078fcb1904c4,26.0,2009,EXACT,26.0,2009,26.0,2009,1,8.0,B3,False,0.0,False
0f4a7614a4e4,38.0,2009,EXACT,38.0,2009,38.0,2009,1,6.0,B4,False,0.0,False
86b318d7d56b,21.0,2008,EXACT,21.0,2008,21.0,2008,1,7.0,B3,False,0.0,False
275ddb97d13d,37.0,2008,EXACT,37.0,2008,37.0,2008,1,7.0,B4,False,0.0,False
9e2ae635923f,20.0,2013,EXACT,20.0,2013,20.0,2013,1,5.0,B3,False,0.0,False
b41ed86d40bc,35.0,2011,EXACT,35.0,2011,35.0,2011,1,5.0,B4,False,0.0,False
d1983c01dc17,15.0,2014,EXACT,15.0,2014,15.0,2014,1,6.0,B2,False,0.0,False
2dfc60033e0f,16.0,2012,EXACT,16.0,2012,16.0,2012,1,7.0,B2,False,0.0,False
66fc9515e50d,27.0,2007,EXACT,27.0,2007,27.0,2007,1,8.0,B3,False,0.0,False
acb059240851,5.0,2012,EXACT,5.0,2012,5.0,2012,1,7.0,B1,False,0.0,False
1770e34463f2,27.0,2006,EXACT,27.0,2006,27.0,2006,1,9.0,B3,False,0.0,False
e77d6c048eef,24.0,2006,EXACT,24.0,2006,24.0,2006,1,6.0,B3,False,0.0,False
80b85e1c3fae,24.0,2011,EXACT,24.0,2011,24.0,2011,1,6.0,B3,False,0.0,False
46224fdea5c3,10.0,2009,EXACT,10.0,2009,10.0,2009,1,7.0,B2,False,0.0,False
aad5712803de,31.0,2007,EXACT,31.0,2007,31.0,2007,1,5.0,B4,False,0.0,False
f38b373dab7d,18.0,2011,EXACT,18.0,2011,18.0,2011,1,6.0,B2,False,0.0,False
9dc4b507f805,14.0,2012,EXACT,14.0,2012,14.0,2012,1,8.0,B2,False,0.0,False
6a6ea8fc4cb7,39.0,2011,EXACT,39.0,2011,39.0,2011,1,7.0,B4,False,0.0,False
2532c094730e,12.0,2011,EXACT,12.0,2011,12.0,2011,1,8.0,B2,False,0.0,False
b9110dee8ff9,11.0,2012,EXACT,11.0,2012,11.0,2012,1,6.0,B2,False,0.0,False
626c6e52df21,39.0,2012,EXACT,39.0,2012,39.0,2012,1,7.0,B4,False,0.0,False
92dce4ecd51a,37.0,2006,EXACT,37.0,2006,37.0,2006,1,10.0,B4,False,0.0,False
7b8161c07d1e,30.0,2014,EXACT,30.0,2014,30.0,2014,1,5.0,B4,False,0.0,False
4344bdf32de6,34.0,2009,EXACT,34.0,2009,34.0,2009,1,6.0,B4,False,0.0,False
009515977326,22.0,2010,EXACT,22.0,2010,22.0,2010,1,7.0,B3,False,0.0,False
ce88a8de6bb2,36.0,2011,EXACT,36.0,2011,36.0,2011,1,6.0,B4,False,0.0,False
bc30c2f0d6a4,11.0,2009,EXACT,11.0,2009,11.0,2009,1,6.0,B2,False,0.0,False
db652fd9efb3,7.0,2007,EXACT,7.0,2007,7.0,2007,1,9.0,B1,False,0.0,False
e8691cfdd125,9.0,2009,EXACT,9.0,2009,9.0,2009,1,7.0,B1,False,0.0,False
8503e06b6aef,31.0,2011,MANUAL_APPNO_MATCH,31.0,2011,31.0,2011,1,,B4,False,0.0,False
3b804eca78fd,19.0,2011,MANUAL_APPNO_MATCH,19.0,2011,19.0,2011,1,,B2,False,0.0,False
e5ed161bdeed,27.0,2008,EXACT,27.0,2008,27.0,2008,1,5.0,B3,False,0.0,False
4688bd6c28bb,5.0,2010,EXACT,5.0,2010,5.0,2010,1,10.0,B1,False,0.0,False
cecbc6a09405,26.0,2011,EXACT,26.0,2011,26.0,2011,1,6.0,B3,False,0.0,False
da292dd38f66,38.0,2007,EXACT,38.0,2007,38.0,2007,1,6.0,B4,False,0.0,False
684846c650e2,18.0,2008,MANUAL_APPNO_MATCH,18.0,2008,18.0,2008,1,,B2,False,0.0,False
afd064dd6958,17.0,2006,EXACT,17.0,2006,17.0,2006,1,6.0,B2,False,0.0,False
10d5e8bb4cfb,2.0,2006,EXACT,2.0,2006,2.0,2006,1,9.0,B1,False,0.0,False
717922ed82d1,36.0,2011,EXACT,36.0,2011,36.0,2011,1,6.0,B4,False,0.0,False
a57acc7ca60d,9.0,2009,EXACT,9.0,2009,9.0,2009,1,8.0,B1,False,0.0,False
ae5e055cb335,33.0,2008,DETERMINISTIC_APPNO,33.0,2008,33.0,2008,1,,B4,False,0.0,False
ba670f0c3556,23.0,2008,EXACT,23.0,2008,23.0,2008,1,7.0,B3,False,0.0,False
811b338e07f9,26.0,2006,EXACT,26.0,2006,26.0,2006,1,7.0,B3,False,0.0,False
ffb629bc1e6d,28.0,2010,EXACT,28.0,2010,28.0,2010,1,7.0,B3,False,0.0,False
2909263aa07a,15.0,2007,EXACT,15.0,2007,15.0,2007,1,8.0,B2,False,0.0,False
e66eb19fb352,37.0,2010,EXACT,37.0,2010,37.0,2010,1,5.0,B4,False,0.0,False
c0d9a6d5fbe9,39.0,2011,EXACT,39.0,2011,39.0,2011,1,9.0,B4,False,0.0,False
584a2a481193,27.0,2011,EXACT,27.0,2011,27.0,2011,1,5.0,B3,False,0.0,False
2d2ee3a4ce6d,7.0,2007,MANUAL_APPNO_MATCH,7.0,2007,7.0,2007,1,,B1,False,0.0,False
8e7c7424fed7,32.0,2010,EXACT,32.0,2010,32.0,2010,1,6.0,B4,False,0.0,False
c20439861d49,36.0,2011,EXACT,36.0,2011,36.0,2011,1,7.0,B4,False,0.0,False
755610fc0031,26.0,2006,EXACT,26.0,2006,26.0,2006,1,6.0,B3,False,0.0,False
08b12fdc4f49,23.0,2006,EXACT,23.0,2006,23.0,2006,1,6.0,B3,False,0.0,False
03fde676397f,16.0,2013,EXACT,16.0,2013,16.0,2013,1,5.0,B2,False,0.0,False
5323ba2e14ff,26.0,2008,EXACT,26.0,2008,26.0,2008,1,7.0,B3,False,0.0,False
e15e26b8c31d,35.0,2010,MANUAL_APPNO_MATCH,35.0,2010,35.0,2010,1,,B4,False,0.0,False
42daf7c8a987,24.0,2012,EXACT,24.0,2012,24.0,2012,1,7.0,B3,False,0.0,False
5907c1212676,4.0,2012,EXACT,4.0,2012,4.0,2012,1,7.0,B1,False,0.0,False
06abdfc952fe,30.0,2006,EXACT,30.0,2006,30.0,2006,1,6.0,B4,False,0.0,False
6d665ec3d484,38.0,2009,EXACT,38.0,2009,38.0,2009,1,6.0,B4,False,0.0,False
5845bdd16ece,18.0,2012,EXACT,18.0,2012,18.0,2012,1,6.0,B2,False,0.0,False
5585ea1129e3,14.0,2009,EXACT,14.0,2009,14.0,2009,1,8.0,B2,False,0.0,False
bf0c5a065c6c,25.0,2008,EXACT,25.0,2008,25.0,2008,1,7.0,B3,False,0.0,False
1ec0aad345bf,7.0,2006,EXACT,7.0,2006,7.0,2006,1,7.0,B1,False,0.0,False
3f9bc51883b4,33.0,2009,EXACT,33.0,2009,33.0,2009,1,8.0,B4,False,0.0,False
67fff46be196,31.0,2006,EXACT,31.0,2006,31.0,2006,1,6.0,B4,False,0.0,False
22503a0e0adc,38.0,2006,EXACT,38.0,2006,38.0,2006,1,6.0,B4,False,0.0,False
88a5cc789652,33.0,2010,MANUAL_APPNO_MATCH,33.0,2010,33.0,2010,1,,B4,False,0.0,False
681d09ba3626,33.0,2006,EXACT,33.0,2006,33.0,2006,1,5.0,B4,False,0.0,False
80cb621edb29,14.0,2008,EXACT,14.0,2008,14.0,2008,1,6.0,B2,False,0.0,False
6cdd3c3842a3,35.0,2009,EXACT,35.0,2009,35.0,2009,1,7.0,B4,False,0.0,False
c07d9c9f900a,27.0,2011,MANUAL_APPNO_MATCH,27.0,2011,27.0,2011,1,,B3,False,0.0,False
70ed0d2c97e9,26.0,2006,EXACT,26.0,2006,26.0,2006,1,8.0,B3,False,0.0,False
ae70e8b63dc4,37.0,2010,EXACT,37.0,2010,37.0,2010,1,6.0,B4,False,0.0,False
7ff834b81f37,6.0,2011,EXACT,6.0,2011,6.0,2011,1,5.0,B1,False,0.0,False
bb61a7e0bac6,20.0,2012,EXACT,20.0,2012,20.0,2012,1,6.0,B3,False,0.0,False
7644df81bd15,35.0,2014,EXACT,35.0,2014,35.0,2014,1,6.0,B4,False,0.0,False
9c7db9b63492,33.0,2014,EXACT,33.0,2014,33.0,2014,1,6.0,B4,False,0.0,False
8537afc8a47e,21.0,2006,EXACT,21.0,2006,21.0,2006,1,7.0,B3,False,0.0,False
6b7f3c7a873a,25.0,2009,MANUAL_APPNO_MATCH,25.0,2009,25.0,2009,2,,B3,False,0.0,False
5a5ebada57f5,11.0,2011,EXACT,11.0,2011,11.0,2011,1,7.0,B2,False,0.0,False
b37f78bbfaa3,11.0,2007,EXACT,11.0,2007,11.0,2007,1,7.0,B2,False,0.0,False
386b336fbf2f,18.0,2010,EXACT,18.0,2010,18.0,2010,1,9.0,B2,False,0.0,False
4ad27a555626,37.0,2006,EXACT,37.0,2006,37.0,2006,1,6.0,B4,False,0.0,False
20e946682d75,32.0,2012,MANUAL_APPNO_MATCH,32.0,2012,32.0,2012,1,,B4,False,0.0,False
df665e38d896,10.0,2006,EXACT,10.0,2006,10.0,2006,1,10.0,B2,False,0.0,False
69b7545e868c,10.0,2006,MANUAL_APPNO_MATCH,10.0,2006,10.0,2006,1,,B2,False,0.0,False
8423c6411f89,34.0,2006,EXACT,34.0,2006,34.0,2006,1,6.0,B4,False,0.0,False
207705890bfa,39.0,2014,DETERMINISTIC_APPNO,39.0,2014,39.0,2014,1,,B4,False,0.0,False
912058f80bc0,38.0,2013,MANUAL_APPNO_MATCH,38.0,2013,38.0,2013,1,,B4,False,0.0,False
1f7f6ce61cb0,38.0,2006,EXACT,38.0,2006,38.0,2006,1,6.0,B4,False,0.0,False
8b5cbd548599,21.0,2011,EXACT,21.0,2011,21.0,2011,1,6.0,B3,False,0.0,False
7883b1885557,15.0,2006,EXACT,15.0,2006,15.0,2006,1,7.0,B2,False,0.0,False
d21ac0b09970,11.0,2008,EXACT,11.0,2008,11.0,2008,1,9.0,B2,False,0.0,False
7730ac9f7181,31.0,2006,EXACT,31.0,2006,31.0,2006,1,7.0,B4,False,0.0,False
d32c19ce9e57,20.0,2006,EXACT,20.0,2006,20.0,2006,1,9.0,B3,False,0.0,False
fc53d605866c,19.0,2013,EXACT,19.0,2013,19.0,2013,1,5.0,B2,False,0.0,False
4bd0dbe791bd,19.0,2011,EXACT,19.0,2011,19.0,2011,1,9.0,B2,False,0.0,False
68811e5ef754,27.0,2008,EXACT,27.0,2008,27.0,2008,1,6.0,B3,False,0.0,False
5c169c3ca8a0,19.0,2007,MANUAL_APPNO_MATCH,19.0,2007,19.0,2007,1,,B2,False,0.0,False
09c16c9ad565,35.0,2009,EXACT,35.0,2009,35.0,2009,1,6.0,B4,False,0.0,False
299c65bf0d3c,25.0,2010,EXACT,25.0,2010,25.0,2010,1,7.0,B3,False,0.0,False
e8a3ecf19342,24.0,2011,EXACT,24.0,2011,24.0,2011,1,6.0,B3,False,0.0,False
8de6ea68c0a3,9.0,2007,EXACT,9.0,2007,9.0,2007,1,5.0,B1,False,0.0,False
02cb6a43b9cc,1.0,2009,EXACT,1.0,2009,1.0,2009,1,6.0,B1,False,0.0,False
a2f759c6d60f,18.0,2008,EXACT,18.0,2008,18.0,2008,1,9.0,B2,False,0.0,False
ed9d5655d3ce,16.0,2014,MANUAL_APPNO_MATCH,16.0,2014,16.0,2014,2,,B2,False,0.0,False
a281b320c0ee,3.0,2014,EXACT,3.0,2014,3.0,2014,1,6.0,B1,False,0.0,False
a043c5689ad8,35.0,2006,EXACT,35.0,2006,35.0,2006,1,6.0,B4,False,0.0,False
11cb7faf87dd,30.0,2012,EXACT,30.0,2012,30.0,2012,1,7.0,B4,False,0.0,False
048d25bf4b4f,28.0,2006,EXACT,28.0,2006,28.0,2006,1,5.0,B3,False,0.0,False
5a72aa83d59a,20.0,2012,EXACT,20.0,2012,20.0,2012,1,5.0,B3,False,0.0,False
220edf307452,25.0,2008,EXACT,25.0,2008,25.0,2008,1,6.0,B3,False,0.0,False
f4685da50fd3,32.0,2011,EXACT,32.0,2011,32.0,2011,1,7.0,B4,False,0.0,False
4120408d28b9,19.0,2006,EXACT,19.0,2006,19.0,2006,1,6.0,B2,False,0.0,False
5e722cd5cd52,25.0,2008,EXACT,25.0,2008,25.0,2008,1,6.0,B3,False,0.0,False
58bdb66d4ca1,12.0,2012,EXACT,12.0,2012,12.0,2012,1,6.0,B2,False,0.0,False
de6b1942031b,5.0,2007,EXACT,5.0,2007,5.0,2007,1,8.0,B1,False,0.0,False
4579c3c83e55,17.0,2011,EXACT,17.0,2011,17.0,2011,1,10.0,B2,False,0.0,False
850b0a70232c,9.0,2012,EXACT,9.0,2012,9.0,2012,1,6.0,B1,False,0.0,False
26c98dafb1fb,6.0,2006,MANUAL_APPNO_MATCH,6.0,2006,6.0,2006,1,,B1,False,0.0,False
c58eb677afd1,39.0,2012,EXACT,39.0,2012,39.0,2012,1,6.0,B4,False,0.0,False
75a05451b4ca,27.0,2009,EXACT,27.0,2009,27.0,2009,1,7.0,B3,False,0.0,False
bd2b79cad351,3.0,2006,EXACT,3.0,2006,3.0,2006,1,6.0,B1,False,0.0,False
eb7e82e3c64e,9.0,2008,EXACT,9.0,2008,9.0,2008,1,7.0,B1,False,0.0,False
30748db906e9,12.0,2006,EXACT,12.0,2006,12.0,2006,1,6.0,B2,False,0.0,False
6fd1e6caf0aa,33.0,2006,EXACT,33.0,2006,33.0,2006,1,5.0,B4,False,0.0,False
45ac97c083ee,3.0,2009,EXACT,3.0,2009,3.0,2009,1,7.0,B1,False,0.0,False
7f2eaca2edf8,39.0,2009,EXACT,39.0,2009,39.0,2009,1,5.0,B4,False,0.0,False
c6f96a37fc2c,31.0,2011,DETERMINISTIC_APPNO,31.0,2011,31.0,2011,1,,B4,False,0.0,False
4d02e0fbdba1,38.0,2011,MANUAL_APPNO_MATCH,38.0,2011,38.0,2011,1,,B4,False,0.0,False
ab89c7b469f8,3.0,2006,EXACT,3.0,2006,3.0,2006,1,6.0,B1,False,0.0,False
ff0edaac04cd,35.0,2010,EXACT,35.0,2010,35.0,2010,1,7.0,B4,False,0.0,False
b6d176ccd257,36.0,2012,EXACT,36.0,2012,36.0,2012,1,5.0,B4,False,0.0,False
8eb5a24699c6,4.0,2008,EXACT,4.0,2008,4.0,2008,1,11.0,B1,False,0.0,False
c113ab7b4852,6.0,2013,MANUAL_APPNO_MATCH,6.0,2013,6.0,2013,1,,B1,False,0.0,False
c13b394657f5,22.0,2011,EXACT,22.0,2011,22.0,2011,1,6.0,B3,False,0.0,False
f16fef04b007,21.0,2011,EXACT,21.0,2011,21.0,2011,1,5.0,B3,False,0.0,False
e76be3f95e88,24.0,2009,EXACT,24.0,2009,24.0,2009,1,7.0,B3,False,0.0,False
55f37f549987,25.0,2010,EXACT,25.0,2010,25.0,2010,1,7.0,B3,False,0.0,False
1bc662dcdbe5,36.0,2013,EXACT,36.0,2013,36.0,2013,1,6.0,B4,False,0.0,False
4002a071bf6f,29.0,2006,MANUAL_APPNO_MATCH,29.0,2006,29.0,2006,1,,B3,False,0.0,False
5ddaef6f92c6,12.0,2006,EXACT,12.0,2006,12.0,2006,1,9.0,B2,False,0.0,False
aef037d2de53,35.0,2009,EXACT,35.0,2009,35.0,2009,1,7.0,B4,False,0.0,False
03f3ff6c57c4,36.0,2013,EXACT,36.0,2013,36.0,2013,1,7.0,B4,False,0.0,False
ca5e18eea88c,37.0,2009,EXACT,37.0,2009,37.0,2009,1,7.0,B4,False,0.0,False
90898af2e0c6,14.0,2011,EXACT,14.0,2011,14.0,2011,1,7.0,B2,False,0.0,False
28439ecbdb27,12.0,2011,EXACT,12.0,2011,12.0,2011,1,6.0,B2,False,0.0,False
3667d5152415,38.0,2006,EXACT,38.0,2006,38.0,2006,1,6.0,B4,False,0.0,False
c380c9e69f1c,36.0,2011,EXACT,36.0,2011,36.0,2011,1,7.0,B4,False,0.0,False
56d406fc0a55,26.0,2010,EXACT,26.0,2010,26.0,2010,1,6.0,B3,False,0.0,False
a8c6d54eb790,25.0,2009,EXACT,25.0,2009,25.0,2009,1,7.0,B3,False,0.0,False
706331ff8a1c,31.0,2006,EXACT,31.0,2006,31.0,2006,1,6.0,B4,False,0.0,False
2444c74b13be,39.0,2006,EXACT,39.0,2006,39.0,2006,1,6.0,B4,False,0.0,False
d6d12e5e2c71,23.0,2014,EXACT,23.0,2014,23.0,2014,1,5.0,B3,False,0.0,False
58375daf529b,6.0,2010,EXACT,6.0,2010,6.0,2010,1,8.0,B1,False,0.0,False
d7fc3aae88fd,1.0,2008,EXACT,1.0,2008,1.0,2008,1,10.0,B1,False,0.0,False
033d0dba050c,33.0,2009,EXACT,33.0,2009,33.0,2009,1,8.0,B4,False,0.0,False
3f635be6b2cf,15.0,2014,EXACT,15.0,2014,15.0,2014,1,6.0,B2,False,0.0,False
de1a7948b06b,24.0,2008,EXACT,24.0,2008,24.0,2008,1,8.0,B3,False,0.0,False
c16ff2e757df,37.0,2009,EXACT,37.0,2009,37.0,2009,1,5.0,B4,False,0.0,False
e48d10d8b7dc,11.0,2008,EXACT,11.0,2008,11.0,2008,1,8.0,B2,False,0.0,False
8e3c9541c17e,13.0,2010,EXACT,13.0,2010,13.0,2010,1,6.0,B2,False,0.0,False
1b1507546c79,23.0,2012,EXACT,23.0,2012,23.0,2012,1,6.0,B3,False,0.0,False
67cb157f6c29,30.0,2006,EXACT,30.0,2006,30.0,2006,1,8.0,B4,False,0.0,False
40bdbf2ed71b,25.0,2006,EXACT,25.0,2006,25.0,2006,1,6.0,B3,False,0.0,False
abd9416b2608,33.0,2008,MANUAL_APPNO_MATCH,37.0,2007,33.0,2008,3,,B4,True,4.0,False
5c61df855554,39.0,2011,EXACT,39.0,2011,39.0,2011,1,6.0,B4,False,0.0,False
39c2c4e69c46,33.0,2012,EXACT,33.0,2012,33.0,2012,1,6.0,B4,False,0.0,False
971ec741d558,5.0,2009,MANUAL_APPNO_MATCH,5.0,2009,5.0,2009,1,,B1,False,0.0,False
e6c5e87f82c9,9.0,2012,EXACT,9.0,2012,9.0,2012,1,7.0,B1,False,0.0,False
c695a1bbcd1a,11.0,2008,EXACT,11.0,2008,11.0,2008,1,10.0,B2,False,0.0,False
b9b190c090f1,11.0,2008,EXACT,11.0,2008,11.0,2008,1,7.0,B2,False,0.0,False
9b280df0b601,18.0,2009,MANUAL_APPNO_MATCH,18.0,2009,18.0,2009,1,,B2,False,0.0,False
6ce72e830fc7,14.0,2014,EXACT,14.0,2014,14.0,2014,1,6.0,B2,False,0.0,False
eb06b7391f84,33.0,2006,EXACT,33.0,2006,33.0,2006,1,5.0,B4,False,0.0,False
9c6de66b7bb2,30.0,2009,EXACT,30.0,2009,30.0,2009,1,8.0,B4,False,0.0,False
fbb9512920d4,32.0,2009,EXACT,32.0,2009,32.0,2009,1,7.0,B4,False,0.0,False
2c7bcc063e69,10.0,2013,EXACT,10.0,2013,10.0,2013,1,6.0,B2,False,0.0,False
d3d3eca1f348,23.0,2007,EXACT,23.0,2007,23.0,2007,1,7.0,B3,False,0.0,False
d835df389628,27.0,2009,EXACT,27.0,2009,27.0,2009,1,6.0,B3,False,0.0,False
a7fd6f872e01,35.0,2012,EXACT,35.0,2012,35.0,2012,1,7.0,B4,False,0.0,False
555f68af8961,21.0,2014,EXACT,21.0,2014,21.0,2014,1,5.0,B3,False,0.0,False
940c13c6ebeb,33.0,2009,EXACT,33.0,2009,33.0,2009,1,5.0,B4,False,0.0,False
1a7f9d698e6d,14.0,2009,EXACT,14.0,2009,14.0,2009,1,7.0,B2,False,0.0,False
058a8cdc2800,39.0,2013,EXACT,39.0,2013,39.0,2013,1,6.0,B4,False,0.0,False
1e2f7408260f,33.0,2010,EXACT,33.0,2010,33.0,2010,1,7.0,B4,False,0.0,False
e424521b8dbb,33.0,2007,EXACT,33.0,2007,33.0,2007,1,7.0,B4,False,0.0,False
46d1bebb5afd,6.0,2010,EXACT,6.0,2010,6.0,2010,1,9.0,B1,False,0.0,False
c3ce8f7c095e,38.0,2010,MANUAL_APPNO_MATCH,38.0,2010,38.0,2010,1,,B4,False,0.0,False
b46e42048925,39.0,2013,EXACT,39.0,2013,39.0,2013,1,6.0,B4,False,0.0,False
027483496203,38.0,2009,EXACT,38.0,2009,38.0,2009,1,6.0,B4,False,0.0,False
4bbdf004df15,24.0,2012,EXACT,24.0,2012,24.0,2012,1,7.0,B3,False,0.0,False
b0469df3136b,20.0,2006,EXACT,20.0,2006,20.0,2006,1,7.0,B3,False,0.0,False
57265657b05a,25.0,2009,MANUAL_APPNO_MATCH,25.0,2009,25.0,2009,1,,B3,False,0.0,False
5296501bbd15,27.0,2011,EXACT,27.0,2011,27.0,2011,1,7.0,B3,False,0.0,False
0ac664e02e82,37.0,2006,EXACT,37.0,2006,37.0,2006,1,5.0,B4,False,0.0,False
594a59a17e2b,17.0,2009,EXACT,17.0,2009,17.0,2009,1,7.0,B2,False,0.0,False
21d3c9257845,22.0,2006,EXACT,22.0,2006,22.0,2006,1,8.0,B3,False,0.0,False
8afa33712b0d,37.0,2009,EXACT,37.0,2009,37.0,2009,1,8.0,B4,False,0.0,False
ddeddc327cd4,38.0,2009,EXACT,38.0,2009,38.0,2009,1,6.0,B4,False,0.0,False
462928fe8fd9,33.0,2010,EXACT,33.0,2010,33.0,2010,1,8.0,B4,False,0.0,False
6875e445ae72,15.0,2009,EXACT,15.0,2009,15.0,2009,1,6.0,B2,False,0.0,False
c62caf39b8c5,28.0,2010,EXACT,28.0,2010,28.0,2010,1,6.0,B3,False,0.0,False
872e770da858,32.0,2011,EXACT,32.0,2011,32.0,2011,1,7.0,B4,False,0.0,False
f6fc13500e2b,32.0,2006,EXACT,32.0,2006,32.0,2006,1,6.0,B4,False,0.0,False
03a96883abc4,25.0,2009,EXACT,25.0,2009,25.0,2009,1,7.0,B3,False,0.0,False
94c0290101fd,19.0,2011,EXACT,19.0,2011,19.0,2011,1,7.0,B2,False,0.0,False
1747a614d0fc,21.0,2012,EXACT,21.0,2012,21.0,2012,1,7.0,B3,False,0.0,False
ec3d10c4976c,7.0,2012,EXACT,7.0,2012,7.0,2012,1,8.0,B1,False,0.0,False
2ae37055ee43,2.0,2010,EXACT,2.0,2010,2.0,2010,1,8.0,B1,False,0.0,False
3718a675e008,10.0,2006,EXACT,10.0,2006,10.0,2006,1,7.0,B2,False,0.0,False
f73509a0b4dc,29.0,2007,EXACT,29.0,2007,29.0,2007,1,6.0,B3,False,0.0,False
26cf61c752d1,29.0,2006,EXACT,29.0,2006,29.0,2006,1,6.0,B3,False,0.0,False
685d28f46804,19.0,2009,EXACT,19.0,2009,19.0,2009,1,10.0,B2,False,0.0,False
8d5761a9c104,18.0,2010,EXACT,18.0,2010,18.0,2010,1,6.0,B2,False,0.0,False
54f70773695f,39.0,2011,EXACT,39.0,2011,39.0,2011,1,6.0,B4,False,0.0,False
0281197c3fd0,34.0,2006,EXACT,34.0,2006,34.0,2006,1,15.0,B4,False,0.0,False
4237867916d9,3.0,2006,EXACT,3.0,2006,3.0,2006,1,6.0,B1,False,0.0,False
27fbd680ff9e,36.0,2009,EXACT,36.0,2009,36.0,2009,1,5.0,B4,False,0.0,False
801f25d85a90,28.0,2010,EXACT,28.0,2010,28.0,2010,1,9.0,B3,False,0.0,False
5aa5861d4b83,24.0,2009,MANUAL_APPNO_MATCH,24.0,2009,24.0,2009,1,,B3,False,0.0,False
0bb1562fbdc8,30.0,2011,MANUAL_APPNO_MATCH,30.0,2011,30.0,2011,1,,B4,False,0.0,False
d017080e7e8a,19.0,2009,EXACT,19.0,2009,19.0,2009,1,9.0,B2,False,0.0,False
c9af7f0d2bbb,31.0,2012,EXACT,31.0,2012,31.0,2012,1,5.0,B4,False,0.0,False
5b915423b75c,4.0,2006,EXACT,4.0,2006,4.0,2006,1,5.0,B1,False,0.0,False
fb0c0191833a,21.0,2006,EXACT,21.0,2006,21.0,2006,1,9.0,B3,False,0.0,False
0c053912b62c,38.0,2006,EXACT,38.0,2006,38.0,2006,1,9.0,B4,False,0.0,False
bf582b2880d6,16.0,2006,EXACT,16.0,2006,16.0,2006,1,9.0,B2,False,0.0,False
9a3e003b29de,33.0,2008,EXACT,33.0,2008,33.0,2008,1,6.0,B4,False,0.0,False
e4d8da23fd43,34.0,2010,EXACT,34.0,2010,34.0,2010,1,6.0,B4,False,0.0,False
cea5c5f7ca32,19.0,2011,EXACT,19.0,2011,19.0,2011,1,6.0,B2,False,0.0,False
51f52b20ac4e,12.0,2009,EXACT,12.0,2009,12.0,2009,1,6.0,B2,False,0.0,False
f4988b223fc2,29.0,2011,EXACT,29.0,2011,29.0,2011,1,9.0,B3,False,0.0,False
f61025baf5f7,38.0,2010,EXACT,38.0,2010,38.0,2010,1,6.0,B4,False,0.0,False
30f02a4b5f14,28.0,2010,EXACT,28.0,2010,28.0,2010,1,7.0,B3,False,0.0,False
3a6a90910bd8,19.0,2009,MANUAL_APPNO_MATCH,19.0,2009,19.0,2009,1,,B2,False,0.0,False
5241f23ab164,14.0,2006,EXACT,14.0,2006,14.0,2006,1,13.0,B2,False,0.0,False
2a0a22605520,24.0,2012,EXACT,24.0,2012,24.0,2012,1,7.0,B3,False,0.0,False
66f8963e671c,38.0,2006,EXACT,38.0,2006,38.0,2006,1,12.0,B4,False,0.0,False
ed2a659c52c9,26.0,2007,EXACT,26.0,2007,26.0,2007,1,6.0,B3,False,0.0,False
6b65f784c5af,38.0,2008,EXACT,38.0,2008,38.0,2008,1,5.0,B4,False,0.0,False
a1df883ef947,31.0,2009,EXACT,31.0,2009,31.0,2009,1,7.0,B4,False,0.0,False
41b1dd0d5b72,21.0,2010,EXACT,21.0,2010,21.0,2010,1,12.0,B3,False,0.0,False
2b20ebe0cc43,27.0,2008,EXACT,27.0,2008,27.0,2008,1,7.0,B3,False,0.0,False
c0c813a72f52,23.0,2010,EXACT,23.0,2010,23.0,2010,1,5.0,B3,False,0.0,False
c356a4cc7cf1,24.0,2013,EXACT,24.0,2013,24.0,2013,1,6.0,B3,False,0.0,False
35e02f5a8efe,25.0,2009,EXACT,25.0,2009,25.0,2009,1,9.0,B3,False,0.0,False
de4f3886a756,25.0,2007,EXACT,25.0,2007,25.0,2007,1,7.0,B3,False,0.0,False
db9934b6e723,18.0,2012,MANUAL_APPNO_MATCH,18.0,2012,18.0,2012,1,,B2,False,0.0,False
b23f14164e6a,20.0,2009,MANUAL_APPNO_MATCH,20.0,2009,20.0,2009,1,,B3,False,0.0,False
63ab6ac898cc,38.0,2010,EXACT,38.0,2010,38.0,2010,1,6.0,B4,False,0.0,False
cd93b63b79c4,26.0,2011,EXACT,26.0,2011,26.0,2011,1,5.0,B3,False,0.0,False
61a20c8a76d6,5.0,2013,EXACT,5.0,2013,5.0,2013,1,5.0,B1,False,0.0,False
9166ef8bb437,11.0,2009,DETERMINISTIC_APPNO,11.0,2009,11.0,2009,1,,B2,False,0.0,False
d357c29da4ee,16.0,2009,MANUAL_APPNO_MATCH,16.0,2009,16.0,2009,1,,B2,False,0.0,False
345909b325cd,6.0,2012,EXACT,6.0,2012,6.0,2012,1,6.0,B1,False,0.0,False
35fe412b806d,22.0,2010,EXACT,22.0,2010,22.0,2010,1,8.0,B3,False,0.0,False
8b98ef79fd8d,33.0,2006,EXACT,33.0,2006,33.0,2006,1,7.0,B4,False,0.0,False
29fd8cb55153,23.0,2008,EXACT,23.0,2008,23.0,2008,1,7.0,B3,False,0.0,False
40bda81afd82,25.0,2006,EXACT,25.0,2006,25.0,2006,1,6.0,B3,False,0.0,False
db88872425b6,23.0,2006,EXACT,23.0,2006,23.0,2006,1,7.0,B3,False,0.0,False
61c574172005,19.0,2008,EXACT,19.0,2008,19.0,2008,1,7.0,B2,False,0.0,False
785c217871bf,37.0,2007,EXACT,37.0,2007,37.0,2007,1,7.0,B4,False,0.0,False
0071f649d4f6,28.0,2007,EXACT,28.0,2007,28.0,2007,1,7.0,B3,False,0.0,False
d673ed897e4e,25.0,2010,EXACT,25.0,2010,25.0,2010,1,8.0,B3,False,0.0,False
d728d1135154,39.0,2010,EXACT,39.0,2010,39.0,2010,1,5.0,B4,False,0.0,False
9d835717d242,32.0,2014,EXACT,32.0,2014,32.0,2014,1,6.0,B4,False,0.0,False
a11b047031fb,27.0,2007,EXACT,27.0,2007,27.0,2007,1,7.0,B3,False,0.0,False
32b3ea26136b,34.0,2011,MANUAL_APPNO_MATCH,34.0,2011,34.0,2011,1,,B4,False,0.0,False
aaf8378262e1,22.0,2009,EXACT,22.0,2009,22.0,2009,1,9.0,B3,False,0.0,False
588124d53821,21.0,2013,EXACT,21.0,2013,21.0,2013,1,8.0,B3,False,0.0,False
398efc386a5c,21.0,2006,EXACT,21.0,2006,21.0,2006,1,9.0,B3,False,0.0,False
efa14aa9429e,34.0,2007,MANUAL_APPNO_MATCH,34.0,2007,34.0,2007,1,,B4,False,0.0,False
d759ebea5dba,10.0,2006,EXACT,10.0,2006,10.0,2006,1,12.0,B2,False,0.0,False
d1369548954b,19.0,2009,EXACT,19.0,2009,19.0,2009,1,10.0,B2,False,0.0,False
f2b0b6429d44,34.0,2006,EXACT,34.0,2006,34.0,2006,1,6.0,B4,False,0.0,False
2ac19f49afe1,39.0,2006,EXACT,39.0,2006,39.0,2006,1,8.0,B4,False,0.0,False
54121dd27eee,15.0,2011,EXACT,15.0,2011,15.0,2011,1,6.0,B2,False,0.0,False
92f393f33a42,23.0,2012,MANUAL_APPNO_MATCH,23.0,2012,23.0,2012,1,,B3,False,0.0,False
911b0405a6ee,34.0,2012,EXACT,34.0,2012,34.0,2012,1,6.0,B4,False,0.0,False
9a9f38ccba5a,35.0,2010,EXACT,35.0,2010,35.0,2010,1,6.0,B4,False,0.0,False
6c18519f6a05,21.0,2010,EXACT,21.0,2010,21.0,2010,1,6.0,B3,False,0.0,False
b3d6f2f47c3b,7.0,2012,EXACT,7.0,2012,7.0,2012,1,7.0,B1,False,0.0,False
8757961da448,5.0,2012,EXACT,5.0,2012,5.0,2012,1,6.0,B1,False,0.0,False
25ca58a8a654,30.0,2007,MANUAL_APPNO_MATCH,30.0,2007,30.0,2007,1,,B4,False,0.0,False
1d0c1181f339,21.0,2011,DETERMINISTIC_APPNO,21.0,2011,21.0,2011,1,,B3,False,0.0,False
1c5ff7922208,20.0,2006,EXACT,20.0,2006,20.0,2006,1,11.0,B3,False,0.0,False
eebbdd80a226,33.0,2012,EXACT,33.0,2012,33.0,2012,1,5.0,B4,False,0.0,False
d8632febfd15,20.0,2010,EXACT,20.0,2010,20.0,2010,1,5.0,B3,False,0.0,False
da8f8fcdceeb,32.0,2011,EXACT,32.0,2011,32.0,2011,1,6.0,B4,False,0.0,False
87a70546ee54,11.0,2010,MANUAL_APPNO_MATCH,11.0,2010,11.0,2010,1,,B2,False,0.0,False
dfe46e5bba16,6.0,2009,EXACT,6.0,2009,6.0,2009,1,6.0,B1,False,0.0,False
c700bc693367,35.0,2011,EXACT,35.0,2011,35.0,2011,1,8.0,B4,False,0.0,False
a47cb8199594,30.0,2010,EXACT,30.0,2010,30.0,2010,1,8.0,B4,False,0.0,False
832112fecee0,28.0,2007,EXACT,28.0,2007,28.0,2007,1,7.0,B3,False,0.0,False
dcc20e932604,37.0,2009,MANUAL_APPNO_MATCH,37.0,2009,37.0,2009,1,,B4,False,0.0,False
e985ad3da9ff,12.0,2012,EXACT,12.0,2012,12.0,2012,1,6.0,B2,False,0.0,False
ac74a9c85047,23.0,2011,EXACT,23.0,2011,23.0,2011,1,6.0,B3,False,0.0,False
47a5083e02ba,15.0,2007,MANUAL_APPNO_MATCH,15.0,2007,15.0,2007,1,,B2,False,0.0,False
9386c1a9966c,20.0,2007,EXACT,20.0,2007,20.0,2007,1,7.0,B3,False,0.0,False
b56c9a9337f3,36.0,2012,EXACT,36.0,2012,36.0,2012,1,6.0,B4,False,0.0,False
ccfcec7bf718,25.0,2007,EXACT,25.0,2007,25.0,2007,1,10.0,B3,False,0.0,False
d6f7d43ac9f7,11.0,2009,EXACT,11.0,2009,11.0,2009,1,7.0,B2,False,0.0,False
dff67483000f,2.0,2009,EXACT,2.0,2009,2.0,2009,1,6.0,B1,False,0.0,False
12393cec90c3,30.0,2012,EXACT,30.0,2012,30.0,2012,1,6.0,B4,False,0.0,False
4c13e030c2d7,17.0,2006,MANUAL_APPNO_MATCH,17.0,2006,17.0,2006,1,,B2,False,0.0,False
5230b79ff25d,38.0,2007,MANUAL_APPNO_MATCH,38.0,2007,38.0,2007,1,,B4,False,0.0,False
c416ca48209c,17.0,2008,EXACT,17.0,2008,17.0,2008,1,7.0,B2,False,0.0,False
ba682facc33d,31.0,2008,MANUAL_APPNO_MATCH,31.0,2008,31.0,2008,1,,B4,False,0.0,False
a4510b7546d5,39.0,2012,EXACT,39.0,2012,39.0,2012,1,9.0,B4,False,0.0,False
3093bc9f51a8,32.0,2013,EXACT,32.0,2013,32.0,2013,1,5.0,B4,False,0.0,False
72808b372507,36.0,2010,EXACT,36.0,2010,36.0,2010,1,6.0,B4,False,0.0,False
791dbe5e1229,8.0,2011,EXACT,8.0,2011,8.0,2011,1,9.0,B1,False,0.0,False
351c81ce7f3b,16.0,2013,MANUAL_APPNO_MATCH,37.0,2012,16.0,2013,2,,B2,True,21.0,False
cda6d2d5ba11,35.0,2012,EXACT,35.0,2012,35.0,2012,1,6.0,B4,False,0.0,False
4cd2f4c05fdb,1.0,2010,EXACT,1.0,2010,1.0,2010,1,7.0,B1,False,0.0,False
3918d4ee8a09,27.0,2009,EXACT,27.0,2009,27.0,2009,1,8.0,B3,False,0.0,False
618d02dbb8d6,38.0,2009,EXACT,38.0,2009,38.0,2009,1,6.0,B4,False,0.0,False
5b92500145da,22.0,2011,EXACT,22.0,2011,22.0,2011,1,8.0,B3,False,0.0,False
7cc63472778a,9.0,2007,EXACT,9.0,2007,9.0,2007,1,7.0,B1,False,0.0,False
f5c12b620fa5,26.0,2010,EXACT,26.0,2010,26.0,2010,1,5.0,B3,False,0.0,False
c9bfa56f80b9,30.0,2012,EXACT,30.0,2012,30.0,2012,1,9.0,B4,False,0.0,False
a09f710d9604,18.0,2009,EXACT,18.0,2009,18.0,2009,1,8.0,B2,False,0.0,False
9e03f3573400,30.0,2009,EXACT,30.0,2009,30.0,2009,1,6.0,B4,False,0.0,False
54bd770e6712,6.0,2006,MANUAL_APPNO_MATCH,6.0,2006,6.0,2006,1,,B1,False,0.0,False
69a6cdc92053,27.0,2007,EXACT,27.0,2007,27.0,2007,1,6.0,B3,False,0.0,False
95a1c0f17c2d,15.0,2008,EXACT,15.0,2008,15.0,2008,1,9.0,B2,False,0.0,False
0ae33d147874,29.0,2012,EXACT,29.0,2012,29.0,2012,1,7.0,B3,False,0.0,False
d2f89ec5f1e7,22.0,2011,EXACT,22.0,2011,22.0,2011,1,5.0,B3,False,0.0,False
8189dcc89ff9,23.0,2012,EXACT,23.0,2012,23.0,2012,1,7.0,B3,False,0.0,False
665050cb6fe2,24.0,2009,EXACT,24.0,2009,24.0,2009,1,7.0,B3,False,0.0,False
517540062267,38.0,2010,EXACT,38.0,2010,38.0,2010,1,7.0,B4,False,0.0,False
b9d889473bbf,7.0,2012,EXACT,7.0,2012,7.0,2012,1,5.0,B1,False,0.0,False
a4a653202c68,30.0,2012,EXACT,30.0,2012,30.0,2012,1,7.0,B4,False,0.0,False
dd969372124d,19.0,2012,EXACT,19.0,2012,19.0,2012,1,6.0,B2,False,0.0,False
2630a01c559e,30.0,2009,EXACT,30.0,2009,30.0,2009,1,7.0,B4,False,0.0,False
1f845e37d86c,3.0,2010,EXACT,3.0,2010,3.0,2010,1,9.0,B1,False,0.0,False
9411a751289e,16.0,2012,EXACT,16.0,2012,16.0,2012,1,9.0,B2,False,0.0,False
d674f3cc7826,38.0,2008,EXACT,38.0,2008,38.0,2008,1,8.0,B4,False,0.0,False
13c65bacec30,27.0,2009,EXACT,27.0,2009,27.0,2009,1,8.0,B3,False,0.0,False
84d48c03ba5d,31.0,2007,EXACT,31.0,2007,31.0,2007,1,6.0,B4,False,0.0,False
a309143bbed5,30.0,2011,MANUAL_APPNO_MATCH,30.0,2011,30.0,2011,1,,B4,False,0.0,False
96f1ca8d7011,2.0,2012,EXACT,2.0,2012,2.0,2012,1,7.0,B1,False,0.0,False
ea66b919cdc6,10.0,2013,EXACT,10.0,2013,10.0,2013,1,7.0,B2,False,0.0,False
c7db5da2964f,24.0,2009,EXACT,24.0,2009,24.0,2009,1,6.0,B3,False,0.0,False
b884da99d991,36.0,2011,MANUAL_APPNO_MATCH,36.0,2011,36.0,2011,1,,B4,False,0.0,False
a6a27918f2b1,20.0,2013,EXACT,20.0,2013,20.0,2013,1,9.0,B3,False,0.0,False
376411d1ae46,34.0,2007,EXACT,34.0,2007,34.0,2007,1,12.0,B4,False,0.0,False
d22d89645f54,25.0,2012,EXACT,25.0,2012,25.0,2012,1,7.0,B3,False,0.0,False
f1e12c475127,1.0,2009,EXACT,1.0,2009,1.0,2009,1,6.0,B1,False,0.0,False
83ac9b99172c,11.0,2011,EXACT,11.0,2011,11.0,2011,1,8.0,B2,False,0.0,False
f1f714f71fab,38.0,2009,EXACT,38.0,2009,38.0,2009,1,6.0,B4,False,0.0,False
b9ce7d245a75,19.0,2011,EXACT,19.0,2011,19.0,2011,1,5.0,B2,False,0.0,False
dc7898357473,11.0,2010,EXACT,11.0,2010,11.0,2010,1,8.0,B2,False,0.0,False
ffdf3890e9b4,29.0,2013,EXACT,29.0,2013,29.0,2013,1,7.0,B3,False,0.0,False
ab1c06998189,38.0,2007,EXACT,38.0,2007,38.0,2007,1,6.0,B4,False,0.0,False
e7e560263dfd,11.0,2013,MANUAL_APPNO_MATCH,11.0,2013,11.0,2013,1,,B2,False,0.0,False
51fdb5663f54,32.0,2011,MANUAL_APPNO_MATCH,32.0,2011,32.0,2011,1,,B4,False,0.0,False
d2a403ddfb7a,39.0,2011,EXACT,39.0,2011,39.0,2011,1,5.0,B4,False,0.0,False
52570626b17d,20.0,2008,EXACT,20.0,2008,20.0,2008,1,8.0,B3,False,0.0,False
2064c61e699b,19.0,2006,EXACT,19.0,2006,19.0,2006,1,7.0,B2,False,0.0,False
146dffb485f8,13.0,2014,MANUAL_APPNO_MATCH,13.0,2014,13.0,2014,1,,B2,False,0.0,False
6077f969bc22,22.0,2007,EXACT,22.0,2007,22.0,2007,1,6.0,B3,False,0.0,False
ccb99bc9b0c7,10.0,2012,MANUAL_APPNO_MATCH,34.0,2011,10.0,2012,2,,B2,True,24.0,False
3be988f09392,19.0,2009,EXACT,19.0,2009,19.0,2009,1,8.0,B2,False,0.0,False
0ed1491c54e9,24.0,2013,MANUAL_APPNO_MATCH,24.0,2013,24.0,2013,1,,B3,False,0.0,False
beb6e4c5c414,36.0,2013,MANUAL_APPNO_MATCH,36.0,2013,36.0,2013,4,,B4,False,0.0,False
3fb856ee4c02,32.0,2009,EXACT,32.0,2009,32.0,2009,1,5.0,B4,False,0.0,False
ac074946b26f,27.0,2007,DETERMINISTIC_APPNO,27.0,2007,27.0,2007,1,,B3,False,0.0,False
3aa399fd2fd3,2.0,2013,EXACT,2.0,2013,2.0,2013,1,6.0,B1,False,0.0,False
fe0249515abf,38.0,2006,EXACT,38.0,2006,38.0,2006,1,6.0,B4,False,0.0,False
283bb9b9f7d9,15.0,2009,EXACT,15.0,2009,15.0,2009,1,7.0,B2,False,0.0,False
52ca4d7beedd,36.0,2012,EXACT,36.0,2012,36.0,2012,1,6.0,B4,False,0.0,False
2577c10c9bff,35.0,2014,EXACT,35.0,2014,35.0,2014,1,5.0,B4,False,0.0,False
ae3e7af326ad,37.0,2010,EXACT,37.0,2010,37.0,2010,1,7.0,B4,False,0.0,False
95ec34cc6605,4.0,2009,EXACT,4.0,2009,4.0,2009,1,10.0,B1,False,0.0,False
90424b1ab8bb,31.0,2010,EXACT,31.0,2010,31.0,2010,1,6.0,B4,False,0.0,False
69e85cb11b9c,31.0,2008,EXACT,31.0,2008,31.0,2008,1,10.0,B4,False,0.0,False
689bee6914dd,17.0,2006,EXACT,17.0,2006,17.0,2006,1,9.0,B2,False,0.0,False
878cbd81e74e,28.0,2011,EXACT,28.0,2011,28.0,2011,1,8.0,B3,False,0.0,False
96c7c230b19d,21.0,2011,EXACT,21.0,2011,21.0,2011,1,8.0,B3,False,0.0,False
8b7b1597a38a,14.0,2012,EXACT,14.0,2012,14.0,2012,1,6.0,B2,False,0.0,False
33455ba7b15c,17.0,2012,EXACT,17.0,2012,17.0,2012,1,5.0,B2,False,0.0,False
fe47fc59d38c,24.0,2008,EXACT,24.0,2008,24.0,2008,1,7.0,B3,False,0.0,False
887cd917e5e0,36.0,2012,EXACT,36.0,2012,36.0,2012,1,6.0,B4,False,0.0,False
db163f949a2c,15.0,2012,EXACT,15.0,2012,15.0,2012,1,7.0,B2,False,0.0,False
bcf5829b3cf4,36.0,2009,MANUAL_APPNO_MATCH,36.0,2009,36.0,2009,1,,B4,False,0.0,False
b3d7a3d98f6d,19.0,2009,MANUAL_APPNO_MATCH,19.0,2009,19.0,2009,1,,B2,False,0.0,False
b89386d6ea25,31.0,2007,EXACT,31.0,2007,31.0,2007,1,9.0,B4,False,0.0,False
dfebc195fdb2,37.0,2007,MANUAL_APPNO_MATCH,37.0,2007,37.0,2007,1,,B4,False,0.0,False
13975e953f35,33.0,2010,EXACT,33.0,2010,33.0,2010,1,6.0,B4,False,0.0,False
7dc7e7fb8a57,16.0,2007,EXACT,16.0,2007,16.0,2007,1,7.0,B2,False,0.0,False
4f278768644b,13.0,2012,EXACT,13.0,2012,13.0,2012,1,6.0,B2,False,0.0,False
e6b9d2395111,39.0,2010,EXACT,39.0,2010,39.0,2010,1,6.0,B4,False,0.0,False
b31d510e42d3,22.0,2012,EXACT,22.0,2012,22.0,2012,1,6.0,B3,False,0.0,False
e842be2e4b48,16.0,2013,MANUAL_APPNO_MATCH,16.0,2013,16.0,2013,1,,B2,False,0.0,False
0c451c946517,3.0,2010,EXACT,3.0,2010,3.0,2010,1,9.0,B1,False,0.0,False
db264c306845,20.0,2011,EXACT,20.0,2011,20.0,2011,1,7.0,B3,False,0.0,False
93fd3f0ea19b,23.0,2006,EXACT,23.0,2006,23.0,2006,1,7.0,B3,False,0.0,False
97036668e97c,35.0,2012,EXACT,35.0,2012,35.0,2012,1,6.0,B4,False,0.0,False
f207d763d675,3.0,2013,EXACT,3.0,2013,3.0,2013,1,8.0,B1,False,0.0,False
eeb1332fb21a,24.0,2013,EXACT,24.0,2013,24.0,2013,1,5.0,B3,False,0.0,False
5ef3d148fa3a,32.0,2012,EXACT,32.0,2012,32.0,2012,1,5.0,B4,False,0.0,False
808a5064cdf1,31.0,2009,EXACT,31.0,2009,31.0,2009,1,7.0,B4,False,0.0,False
cbd76ba1e2dd,35.0,2006,EXACT,35.0,2006,35.0,2006,1,5.0,B4,False,0.0,False
b82720d749b3,16.0,2009,MANUAL_APPNO_MATCH,16.0,2009,16.0,2009,1,,B2,False,0.0,False
d4e692cdbd49,36.0,2013,EXACT,36.0,2013,36.0,2013,1,6.0,B4,False,0.0,False
2567d55a2512,24.0,2009,EXACT,24.0,2009,24.0,2009,1,6.0,B3,False,0.0,False
c44737677d53,20.0,2011,EXACT,20.0,2011,20.0,2011,1,8.0,B3,False,0.0,False
f7eba79ca663,16.0,2006,EXACT,16.0,2006,16.0,2006,1,6.0,B2,False,0.0,False
eea743ff7283,9.0,2012,EXACT,9.0,2012,9.0,2012,1,6.0,B1,False,0.0,False
b5a3e07cbdd5,20.0,2014,EXACT,20.0,2014,20.0,2014,1,5.0,B3,False,0.0,False
7eb15ea93585,25.0,2011,EXACT,25.0,2011,25.0,2011,1,10.0,B3,False,0.0,False
ab64aca99c76,32.0,2010,EXACT,32.0,2010,32.0,2010,1,7.0,B4,False,0.0,False
05240be5aa97,39.0,2012,EXACT,39.0,2012,39.0,2012,1,7.0,B4,False,0.0,False
57aee372bc03,23.0,2007,EXACT,23.0,2007,23.0,2007,1,7.0,B3,False,0.0,False
1a0d01d02b8d,12.0,2006,EXACT,12.0,2006,12.0,2006,1,8.0,B2,False,0.0,False
3dc77176fd68,19.0,2009,EXACT,19.0,2009,19.0,2009,1,7.0,B2,False,0.0,False
d9ea390c360e,35.0,2010,EXACT,35.0,2010,35.0,2010,1,7.0,B4,False,0.0,False
fc7a81fe598e,18.0,2010,EXACT,18.0,2010,18.0,2010,1,8.0,B2,False,0.0,False
a3bf8eea53d6,29.0,2013,EXACT,29.0,2013,29.0,2013,1,6.0,B3,False,0.0,False
8bedba26ba14,37.0,2008,EXACT,37.0,2008,37.0,2008,1,9.0,B4,False,0.0,False
7a011c976867,18.0,2009,MANUAL_APPNO_MATCH,18.0,2009,18.0,2009,1,,B2,False,0.0,False
584bf5d93d1f,8.0,2009,MANUAL_APPNO_MATCH,8.0,2009,8.0,2009,1,,B1,False,0.0,False
409db29b4b9b,36.0,2008,EXACT,36.0,2008,36.0,2008,1,7.0,B4,False,0.0,False
01b459d76303,30.0,2012,EXACT,30.0,2012,30.0,2012,1,8.0,B4,False,0.0,False
1ae59c775b10,8.0,2007,EXACT,8.0,2007,8.0,2007,1,7.0,B1,False,0.0,False
e5a0f43a9a84,28.0,2010,EXACT,28.0,2010,28.0,2010,1,9.0,B3,False,0.0,False
386e3dc89df4,19.0,2013,EXACT,19.0,2013,19.0,2013,1,6.0,B2,False,0.0,False
e05ce920d154,38.0,2012,EXACT,38.0,2012,38.0,2012,1,6.0,B4,False,0.0,False
84fd939a2a95,38.0,2014,EXACT,38.0,2014,38.0,2014,1,7.0,B4,False,0.0,False
d5011797e06d,35.0,2006,EXACT,35.0,2006,35.0,2006,1,6.0,B4,False,0.0,False
2ffcf82bf86e,31.0,2008,EXACT,31.0,2008,31.0,2008,1,7.0,B4,False,0.0,False
6e86f47a5244,39.0,2013,EXACT,39.0,2013,39.0,2013,1,6.0,B4,False,0.0,False
47be18fa1cd7,30.0,2009,MANUAL_APPNO_MATCH,30.0,2009,30.0,2009,1,,B4,False,0.0,False
ceb9a56c1e8d,33.0,2007,EXACT,33.0,2007,33.0,2007,1,6.0,B4,False,0.0,False
69c9d43add06,16.0,2010,EXACT,16.0,2010,16.0,2010,1,6.0,B2,False,0.0,False
8433ddb1bfa6,7.0,2010,MANUAL_APPNO_MATCH,7.0,2010,7.0,2010,1,,B1,False,0.0,False
29c64f2e16d1,9.0,2014,EXACT,9.0,2014,9.0,2014,1,5.0,B1,False,0.0,False
78dfb08f8fd6,11.0,2013,EXACT,11.0,2013,11.0,2013,1,8.0,B2,False,0.0,False
7990473a3bab,39.0,2014,MANUAL_APPNO_MATCH,39.0,2014,39.0,2014,1,,B4,False,0.0,False
f633cd568dbe,8.0,2011,EXACT,8.0,2011,8.0,2011,1,5.0,B1,False,0.0,False
56edc85c8f1c,26.0,2008,MANUAL_APPNO_MATCH,26.0,2008,26.0,2008,1,,B3,False,0.0,False
1e1f6dded5b1,33.0,2010,EXACT,33.0,2010,33.0,2010,1,9.0,B4,False,0.0,False
3a304685b862,30.0,2010,MANUAL_APPNO_MATCH,30.0,2010,30.0,2010,1,,B4,False,0.0,False
b2a249ab4ede,34.0,2011,EXACT,34.0,2011,34.0,2011,1,5.0,B4,False,0.0,False
24e6b3ee2f49,5.0,2006,EXACT,5.0,2006,5.0,2006,1,7.0,B1,False,0.0,False
61e64f1fec64,7.0,2013,EXACT,7.0,2013,7.0,2013,1,7.0,B1,False,0.0,False
a0817d7bcfbc,33.0,2010,EXACT,33.0,2010,33.0,2010,1,7.0,B4,False,0.0,False
d843fa6fb5b2,31.0,2006,EXACT,31.0,2006,31.0,2006,1,6.0,B4,False,0.0,False
302ea083b7a2,1.0,2009,EXACT,1.0,2009,1.0,2009,1,9.0,B1,False,0.0,False
227e47fcb044,19.0,2012,EXACT,19.0,2012,19.0,2012,1,6.0,B2,False,0.0,False
2786024d2ef2,2.0,2006,MANUAL_APPNO_MATCH,2.0,2006,2.0,2006,1,,B1,False,0.0,False
cc1494b2b7af,20.0,2007,EXACT,20.0,2007,20.0,2007,1,6.0,B3,False,0.0,False
d9e744d24a1d,31.0,2011,EXACT,31.0,2011,31.0,2011,1,6.0,B4,False,0.0,False
58c89f9783b3,30.0,2013,EXACT,30.0,2013,30.0,2013,1,6.0,B4,False,0.0,False
9feabe02a9a1,3.0,2013,EXACT,3.0,2013,3.0,2013,1,7.0,B1,False,0.0,False
d08ca39be865,17.0,2006,EXACT,17.0,2006,17.0,2006,1,8.0,B2,False,0.0,False
3f4c159e49fb,22.0,2008,EXACT,22.0,2008,22.0,2008,1,6.0,B3,False,0.0,False
42ebd65735ba,30.0,2014,MANUAL_APPNO_MATCH,30.0,2014,30.0,2014,1,,B4,False,0.0,False
dabd050076f3,17.0,2009,EXACT,17.0,2009,17.0,2009,1,6.0,B2,False,0.0,False
e4209d301cb2,23.0,2012,EXACT,23.0,2012,23.0,2012,1,6.0,B3,False,0.0,False
9d419f31cafc,27.0,2010,EXACT,27.0,2010,27.0,2010,1,6.0,B3,False,0.0,False
c8ecf3d4126b,21.0,2006,EXACT,21.0,2006,21.0,2006,1,8.0,B3,False,0.0,False
9c51962b6c2a,26.0,2006,EXACT,26.0,2006,26.0,2006,1,6.0,B3,False,0.0,False
349d11e5219d,13.0,2010,EXACT,13.0,2010,13.0,2010,1,8.0,B2,False,0.0,False
10d660996ba7,20.0,2006,EXACT,20.0,2006,20.0,2006,1,6.0,B3,False,0.0,False
209e79667f8b,36.0,2010,EXACT,36.0,2010,36.0,2010,1,7.0,B4,False,0.0,False
820df5a4b3f1,15.0,2012,MANUAL_APPNO_MATCH,15.0,2012,15.0,2012,1,,B2,False,0.0,False
409e8c2035ae,38.0,2008,EXACT,38.0,2008,38.0,2008,1,5.0,B4,False,0.0,False
d0a12886b07d,37.0,2010,EXACT,37.0,2010,37.0,2010,1,7.0,B4,False,0.0,False
2152f89b3b42,2.0,2006,EXACT,2.0,2006,2.0,2006,1,9.0,B1,False,0.0,False
656ce52b7c4e,34.0,2011,EXACT,34.0,2011,34.0,2011,1,6.0,B4,False,0.0,False
51200daf9208,26.0,2007,EXACT,26.0,2007,26.0,2007,1,6.0,B3,False,0.0,False
c522d66efca9,29.0,2008,EXACT,29.0,2008,29.0,2008,1,8.0,B3,False,0.0,False
3e7a9bf21431,20.0,2009,EXACT,20.0,2009,20.0,2009,1,5.0,B3,False,0.0,False
ac90c042c809,30.0,2007,EXACT,30.0,2007,30.0,2007,1,8.0,B4,False,0.0,False
2f98ccfca548,26.0,2010,EXACT,26.0,2010,26.0,2010,1,6.0,B3,False,0.0,False
ec9b5ab54131,6.0,2009,EXACT,6.0,2009,6.0,2009,1,7.0,B1,False,0.0,False
a95153282ff4,39.0,2013,EXACT,39.0,2013,39.0,2013,1,5.0,B4,False,0.0,False
20e5ba4694ae,9.0,2007,EXACT,9.0,2007,9.0,2007,1,7.0,B1,False,0.0,False
9fe96d421900,38.0,2009,EXACT,38.0,2009,38.0,2009,1,7.0,B4,False,0.0,False
be7411748c5a,38.0,2011,EXACT,38.0,2011,38.0,2011,1,5.0,B4,False,0.0,False
e5410c257c07,31.0,2008,EXACT,31.0,2008,31.0,2008,1,8.0,B4,False,0.0,False
954571c7799c,24.0,2013,EXACT,24.0,2013,24.0,2013,1,6.0,B3,False,0.0,False
02effa0cfed6,6.0,2009,EXACT,6.0,2009,6.0,2009,1,7.0,B1,False,0.0,False
a42779c5469e,25.0,2006,EXACT,25.0,2006,25.0,2006,1,9.0,B3,False,0.0,False
39f608eb43b1,34.0,2012,EXACT,34.0,2012,34.0,2012,1,5.0,B4,False,0.0,False
4b2090e0902c,24.0,2011,EXACT,24.0,2011,24.0,2011,1,8.0,B3,False,0.0,False
69935494eb5c,38.0,2012,EXACT,38.0,2012,38.0,2012,1,6.0,B4,False,0.0,False
bdc744e3c7a8,15.0,2013,EXACT,15.0,2013,15.0,2013,1,5.0,B2,False,0.0,False
0dcfe654803c,38.0,2011,EXACT,38.0,2011,38.0,2011,1,7.0,B4,False,0.0,False
4075fc3f641b,26.0,2011,EXACT,26.0,2011,26.0,2011,1,7.0,B3,False,0.0,False
7a2f13714a09,15.0,2010,MANUAL_APPNO_MATCH,15.0,2010,15.0,2010,1,,B2,False,0.0,False
3f7bfd7bc10c,5.0,2007,EXACT,5.0,2007,5.0,2007,1,11.0,B1,False,0.0,False
bdf338d0b6ad,39.0,2007,EXACT,39.0,2007,39.0,2007,1,14.0,B4,False,0.0,False
02b3ac7d6457,19.0,2008,EXACT,19.0,2008,19.0,2008,1,5.0,B2,False,0.0,False
83085e0a9026,31.0,2009,EXACT,31.0,2009,31.0,2009,1,5.0,B4,False,0.0,False
c17200e2f35e,13.0,2006,EXACT,13.0,2006,13.0,2006,1,5.0,B2,False,0.0,False
fabe1c31f4a0,8.0,2008,EXACT,8.0,2008,8.0,2008,1,6.0,B1,False,0.0,False
9b14b438924f,32.0,2012,EXACT,32.0,2012,32.0,2012,1,5.0,B4,False,0.0,False
8a333b53b7d5,22.0,2007,EXACT,22.0,2007,22.0,2007,1,9.0,B3,False,0.0,False
4fc400ba3933,36.0,2010,EXACT,36.0,2010,36.0,2010,1,7.0,B4,False,0.0,False
0731cf6e399c,31.0,2009,EXACT,31.0,2009,31.0,2009,1,8.0,B4,False,0.0,False
b2dfe44e0d9f,24.0,2011,EXACT,24.0,2011,24.0,2011,1,8.0,B3,False,0.0,False
d741cafb1644,11.0,2008,EXACT,11.0,2008,11.0,2008,1,6.0,B2,False,0.0,False
1cde3ce944e9,21.0,2011,EXACT,21.0,2011,21.0,2011,1,9.0,B3,False,0.0,False
3a6e996fd95e,16.0,2006,EXACT,16.0,2006,16.0,2006,1,6.0,B2,False,0.0,False
0dc222044dd6,17.0,2010,MANUAL_APPNO_MATCH,17.0,2010,17.0,2010,1,,B2,False,0.0,False
33deaaa8eeb3,12.0,2010,EXACT,12.0,2010,12.0,2010,1,6.0,B2,False,0.0,False
05036485bc9d,31.0,2010,EXACT,31.0,2010,31.0,2010,1,9.0,B4,False,0.0,False
ba25682f8e4e,33.0,2008,EXACT,33.0,2008,33.0,2008,1,9.0,B4,False,0.0,False
4eddf55ac7d4,24.0,2009,EXACT,24.0,2009,24.0,2009,1,7.0,B3,False,0.0,False
53cff0e55305,34.0,2011,EXACT,34.0,2011,34.0,2011,1,6.0,B4,False,0.0,False
ce25151603ca,26.0,2008,MANUAL_APPNO_MATCH,26.0,2008,26.0,2008,1,,B3,False,0.0,False
7b1b3062397e,30.0,2008,EXACT,30.0,2008,30.0,2008,1,6.0,B4,False,0.0,False
691568aacdab,36.0,2010,EXACT,36.0,2010,36.0,2010,1,5.0,B4,False,0.0,False
27387bd82712,36.0,2011,EXACT,36.0,2011,36.0,2011,1,8.0,B4,False,0.0,False
dc7871a73ff1,38.0,2012,EXACT,38.0,2012,38.0,2012,1,5.0,B4,False,0.0,False
d785add7f43b,36.0,2012,MANUAL_APPNO_MATCH,38.0,2011,36.0,2012,2,,B4,True,2.0,False
0a5a5be6adcb,14.0,2011,EXACT,14.0,2011,14.0,2011,1,8.0,B2,False,0.0,False
ca71a5a100e6,24.0,2010,EXACT,24.0,2010,24.0,2010,1,6.0,B3,False,0.0,False
4a55c4941eb7,31.0,2006,EXACT,31.0,2006,31.0,2006,1,7.0,B4,False,0.0,False
aeb283b179e7,33.0,2008,EXACT,33.0,2008,33.0,2008,1,10.0,B4,False,0.0,False
4a07ee7c6abd,34.0,2009,EXACT,34.0,2009,34.0,2009,1,5.0,B4,False,0.0,False
4ecc29bae036,19.0,2013,EXACT,19.0,2013,19.0,2013,1,6.0,B2,False,0.0,False
e4e967c90913,36.0,2009,EXACT,36.0,2009,36.0,2009,1,6.0,B4,False,0.0,False
4e585ea41022,7.0,2010,EXACT,7.0,2010,7.0,2010,1,7.0,B1,False,0.0,False
f266711fc44d,30.0,2012,EXACT,30.0,2012,30.0,2012,1,7.0,B4,False,0.0,False
1fa25298f375,31.0,2011,EXACT,31.0,2011,31.0,2011,1,6.0,B4,False,0.0,False
bf4fdea6e4d2,11.0,2006,EXACT,11.0,2006,11.0,2006,1,5.0,B2,False,0.0,False
e5f9204264ff,24.0,2008,EXACT,24.0,2008,24.0,2008,1,9.0,B3,False,0.0,False
ef8f28464510,12.0,2010,EXACT,12.0,2010,12.0,2010,1,6.0,B2,False,0.0,False
c3ec6f15e094,24.0,2010,EXACT,24.0,2010,24.0,2010,1,9.0,B3,False,0.0,False
73dbba5a3e1e,23.0,2010,EXACT,23.0,2010,23.0,2010,1,5.0,B3,False,0.0,False
b01b0e069afc,15.0,2010,EXACT,15.0,2010,15.0,2010,1,8.0,B2,False,0.0,False
bdd13d77af14,14.0,2006,EXACT,14.0,2006,14.0,2006,1,5.0,B2,False,0.0,False
0dd8ccc37ea6,31.0,2008,MANUAL_APPNO_MATCH,31.0,2008,31.0,2008,1,,B4,False,0.0,False
2abaf3b3cb39,38.0,2009,EXACT,38.0,2009,38.0,2009,1,6.0,B4,False,0.0,False
8d60931c203b,22.0,2008,EXACT,22.0,2008,22.0,2008,1,6.0,B3,False,0.0,False
5de9ddd7b826,22.0,2009,EXACT,22.0,2009,22.0,2009,1,9.0,B3,False,0.0,False
6bd269633dd2,19.0,2012,MANUAL_APPNO_MATCH,19.0,2012,19.0,2012,2,,B2,False,0.0,False
d3505d4b7661,26.0,2013,EXACT,26.0,2013,26.0,2013,1,7.0,B3,False,0.0,False
4abdc1c3262e,34.0,2009,EXACT,34.0,2009,34.0,2009,1,5.0,B4,False,0.0,False
aac9d3850abf,5.0,2012,MANUAL_APPNO_MATCH,5.0,2012,5.0,2012,1,,B1,False,0.0,False
3829d0525858,34.0,2011,EXACT,34.0,2011,34.0,2011,1,9.0,B4,False,0.0,False
9bf469e3b5b8,20.0,2006,EXACT,20.0,2006,20.0,2006,1,7.0,B3,False,0.0,False
96faf4a0c451,37.0,2008,EXACT,37.0,2008,37.0,2008,1,10.0,B4,False,0.0,False
526259bf9d00,9.0,2014,EXACT,9.0,2014,9.0,2014,1,5.0,B1,False,0.0,False
deda839df4e5,26.0,2006,EXACT,26.0,2006,26.0,2006,1,8.0,B3,False,0.0,False
c3c52da8cf10,19.0,2014,EXACT,19.0,2014,19.0,2014,1,5.0,B2,False,0.0,False
c0b4b03c9b6e,38.0,2014,EXACT,38.0,2014,38.0,2014,1,7.0,B4,False,0.0,False
44fe4890dad0,27.0,2010,EXACT,27.0,2010,27.0,2010,1,8.0,B3,False,0.0,False
04a68460b685,28.0,2007,MANUAL_APPNO_MATCH,28.0,2007,28.0,2007,1,,B3,False,0.0,False
766bc27d9196,8.0,2011,EXACT,8.0,2011,8.0,2011,1,8.0,B1,False,0.0,False
84b8b799b28d,12.0,2007,EXACT,12.0,2007,12.0,2007,1,8.0,B2,False,0.0,False
e1a6c77d5303,38.0,2008,EXACT,38.0,2008,38.0,2008,1,7.0,B4,False,0.0,False
b6b11e217232,30.0,2011,EXACT,30.0,2011,30.0,2011,1,8.0,B4,False,0.0,False
1c73fec9df2e,11.0,2009,EXACT,11.0,2009,11.0,2009,1,10.0,B2,False,0.0,False
452599c25b17,5.0,2008,EXACT,5.0,2008,5.0,2008,1,6.0,B1,False,0.0,False
f4c63f838cdb,12.0,2009,EXACT,12.0,2009,12.0,2009,1,6.0,B2,False,0.0,False
da9cc3dc6cd0,39.0,2011,EXACT,39.0,2011,39.0,2011,1,8.0,B4,False,0.0,False
2e30a6abb2e2,37.0,2011,EXACT,37.0,2011,37.0,2011,1,7.0,B4,False,0.0,False
f7a7703019ad,36.0,2012,EXACT,36.0,2012,36.0,2012,1,7.0,B4,False,0.0,False
fa7f8794aea3,32.0,2013,EXACT,32.0,2013,32.0,2013,1,5.0,B4,False,0.0,False
5d039fc444bf,14.0,2006,EXACT,14.0,2006,14.0,2006,1,6.0,B2,False,0.0,False
d1657231fb5e,24.0,2011,EXACT,24.0,2011,24.0,2011,1,10.0,B3,False,0.0,False
c763ea511aa0,30.0,2014,EXACT,30.0,2014,30.0,2014,1,6.0,B4,False,0.0,False
7fa0becee7a4,34.0,2011,EXACT,34.0,2011,34.0,2011,1,6.0,B4,False,0.0,False
6b6663358f31,16.0,2008,EXACT,16.0,2008,16.0,2008,1,11.0,B2,False,0.0,False
2b5d0f94c987,5.0,2009,EXACT,5.0,2009,5.0,2009,1,6.0,B1,False,0.0,False
a1c2b97f29af,12.0,2006,EXACT,12.0,2006,12.0,2006,1,13.0,B2,False,0.0,False
476792ad9838,28.0,2010,EXACT,28.0,2010,28.0,2010,1,7.0,B3,False,0.0,False
7bac62ef0910,37.0,2010,EXACT,37.0,2010,37.0,2010,1,9.0,B4,False,0.0,False
1fa185a6a1ef,38.0,2014,EXACT,38.0,2014,38.0,2014,1,7.0,B4,False,0.0,False
a89bf5a9483e,14.0,2012,EXACT,14.0,2012,14.0,2012,1,6.0,B2,False,0.0,False
ebb9c074af0b,14.0,2008,EXACT,14.0,2008,14.0,2008,1,7.0,B2,False,0.0,False
f644ebef1df7,16.0,2010,EXACT,16.0,2010,16.0,2010,1,6.0,B2,False,0.0,False
6050ee6a7f2b,9.0,2006,EXACT,9.0,2006,9.0,2006,1,10.0,B1,False,0.0,False
00b593efb3c4,15.0,2012,EXACT,15.0,2012,15.0,2012,1,6.0,B2,False,0.0,False
d0e07fef119d,11.0,2011,MANUAL_APPNO_MATCH,11.0,2011,11.0,2011,1,,B2,False,0.0,False
fa392b390b63,14.0,2010,EXACT,14.0,2010,14.0,2010,1,6.0,B2,False,0.0,False
01226696f98e,29.0,2009,EXACT,29.0,2009,29.0,2009,1,6.0,B3,False,0.0,False
7ba89129a11a,18.0,2010,EXACT,18.0,2010,18.0,2010,1,8.0,B2,False,0.0,False
7bdb62bfe379,24.0,2006,MANUAL_APPNO_MATCH,24.0,2006,24.0,2006,1,,B3,False,0.0,False
10cacf8ccd1c,33.0,2006,EXACT,33.0,2006,33.0,2006,1,6.0,B4,False,0.0,False
14f2cc3cc9ea,17.0,2011,EXACT,17.0,2011,17.0,2011,1,6.0,B2,False,0.0,False
136bdd46f21c,38.0,2006,EXACT,38.0,2006,38.0,2006,1,6.0,B4,False,0.0,False
bcac62912858,38.0,2012,EXACT,38.0,2012,38.0,2012,1,7.0,B4,False,0.0,False
b9cbc11820bb,22.0,2007,EXACT,22.0,2007,22.0,2007,1,9.0,B3,False,0.0,False
8d0f7403eac5,7.0,2008,EXACT,7.0,2008,7.0,2008,1,9.0,B1,False,0.0,False
366baffce31f,36.0,2008,MANUAL_APPNO_MATCH,36.0,2008,36.0,2008,1,,B4,False,0.0,False
81e25ebf9e35,37.0,2009,EXACT,37.0,2009,37.0,2009,1,5.0,B4,False,0.0,False
abec1f6d14a5,23.0,2013,EXACT,23.0,2013,23.0,2013,1,6.0,B3,False,0.0,False
315deabc1c23,32.0,2011,EXACT,32.0,2011,32.0,2011,1,8.0,B4,False,0.0,False
4384d5f0bf45,3.0,2012,DETERMINISTIC_APPNO,3.0,2012,3.0,2012,1,,B1,False,0.0,False
aef71cebf150,20.0,2006,EXACT,20.0,2006,20.0,2006,1,7.0,B3,False,0.0,False
846d5fe02e8e,1.0,2009,EXACT,1.0,2009,1.0,2009,1,8.0,B1,False,0.0,False
fb6553929797,32.0,2007,MANUAL_APPNO_MATCH,32.0,2007,32.0,2007,1,,B4,False,0.0,False
a6f116b6ffb3,22.0,2007,EXACT,22.0,2007,22.0,2007,1,5.0,B3,False,0.0,False
8f985fc941f3,5.0,2012,EXACT,5.0,2012,5.0,2012,1,7.0,B1,False,0.0,False
1673a7c6dfd0,25.0,2012,EXACT,25.0,2012,25.0,2012,1,5.0,B3,False,0.0,False
70196f81e600,24.0,2012,MANUAL_APPNO_MATCH,24.0,2012,24.0,2012,1,,B3,False,0.0,False
9dbb119932a3,9.0,2006,EXACT,9.0,2006,9.0,2006,1,7.0,B1,False,0.0,False
96853e7ad697,13.0,2008,EXACT,13.0,2008,13.0,2008,1,6.0,B2,False,0.0,False
6d9001f6637c,30.0,2007,EXACT,30.0,2007,30.0,2007,1,8.0,B4,False,0.0,False
1424c015887c,26.0,2011,EXACT,26.0,2011,26.0,2011,1,5.0,B3,False,0.0,False
c12680bfe622,35.0,2008,EXACT,35.0,2008,35.0,2008,1,6.0,B4,False,0.0,False
07b793f60893,35.0,2010,EXACT,35.0,2010,35.0,2010,1,7.0,B4,False,0.0,False
59816b4d9514,31.0,2010,EXACT,31.0,2010,31.0,2010,1,6.0,B4,False,0.0,False
74c29c6ab528,28.0,2011,MANUAL_APPNO_MATCH,28.0,2011,28.0,2011,1,,B3,False,0.0,False
d1957b974633,20.0,2006,EXACT,20.0,2006,20.0,2006,1,7.0,B3,False,0.0,False
8a211835d10a,19.0,2011,EXACT,19.0,2011,19.0,2011,1,6.0,B2,False,0.0,False
b6b23134dd1b,26.0,2010,EXACT,26.0,2010,26.0,2010,1,6.0,B3,False,0.0,False
e3ef30dce7db,28.0,2008,MANUAL_APPNO_MATCH,28.0,2008,28.0,2008,1,,B3,False,0.0,False
942be0729b28,9.0,2008,MANUAL_APPNO_MATCH,9.0,2008,9.0,2008,1,,B1,False,0.0,False
ef3beeb880c0,6.0,2008,EXACT,6.0,2008,6.0,2008,1,9.0,B1,False,0.0,False
de4eafc95e20,38.0,2012,EXACT,38.0,2012,38.0,2012,1,6.0,B4,False,0.0,False
b3456874fe52,25.0,2010,EXACT,25.0,2010,25.0,2010,1,7.0,B3,False,0.0,False
2ec8354ea446,30.0,2006,EXACT,30.0,2006,30.0,2006,1,5.0,B4,False,0.0,False
a289fb82f267,37.0,2008,DETERMINISTIC_APPNO,37.0,2008,37.0,2008,1,,B4,False,0.0,False
fbea4eb6b41f,7.0,2012,EXACT,7.0,2012,7.0,2012,1,7.0,B1,False,0.0,False
a5e1a5940d61,7.0,2009,EXACT,7.0,2009,7.0,2009,1,11.0,B1,False,0.0,False
420b2e76f209,16.0,2012,MANUAL_APPNO_MATCH,16.0,2012,16.0,2012,1,,B2,False,0.0,False
d46f4d104ea4,19.0,2006,MANUAL_APPNO_MATCH,19.0,2006,19.0,2006,1,,B2,False,0.0,False
56ac6654f32b,36.0,2014,EXACT,36.0,2014,36.0,2014,1,6.0,B4,False,0.0,False
3519262e37cc,12.0,2011,EXACT,12.0,2011,12.0,2011,1,6.0,B2,False,0.0,False
44adb451a804,20.0,2008,EXACT,20.0,2008,20.0,2008,1,11.0,B3,False,0.0,False
7ebb4be83436,27.0,2010,EXACT,27.0,2010,27.0,2010,1,8.0,B3,False,0.0,False
c6806ce500dc,10.0,2012,EXACT,10.0,2012,10.0,2012,1,7.0,B2,False,0.0,False
b5e813270828,30.0,2008,EXACT,30.0,2008,30.0,2008,1,5.0,B4,False,0.0,False
139d35be93b8,20.0,2008,EXACT,20.0,2008,20.0,2008,1,10.0,B3,False,0.0,False
e0b0fbcbdf27,32.0,2008,MANUAL_APPNO_MATCH,32.0,2008,32.0,2008,1,,B4,False,0.0,False
6e32b0b5f8a2,26.0,2011,EXACT,26.0,2011,26.0,2011,1,6.0,B3,False,0.0,False
77c352c29a25,9.0,2013,MANUAL_APPNO_MATCH,9.0,2012,9.0,2013,2,,B1,False,0.0,False
3b98a44909c3,38.0,2007,MANUAL_APPNO_MATCH,38.0,2007,38.0,2007,1,,B4,False,0.0,False
0ece99b9fb32,24.0,2006,EXACT,24.0,2006,24.0,2006,1,7.0,B3,False,0.0,False
95cba9780513,27.0,2012,EXACT,27.0,2012,27.0,2012,1,8.0,B3,False,0.0,False
a7833feb7c79,26.0,2011,EXACT,26.0,2011,26.0,2011,1,6.0,B3,False,0.0,False
ddae4850c4a0,22.0,2006,EXACT,22.0,2006,22.0,2006,1,9.0,B3,False,0.0,False
08f1d3c6a882,26.0,2009,MANUAL_APPNO_MATCH,27.0,2008,26.0,2009,2,,B3,True,1.0,False
ad22a117ab15,30.0,2012,EXACT,30.0,2012,30.0,2012,1,7.0,B4,False,0.0,False
7e28897882c1,26.0,2008,EXACT,26.0,2008,26.0,2008,1,6.0,B3,False,0.0,False
f608d931cf60,11.0,2006,EXACT,11.0,2006,11.0,2006,1,7.0,B2,False,0.0,False
9adfe103e3d4,18.0,2006,EXACT,18.0,2006,18.0,2006,1,5.0,B2,False,0.0,False
2d0d81fe7d1c,39.0,2007,EXACT,39.0,2007,39.0,2007,1,8.0,B4,False,0.0,False
db6b301b9e09,38.0,2009,EXACT,38.0,2009,38.0,2009,1,7.0,B4,False,0.0,False
1767466587b0,23.0,2009,EXACT,23.0,2009,23.0,2009,1,8.0,B3,False,0.0,False
22a0cf71f194,31.0,2010,EXACT,31.0,2010,31.0,2010,1,7.0,B4,False,0.0,False
23c599650028,39.0,2011,EXACT,39.0,2011,39.0,2011,1,6.0,B4,False,0.0,False
c93f05422028,10.0,2006,EXACT,10.0,2006,10.0,2006,1,6.0,B2,False,0.0,False
cc8e711092fd,22.0,2009,EXACT,22.0,2009,22.0,2009,1,6.0,B3,False,0.0,False
c95cf01a1062,37.0,2012,EXACT,37.0,2012,37.0,2012,1,5.0,B4,False,0.0,False
3f1e686619f1,33.0,2006,EXACT,33.0,2006,33.0,2006,1,7.0,B4,False,0.0,False
a5dcbeb012c5,28.0,2006,EXACT,28.0,2006,28.0,2006,1,7.0,B3,False,0.0,False
4d5deaf11d81,26.0,2010,EXACT,26.0,2010,26.0,2010,1,6.0,B3,False,0.0,False
249d4e75f53a,38.0,2006,EXACT,38.0,2006,38.0,2006,1,6.0,B4,False,0.0,False
b306668052ff,10.0,2012,MANUAL_APPNO_MATCH,10.0,2012,10.0,2012,1,,B2,False,0.0,False
f4207e14e88d,21.0,2008,EXACT,21.0,2008,21.0,2008,1,6.0,B3,False,0.0,False
40ee93861f19,30.0,2007,EXACT,30.0,2007,30.0,2007,1,6.0,B4,False,0.0,False
b06c125691f2,37.0,2009,EXACT,37.0,2009,37.0,2009,1,9.0,B4,False,0.0,False
4baaae72e1ac,29.0,2012,EXACT,29.0,2012,29.0,2012,1,6.0,B3,False,0.0,False
bd8700d409f5,24.0,2012,EXACT,24.0,2012,24.0,2012,1,7.0,B3,False,0.0,False
075713e4c93e,10.0,2011,EXACT,10.0,2011,10.0,2011,1,8.0,B2,False,0.0,False
59d7ed1a7c47,10.0,2012,EXACT,10.0,2012,10.0,2012,1,6.0,B2,False,0.0,False
7c8fe1d42d0d,34.0,2010,EXACT,34.0,2010,34.0,2010,1,7.0,B4,False,0.0,False
6c0ab1f8b297,7.0,2006,MANUAL_APPNO_MATCH,7.0,2006,7.0,2006,1,,B1,False,0.0,False
05498a51f2ca,25.0,2007,EXACT,25.0,2007,25.0,2007,1,7.0,B3,False,0.0,False
f0459c6804d8,31.0,2007,EXACT,31.0,2007,31.0,2007,1,8.0,B4,False,0.0,False
ea6c3b264246,34.0,2008,EXACT,34.0,2008,34.0,2008,1,9.0,B4,False,0.0,False
4123a7fbe389,37.0,2006,EXACT,37.0,2006,37.0,2006,1,5.0,B4,False,0.0,False
e53acf332e17,33.0,2011,EXACT,33.0,2011,33.0,2011,1,8.0,B4,False,0.0,False
d954899ed90e,39.0,2012,EXACT,39.0,2012,39.0,2012,1,6.0,B4,False,0.0,False
95ea82ec1781,24.0,2008,EXACT,24.0,2008,24.0,2008,1,9.0,B3,False,0.0,False
17cea1d46acc,22.0,2006,EXACT,22.0,2006,22.0,2006,1,7.0,B3,False,0.0,False
bcbb704399f4,35.0,2010,EXACT,35.0,2010,35.0,2010,1,6.0,B4,False,0.0,False
b1857221b607,13.0,2008,EXACT,13.0,2008,13.0,2008,1,10.0,B2,False,0.0,False
4a50ecc2b439,33.0,2009,EXACT,33.0,2009,33.0,2009,1,6.0,B4,False,0.0,False
cb1e8509145d,10.0,2007,EXACT,10.0,2007,10.0,2007,1,9.0,B2,False,0.0,False
a28f0b4008c0,25.0,2009,MANUAL_APPNO_MATCH,25.0,2009,25.0,2009,1,,B3,False,0.0,False
f630b7b8723d,25.0,2009,EXACT,25.0,2009,25.0,2009,1,7.0,B3,False,0.0,False
5acf2ba71674,33.0,2007,EXACT,33.0,2007,33.0,2007,1,9.0,B4,False,0.0,False
9d4f7cedb50d,8.0,2009,EXACT,8.0,2009,8.0,2009,1,10.0,B1,False,0.0,False
171ff66c0b17,24.0,2009,EXACT,24.0,2009,24.0,2009,1,6.0,B3,False,0.0,False
a4a2e4d80471,33.0,2014,EXACT,33.0,2014,33.0,2014,1,7.0,B4,False,0.0,False
c61c45ba0673,34.0,2008,MANUAL_APPNO_MATCH,34.0,2008,34.0,2008,1,,B4,False,0.0,False
87c0997600e0,35.0,2010,EXACT,35.0,2010,35.0,2010,1,7.0,B4,False,0.0,False
9c1b956b5fbd,20.0,2010,EXACT,20.0,2010,20.0,2010,1,5.0,B3,False,0.0,False
e17d79deb45e,19.0,2010,EXACT,19.0,2010,19.0,2010,1,7.0,B2,False,0.0,False
7f710ed507b3,10.0,2014,EXACT,10.0,2014,10.0,2014,1,5.0,B2,False,0.0,False
3e736e31007b,17.0,2011,EXACT,17.0,2011,17.0,2011,1,5.0,B2,False,0.0,False
e81dbc9b6d26,18.0,2008,EXACT,18.0,2008,18.0,2008,1,5.0,B2,False,0.0,False
8380017087e4,26.0,2006,EXACT,26.0,2006,26.0,2006,1,7.0,B3,False,0.0,False
1991b33ad25f,32.0,2010,MANUAL_APPNO_MATCH,32.0,2010,32.0,2010,1,,B4,False,0.0,False
ac86643aff5c,28.0,2012,EXACT,28.0,2012,28.0,2012,1,7.0,B3,False,0.0,False
fd460b1189bb,35.0,2010,EXACT,35.0,2010,35.0,2010,1,7.0,B4,False,0.0,False
6092efc2c800,31.0,2007,EXACT,31.0,2007,31.0,2007,1,6.0,B4,False,0.0,False
660446073304,2.0,2013,EXACT,2.0,2013,2.0,2013,1,6.0,B1,False,0.0,False
084803b694a2,5.0,2007,EXACT,5.0,2007,5.0,2007,1,8.0,B1,False,0.0,False
2346b01a6fa9,36.0,2012,MANUAL_APPNO_MATCH,36.0,2012,36.0,2012,1,,B4,False,0.0,False
e31b9bff8322,12.0,2010,EXACT,12.0,2010,12.0,2010,1,5.0,B2,False,0.0,False
b2fd2003f324,25.0,2007,EXACT,25.0,2007,25.0,2007,1,7.0,B3,False,0.0,False
ec98bfdd3fbf,32.0,2009,EXACT,32.0,2009,32.0,2009,1,10.0,B4,False,0.0,False
cb1bc409b7ba,16.0,2007,EXACT,16.0,2007,16.0,2007,1,6.0,B2,False,0.0,False
b957680b9ffe,26.0,2007,EXACT,26.0,2007,26.0,2007,1,6.0,B3,False,0.0,False
ea3537c43141,20.0,2009,EXACT,20.0,2009,20.0,2009,1,6.0,B3,False,0.0,False
7e05544c9b81,37.0,2009,EXACT,37.0,2009,37.0,2009,1,7.0,B4,False,0.0,False
d51c41720931,7.0,2010,EXACT,7.0,2010,7.0,2010,1,7.0,B1,False,0.0,False
b66dddfab13d,16.0,2013,EXACT,16.0,2013,16.0,2013,1,5.0,B2,False,0.0,False
3beb2f3a4391,31.0,2008,EXACT,31.0,2008,31.0,2008,1,6.0,B4,False,0.0,False
111ca3017516,33.0,2008,EXACT,33.0,2008,33.0,2008,1,8.0,B4,False,0.0,False
450193fdb7c5,4.0,2012,EXACT,4.0,2012,4.0,2012,1,6.0,B1,False,0.0,False
39c932a10c1f,16.0,2009,EXACT,16.0,2009,16.0,2009,1,10.0,B2,False,0.0,False
b68b29603fa0,9.0,2010,EXACT,9.0,2010,9.0,2010,1,9.0,B1,False,0.0,False
2cc999fde152,13.0,2013,EXACT,13.0,2013,13.0,2013,1,6.0,B2,False,0.0,False
d4d33295395c,9.0,2008,EXACT,9.0,2008,9.0,2008,1,9.0,B1,False,0.0,False
126f60a9aa20,10.0,2012,EXACT,10.0,2012,10.0,2012,1,6.0,B2,False,0.0,False
cbadb3554dc7,13.0,2010,EXACT,13.0,2010,13.0,2010,1,8.0,B2,False,0.0,False
79b4763b64ce,34.0,2010,EXACT,34.0,2010,34.0,2010,1,5.0,B4,False,0.0,False
b0e88f9d8ca9,22.0,2007,EXACT,22.0,2007,22.0,2007,1,6.0,B3,False,0.0,False
b14a7e5a22f9,20.0,2007,MANUAL_APPNO_MATCH,20.0,2007,20.0,2007,1,,B3,False,0.0,False
08e8b3bd98ee,24.0,2006,EXACT,24.0,2006,24.0,2006,1,8.0,B3,False,0.0,False
8e2d8fa3cacd,19.0,2007,EXACT,19.0,2007,19.0,2007,1,7.0,B2,False,0.0,False
2aed72da1cf6,36.0,2008,EXACT,36.0,2008,36.0,2008,1,7.0,B4,False,0.0,False
0636a70b6994,26.0,2006,EXACT,26.0,2006,26.0,2006,1,12.0,B3,False,0.0,False
95bdd1412776,22.0,2006,EXACT,22.0,2006,22.0,2006,1,6.0,B3,False,0.0,False
5070f14065ba,38.0,2007,MANUAL_APPNO_MATCH,38.0,2007,38.0,2007,1,,B4,False,0.0,False
817e7ee8074f,31.0,2009,EXACT,31.0,2009,31.0,2009,1,6.0,B4,False,0.0,False
9e61cbd85816,14.0,2009,EXACT,14.0,2009,14.0,2009,1,7.0,B2,False,0.0,False
01ece79fc7cc,28.0,2011,MANUAL_APPNO_MATCH,28.0,2011,28.0,2011,1,,B3,False,0.0,False
94f13f7c1da4,28.0,2011,EXACT,28.0,2011,28.0,2011,1,6.0,B3,False,0.0,False
c5f6a5491030,27.0,2007,EXACT,27.0,2007,27.0,2007,1,6.0,B3,False,0.0,False
900816578d09,38.0,2010,EXACT,38.0,2010,38.0,2010,1,7.0,B4,False,0.0,False
091d8f056d74,26.0,2011,MANUAL_APPNO_MATCH,26.0,2011,26.0,2011,1,,B3,False,0.0,False
11f8c751cd25,7.0,2008,EXACT,7.0,2008,7.0,2008,1,5.0,B1,False,0.0,False
9bdebc3752e8,3.0,2011,MANUAL_APPNO_MATCH,3.0,2011,3.0,2011,1,,B1,False,0.0,False
084d85553e80,7.0,2006,EXACT,7.0,2006,7.0,2006,1,6.0,B1,False,0.0,False
bf29fdbbe428,15.0,2008,MANUAL_APPNO_MATCH,15.0,2008,15.0,2008,1,,B2,False,0.0,False
5e135267fd1a,7.0,2007,EXACT,7.0,2007,7.0,2007,1,11.0,B1,False,0.0,False
20aa39bf6408,11.0,2011,EXACT,11.0,2011,11.0,2011,1,6.0,B2,False,0.0,False
4faeb45d73e2,38.0,2012,EXACT,38.0,2012,38.0,2012,1,6.0,B4,False,0.0,False
95ea4a4e57d2,3.0,2009,EXACT,3.0,2009,3.0,2009,1,9.0,B1,False,0.0,False
0b303832ff60,8.0,2009,MANUAL_APPNO_MATCH,8.0,2009,8.0,2009,1,,B1,False,0.0,False
9dd5a3b5f781,23.0,2013,EXACT,23.0,2013,23.0,2013,1,6.0,B3,False,0.0,False
629f8879df57,34.0,2010,EXACT,34.0,2010,34.0,2010,1,9.0,B4,False,0.0,False
1929783883dd,27.0,2011,EXACT,27.0,2011,27.0,2011,1,6.0,B3,False,0.0,False
e600d0063e13,29.0,2011,EXACT,29.0,2011,29.0,2011,1,7.0,B3,False,0.0,False
5d6b2d380e9a,13.0,2009,EXACT,13.0,2009,13.0,2009,1,7.0,B2,False,0.0,False
5ed8249113ce,24.0,2012,EXACT,24.0,2012,24.0,2012,1,6.0,B3,False,0.0,False
025fc08dd9f8,12.0,2012,EXACT,12.0,2012,12.0,2012,1,6.0,B2,False,0.0,False
35bb067743dd,24.0,2011,MANUAL_APPNO_MATCH,24.0,2011,24.0,2011,1,,B3,False,0.0,False
eeb7a0863533,27.0,2006,EXACT,27.0,2006,27.0,2006,1,7.0,B3,False,0.0,False
89d2484d8e40,1.0,2008,EXACT,1.0,2008,1.0,2008,1,9.0,B1,False,0.0,False
da8a012eb2eb,7.0,2006,EXACT,7.0,2006,7.0,2006,1,8.0,B1,False,0.0,False
aeb42e0e5819,13.0,2008,EXACT,13.0,2008,13.0,2008,1,8.0,B2,False,0.0,False
39409d681024,13.0,2011,MANUAL_APPNO_MATCH,13.0,2011,13.0,2011,1,,B2,False,0.0,False
847ad28a9ae4,30.0,2007,EXACT,30.0,2007,30.0,2007,1,7.0,B4,False,0.0,False
838e34af3441,17.0,2010,EXACT,17.0,2010,17.0,2010,1,6.0,B2,False,0.0,False
5b9b62afd231,16.0,2006,EXACT,16.0,2006,16.0,2006,1,7.0,B2,False,0.0,False
6a8aed2c0dca,10.0,2013,EXACT,10.0,2013,10.0,2013,1,6.0,B2,False,0.0,False
572e944efba2,14.0,2007,EXACT,14.0,2007,14.0,2007,1,9.0,B2,False,0.0,False
15190431c912,38.0,2009,EXACT,38.0,2009,38.0,2009,1,5.0,B4,False,0.0,False
3dcfe7d3cede,25.0,2011,EXACT,25.0,2011,25.0,2011,1,5.0,B3,False,0.0,False
f63d9047f63f,22.0,2012,EXACT,22.0,2012,22.0,2012,1,7.0,B3,False,0.0,False
4254e94ec7bd,37.0,2006,EXACT,37.0,2006,37.0,2006,1,6.0,B4,False,0.0,False
cb6fe28008f2,21.0,2009,EXACT,21.0,2009,21.0,2009,1,6.0,B3,False,0.0,False
23494ddd25e0,28.0,2006,EXACT,28.0,2006,28.0,2006,1,9.0,B3,False,0.0,False
646be0a0a32b,36.0,2007,EXACT,36.0,2007,36.0,2007,1,6.0,B4,False,0.0,False
594eaa0d0727,38.0,2006,EXACT,38.0,2006,38.0,2006,1,7.0,B4,False,0.0,False
cf86fc894fe0,22.0,2007,EXACT,22.0,2007,22.0,2007,1,6.0,B3,False,0.0,False
4133e6281446,19.0,2009,DETERMINISTIC_APPNO,19.0,2009,19.0,2009,1,,B2,False,0.0,False
e5af9b4b6496,33.0,2011,EXACT,33.0,2011,33.0,2011,1,7.0,B4,False,0.0,False
2129a3739efc,19.0,2011,EXACT,19.0,2011,19.0,2011,1,7.0,B2,False,0.0,False
407c2f11854e,29.0,2012,EXACT,29.0,2012,29.0,2012,1,6.0,B3,False,0.0,False
b749ab8a35ed,12.0,2006,EXACT,12.0,2006,12.0,2006,1,6.0,B2,False,0.0,False
f85ca3e0d32c,10.0,2010,MANUAL_APPNO_MATCH,10.0,2010,10.0,2010,1,,B2,False,0.0,False
55d00213a5fa,35.0,2006,EXACT,35.0,2006,35.0,2006,1,5.0,B4,False,0.0,False
f21b3b6a3e8c,29.0,2013,EXACT,29.0,2013,29.0,2013,1,7.0,B3,False,0.0,False
47ba5f6a5c2c,5.0,2011,EXACT,5.0,2011,5.0,2011,1,5.0,B1,False,0.0,False
561ed599f273,24.0,2012,EXACT,24.0,2012,24.0,2012,1,6.0,B3,False,0.0,False
18a317246115,38.0,2012,EXACT,38.0,2012,38.0,2012,1,7.0,B4,False,0.0,False
a5a32db8b99e,5.0,2007,EXACT,5.0,2007,5.0,2007,1,12.0,B1,False,0.0,False
32b9ea7b5803,22.0,2011,EXACT,22.0,2011,22.0,2011,1,5.0,B3,False,0.0,False
c43886013d29,19.0,2006,EXACT,19.0,2006,19.0,2006,1,6.0,B2,False,0.0,False
6c2cf92216eb,35.0,2013,EXACT,35.0,2013,35.0,2013,1,6.0,B4,False,0.0,False
e9cdd904f9d3,13.0,2011,EXACT,13.0,2011,13.0,2011,1,6.0,B2,False,0.0,False
f51f152d8b80,30.0,2010,EXACT,30.0,2010,30.0,2010,1,7.0,B4,False,0.0,False
0e8799aa7ae8,31.0,2006,EXACT,31.0,2006,31.0,2006,1,9.0,B4,False,0.0,False
55d3b724723b,35.0,2013,EXACT,35.0,2013,35.0,2013,1,8.0,B4,False,0.0,False
ef02c7aa1f8a,34.0,2009,EXACT,34.0,2009,34.0,2009,1,6.0,B4,False,0.0,False
5e97897de62c,11.0,2010,EXACT,11.0,2010,11.0,2010,1,6.0,B2,False,0.0,False
563ef977ea16,33.0,2014,EXACT,33.0,2014,33.0,2014,1,5.0,B4,False,0.0,False
edbd23b0cfae,28.0,2011,EXACT,28.0,2011,28.0,2011,1,10.0,B3,False,0.0,False
12fce59b0334,37.0,2009,EXACT,37.0,2009,37.0,2009,1,6.0,B4,False,0.0,False
912b050affdc,15.0,2009,EXACT,15.0,2009,15.0,2009,1,8.0,B2,False,0.0,False
e69521b277f1,36.0,2010,EXACT,36.0,2010,36.0,2010,1,6.0,B4,False,0.0,False
46305ed06963,11.0,2014,EXACT,11.0,2014,11.0,2014,1,6.0,B2,False,0.0,False
5b1ec44bb965,18.0,2006,EXACT,18.0,2006,18.0,2006,1,6.0,B2,False,0.0,False
80fd6b3ca26f,5.0,2006,EXACT,5.0,2006,5.0,2006,1,7.0,B1,False,0.0,False
25baf89eb13f,37.0,2011,EXACT,37.0,2011,37.0,2011,1,7.0,B4,False,0.0,False
bed6e4db83b8,33.0,2006,EXACT,33.0,2006,33.0,2006,1,6.0,B4,False,0.0,False
a6e5c26968c2,37.0,2008,EXACT,37.0,2008,37.0,2008,1,7.0,B4,False,0.0,False
ec525ffe57c6,7.0,2010,EXACT,7.0,2010,7.0,2010,1,8.0,B1,False,0.0,False
70ba970064e5,37.0,2008,EXACT,37.0,2008,37.0,2008,1,9.0,B4,False,0.0,False
983db533a9dc,31.0,2008,EXACT,31.0,2008,31.0,2008,1,7.0,B4,False,0.0,False
07771e372930,22.0,2009,EXACT,22.0,2009,22.0,2009,1,11.0,B3,False,0.0,False
197f7236412d,14.0,2011,EXACT,14.0,2011,14.0,2011,1,10.0,B2,False,0.0,False
ca6fdfd28f4c,10.0,2007,EXACT,10.0,2007,10.0,2007,1,6.0,B2,False,0.0,False
001b7e104394,29.0,2012,EXACT,29.0,2012,29.0,2012,1,9.0,B3,False,0.0,False
8cb8cd41966c,9.0,2008,EXACT,9.0,2008,9.0,2008,1,7.0,B1,False,0.0,False
f05c56953a1c,33.0,2009,EXACT,33.0,2009,33.0,2009,1,5.0,B4,False,0.0,False
fdf4dfcddbf8,32.0,2010,EXACT,32.0,2010,32.0,2010,1,5.0,B4,False,0.0,False
d73671bc606e,7.0,2006,EXACT,7.0,2006,7.0,2006,1,12.0,B1,False,0.0,False
9c94b926514a,16.0,2013,MANUAL_APPNO_MATCH,16.0,2013,16.0,2013,1,,B2,False,0.0,False
a1272e40336d,2.0,2012,EXACT,2.0,2012,2.0,2012,1,7.0,B1,False,0.0,False
4375fc5c5196,38.0,2006,EXACT,38.0,2006,38.0,2006,1,7.0,B4,False,0.0,False
9e9e9f6c4c3a,23.0,2006,EXACT,23.0,2006,23.0,2006,1,6.0,B3,False,0.0,False
d9405572772e,15.0,2009,EXACT,15.0,2009,15.0,2009,1,6.0,B2,False,0.0,False
076b3326b19e,31.0,2012,EXACT,31.0,2012,31.0,2012,1,5.0,B4,False,0.0,False
3f97692e348a,32.0,2010,EXACT,32.0,2010,32.0,2010,1,9.0,B4,False,0.0,False
43c448a4e951,28.0,2007,EXACT,28.0,2007,28.0,2007,1,7.0,B3,False,0.0,False
895b66a3de21,25.0,2008,EXACT,25.0,2008,25.0,2008,1,6.0,B3,False,0.0,False
3865cf8cbefc,18.0,2011,EXACT,18.0,2011,18.0,2011,1,7.0,B2,False,0.0,False
9fcbad18e09f,19.0,2007,EXACT,19.0,2007,19.0,2007,1,7.0,B2,False,0.0,False
31d983b92744,36.0,2008,EXACT,36.0,2008,36.0,2008,1,6.0,B4,False,0.0,False
330bad8da0d3,36.0,2012,EXACT,36.0,2012,36.0,2012,1,6.0,B4,False,0.0,False
31cbe659d16f,32.0,2007,EXACT,32.0,2007,32.0,2007,1,6.0,B4,False,0.0,False
141e2c077bc9,13.0,2010,EXACT,13.0,2010,13.0,2010,1,8.0,B2,False,0.0,False
f0db6fd36dad,10.0,2006,EXACT,10.0,2006,10.0,2006,1,8.0,B2,False,0.0,False
b796b9ccc809,34.0,2009,EXACT,34.0,2009,34.0,2009,1,6.0,B4,False,0.0,False
c90a0fcf3e7e,31.0,2010,EXACT,31.0,2010,31.0,2010,1,6.0,B4,False,0.0,False
9b31164decfb,19.0,2009,EXACT,19.0,2009,19.0,2009,1,6.0,B2,False,0.0,False
353e06a1293f,24.0,2008,EXACT,24.0,2008,24.0,2008,1,7.0,B3,False,0.0,False
7803ca96b944,25.0,2009,EXACT,25.0,2009,25.0,2009,1,7.0,B3,False,0.0,False
a68839f9f807,9.0,2012,EXACT,9.0,2012,9.0,2012,1,7.0,B1,False,0.0,False
2917573f5d7c,15.0,2012,MANUAL_APPNO_MATCH,19.0,2010,15.0,2012,2,,B2,True,4.0,False
c5f09095f7c3,30.0,2011,EXACT,30.0,2011,30.0,2011,1,7.0,B4,False,0.0,False
e685840304fd,8.0,2010,EXACT,8.0,2010,8.0,2010,1,6.0,B1,False,0.0,False
67ed052ef008,8.0,2008,EXACT,8.0,2008,8.0,2008,1,10.0,B1,False,0.0,False
f94eadf93d4d,18.0,2006,EXACT,18.0,2006,18.0,2006,1,9.0,B2,False,0.0,False
baf92161305b,9.0,2007,EXACT,9.0,2007,9.0,2007,1,6.0,B1,False,0.0,False
d0b13b3737bc,11.0,2010,EXACT,11.0,2010,11.0,2010,1,7.0,B2,False,0.0,False
62bbe1ac6a81,27.0,2007,EXACT,27.0,2007,27.0,2007,1,6.0,B3,False,0.0,False
192f2de6d5c5,39.0,2012,EXACT,39.0,2012,39.0,2012,1,6.0,B4,False,0.0,False
e8d70380755b,32.0,2006,EXACT,32.0,2006,32.0,2006,1,9.0,B4,False,0.0,False
c6470927f4c0,8.0,2008,EXACT,8.0,2008,8.0,2008,1,6.0,B1,False,0.0,False
42b40328340c,39.0,2006,EXACT,39.0,2006,39.0,2006,1,7.0,B4,False,0.0,False
35d525971198,12.0,2011,DETERMINISTIC_APPNO,12.0,2011,12.0,2011,1,,B2,False,0.0,False
5cecae493715,5.0,2013,EXACT,5.0,2013,5.0,2013,1,7.0,B1,False,0.0,False
10cf3dfb9fe1,31.0,2008,EXACT,31.0,2008,31.0,2008,1,8.0,B4,False,0.0,False
718520bc160d,19.0,2012,EXACT,19.0,2012,19.0,2012,1,6.0,B2,False,0.0,False
ed068907f3d3,28.0,2007,EXACT,28.0,2007,28.0,2007,1,7.0,B3,False,0.0,False
d7501d5d1741,4.0,2012,MANUAL_APPNO_MATCH,4.0,2012,4.0,2012,2,,B1,False,0.0,False
230a9f82a061,34.0,2008,EXACT,34.0,2008,34.0,2008,1,7.0,B4,False,0.0,False
eabda82a22ba,12.0,2006,EXACT,12.0,2006,12.0,2006,1,7.0,B2,False,0.0,False
4e02880d3e3b,38.0,2007,EXACT,38.0,2007,38.0,2007,1,6.0,B4,False,0.0,False
ea6b10d220ff,26.0,2006,EXACT,26.0,2006,26.0,2006,1,13.0,B3,False,0.0,False
19b14452e037,13.0,2007,EXACT,13.0,2007,13.0,2007,1,9.0,B2,False,0.0,False
69b21eb7ae2f,23.0,2010,EXACT,23.0,2010,23.0,2010,1,6.0,B3,False,0.0,False
1bcad6598504,33.0,2006,EXACT,33.0,2006,33.0,2006,1,7.0,B4,False,0.0,False
564a547950f8,8.0,2007,EXACT,8.0,2007,8.0,2007,1,8.0,B1,False,0.0,False
a4d0762762b6,2.0,2013,MANUAL_APPNO_MATCH,2.0,2013,2.0,2013,1,,B1,False,0.0,False
5c972f349be4,33.0,2007,EXACT,33.0,2007,33.0,2007,1,6.0,B4,False,0.0,False
bf9396650023,32.0,2008,EXACT,32.0,2008,32.0,2008,1,7.0,B4,False,0.0,False
f983beb93a41,36.0,2010,EXACT,36.0,2010,36.0,2010,1,6.0,B4,False,0.0,False
1224ee1e9ce4,39.0,2013,DETERMINISTIC_APPNO,39.0,2013,39.0,2013,1,,B4,False,0.0,False
733b9956e8c5,33.0,2006,EXACT,33.0,2006,33.0,2006,1,7.0,B4,False,0.0,False
73c525b298f1,33.0,2006,EXACT,33.0,2006,33.0,2006,1,7.0,B4,False,0.0,False
8781283c0262,33.0,2007,EXACT,33.0,2007,33.0,2007,1,7.0,B4,False,0.0,False
dcb37b925898,32.0,2012,EXACT,32.0,2012,32.0,2012,1,6.0,B4,False,0.0,False
c2225d54abda,14.0,2014,EXACT,14.0,2014,14.0,2014,1,5.0,B2,False,0.0,False
bf1530c02037,25.0,2007,EXACT,25.0,2007,25.0,2007,1,6.0,B3,False,0.0,False
5d4541943a89,31.0,2008,EXACT,31.0,2008,31.0,2008,1,7.0,B4,False,0.0,False
07007252674d,22.0,2009,EXACT,22.0,2009,22.0,2009,1,6.0,B3,False,0.0,False
b953788dad6f,30.0,2008,EXACT,30.0,2008,30.0,2008,1,7.0,B4,False,0.0,False
9c15e034b861,38.0,2010,EXACT,38.0,2010,38.0,2010,1,7.0,B4,False,0.0,False
57b180583d69,31.0,2010,EXACT,31.0,2010,31.0,2010,1,6.0,B4,False,0.0,False
73d2bbce9c30,36.0,2011,EXACT,36.0,2011,36.0,2011,1,7.0,B4,False,0.0,False
49dbb98fcd58,24.0,2011,EXACT,24.0,2011,24.0,2011,1,7.0,B3,False,0.0,False
f881cbf1e2c7,26.0,2010,EXACT,26.0,2010,26.0,2010,1,6.0,B3,False,0.0,False
cfa9343aaf6d,27.0,2011,EXACT,27.0,2011,27.0,2011,1,8.0,B3,False,0.0,False
3543ec038213,7.0,2010,EXACT,7.0,2010,7.0,2010,1,10.0,B1,False,0.0,False
c79130fb0622,12.0,2014,EXACT,12.0,2014,12.0,2014,1,5.0,B2,False,0.0,False
d37488705eff,25.0,2010,MANUAL_APPNO_MATCH,25.0,2010,25.0,2010,1,,B3,False,0.0,False
bcf044056c3a,38.0,2010,EXACT,38.0,2010,38.0,2010,1,8.0,B4,False,0.0,False
cb921b08d0f2,3.0,2008,EXACT,3.0,2008,3.0,2008,1,7.0,B1,False,0.0,False
23b2d25bd71a,31.0,2006,EXACT,31.0,2006,31.0,2006,1,7.0,B4,False,0.0,False
cc7976dd3d78,32.0,2011,EXACT,32.0,2011,32.0,2011,1,6.0,B4,False,0.0,False
400e9a029e25,13.0,2012,MANUAL_APPNO_MATCH,13.0,2012,13.0,2012,1,,B2,False,0.0,False
4b3d0413f723,30.0,2009,EXACT,30.0,2009,30.0,2009,1,9.0,B4,False,0.0,False
b6a659000e53,20.0,2006,MANUAL_APPNO_MATCH,20.0,2006,20.0,2006,1,,B3,False,0.0,False
c21df58c0626,5.0,2008,EXACT,5.0,2008,5.0,2008,1,8.0,B1,False,0.0,False
87939d002487,30.0,2006,MANUAL_APPNO_MATCH,30.0,2006,30.0,2006,1,,B4,False,0.0,False
adad4e0e85d6,34.0,2009,EXACT,34.0,2009,34.0,2009,1,7.0,B4,False,0.0,False
4c3efdcdbc50,16.0,2009,EXACT,16.0,2009,16.0,2009,1,6.0,B2,False,0.0,False
3e25e940bf75,13.0,2008,EXACT,13.0,2008,13.0,2008,1,7.0,B2,False,0.0,False
8402d2bf7b1c,7.0,2010,EXACT,7.0,2010,7.0,2010,1,5.0,B1,False,0.0,False
e661edc955e1,9.0,2006,MANUAL_APPNO_MATCH,9.0,2006,9.0,2006,1,,B1,False,0.0,False
3c11266e68c3,9.0,2011,EXACT,9.0,2011,9.0,2011,1,8.0,B1,False,0.0,False
988ecdb0f670,18.0,2006,EXACT,18.0,2006,18.0,2006,1,6.0,B2,False,0.0,False
07bd89dc4bf4,14.0,2006,EXACT,14.0,2006,14.0,2006,1,8.0,B2,False,0.0,False
e9c729f541c5,25.0,2008,EXACT,25.0,2008,25.0,2008,1,6.0,B3,False,0.0,False
b642e3d9c537,15.0,2009,EXACT,15.0,2009,15.0,2009,1,6.0,B2,False,0.0,False
b9a060c05dda,19.0,2006,EXACT,19.0,2006,19.0,2006,1,7.0,B2,False,0.0,False
0ca54e44d544,29.0,2007,EXACT,29.0,2007,29.0,2007,1,7.0,B3,False,0.0,False
9c73bc552249,10.0,2007,EXACT,10.0,2007,10.0,2007,1,10.0,B2,False,0.0,False
1057952fd89b,27.0,2006,EXACT,27.0,2006,27.0,2006,1,7.0,B3,False,0.0,False
78695ee0e9aa,30.0,2010,EXACT,30.0,2010,30.0,2010,1,5.0,B4,False,0.0,False
38b158252a5e,18.0,2009,EXACT,18.0,2009,18.0,2009,1,9.0,B2,False,0.0,False
8ebca7f70f15,25.0,2011,MANUAL_APPNO_MATCH,25.0,2011,25.0,2011,1,,B3,False,0.0,False
b56608154577,2.0,2013,EXACT,2.0,2013,2.0,2013,1,5.0,B1,False,0.0,False
ed620a599ef3,15.0,2012,EXACT,15.0,2012,15.0,2012,1,7.0,B2,False,0.0,False
cd8f3cebfba8,25.0,2010,DETERMINISTIC_APPNO,25.0,2010,25.0,2010,1,,B3,False,0.0,False
1fb3fdea0a2c,18.0,2011,EXACT,18.0,2011,18.0,2011,1,6.0,B2,False,0.0,False
27e0daf614fe,33.0,2012,EXACT,33.0,2012,33.0,2012,1,7.0,B4,False,0.0,False
dd544fb32504,10.0,2006,EXACT,10.0,2006,10.0,2006,1,12.0,B2,False,0.0,False
cb279de1130f,21.0,2011,EXACT,21.0,2011,21.0,2011,1,9.0,B3,False,0.0,False
bb10b133ddd7,31.0,2008,EXACT,31.0,2008,31.0,2008,1,6.0,B4,False,0.0,False
f02c3fb50d2f,2.0,2013,EXACT,2.0,2013,2.0,2013,1,9.0,B1,False,0.0,False
8ff29104c26e,2.0,2011,EXACT,2.0,2011,2.0,2011,1,8.0,B1,False,0.0,False
7ab0eca39413,33.0,2014,EXACT,33.0,2014,33.0,2014,1,7.0,B4,False,0.0,False
fd75314ec80c,12.0,2007,EXACT,12.0,2007,12.0,2007,1,7.0,B2,False,0.0,False
bea6d88dabd3,29.0,2007,EXACT,29.0,2007,29.0,2007,1,8.0,B3,False,0.0,False
79e91db5816f,13.0,2011,MANUAL_APPNO_MATCH,13.0,2011,13.0,2011,1,,B2,False,0.0,False
1e541e73174e,32.0,2010,EXACT,32.0,2010,32.0,2010,1,6.0,B4,False,0.0,False
af8f7372573a,7.0,2009,EXACT,7.0,2009,7.0,2009,1,8.0,B1,False,0.0,False
936331a19fe1,20.0,2006,EXACT,20.0,2006,20.0,2006,1,7.0,B3,False,0.0,False
13ba32ddc114,7.0,2007,EXACT,7.0,2007,7.0,2007,1,7.0,B1,False,0.0,False
cca704f9ba73,26.0,2006,EXACT,26.0,2006,26.0,2006,1,7.0,B3,False,0.0,False
620f02491273,31.0,2007,EXACT,31.0,2007,31.0,2007,1,6.0,B4,False,0.0,False
2c8b24ede94c,28.0,2010,EXACT,28.0,2010,28.0,2010,1,7.0,B3,False,0.0,False
e7272c4d2fe8,24.0,2012,EXACT,24.0,2012,24.0,2012,1,7.0,B3,False,0.0,False
aed560ca5503,24.0,2008,EXACT,24.0,2008,24.0,2008,1,8.0,B3,False,0.0,False
fea52fc17981,38.0,2009,EXACT,38.0,2009,38.0,2009,1,7.0,B4,False,0.0,False
5e113b79f3b1,37.0,2009,EXACT,37.0,2009,37.0,2009,1,6.0,B4,False,0.0,False
3c7f2bbd4818,21.0,2010,EXACT,21.0,2010,21.0,2010,1,7.0,B3,False,0.0,False
210b676a990f,28.0,2011,EXACT,28.0,2011,28.0,2011,1,7.0,B3,False,0.0,False
3d2f8ec76c47,22.0,2009,EXACT,22.0,2009,22.0,2009,1,7.0,B3,False,0.0,False
746e923c7544,10.0,2012,EXACT,10.0,2012,10.0,2012,1,7.0,B2,False,0.0,False
9d499597adc7,36.0,2013,MANUAL_APPNO_MATCH,36.0,2012,36.0,2013,2,,B4,False,0.0,False
8efb16981648,5.0,2008,EXACT,5.0,2008,5.0,2008,1,5.0,B1,False,0.0,False
162ea73d4fcd,16.0,2011,EXACT,16.0,2011,16.0,2011,1,9.0,B2,False,0.0,False
74272061d0c2,35.0,2008,EXACT,35.0,2008,35.0,2008,1,7.0,B4,False,0.0,False
fae75d51e517,22.0,2011,EXACT,22.0,2011,22.0,2011,1,8.0,B3,False,0.0,False
fa880def4bcf,38.0,2009,EXACT,38.0,2009,38.0,2009,1,6.0,B4,False,0.0,False
cf75b6477190,23.0,2009,EXACT,23.0,2009,23.0,2009,1,8.0,B3,False,0.0,False
c2c8df968e42,34.0,2009,EXACT,34.0,2009,34.0,2009,1,5.0,B4,False,0.0,False
7155629f6a48,38.0,2010,EXACT,38.0,2010,38.0,2010,1,5.0,B4,False,0.0,False
7f4b4d62773b,28.0,2010,EXACT,28.0,2010,28.0,2010,1,7.0,B3,False,0.0,False
33005e92f993,18.0,2007,EXACT,18.0,2007,18.0,2007,1,6.0,B2,False,0.0,False
933001db1a76,6.0,2006,EXACT,6.0,2006,6.0,2006,1,7.0,B1,False,0.0,False
47567f6e3aa1,5.0,2006,EXACT,5.0,2006,5.0,2006,1,9.0,B1,False,0.0,False
94cb0ad464d9,6.0,2010,EXACT,6.0,2010,6.0,2010,1,6.0,B1,False,0.0,False
fd27dfeca226,31.0,2011,EXACT,31.0,2011,31.0,2011,1,7.0,B4,False,0.0,False
4621385e6a2e,36.0,2012,EXACT,36.0,2012,36.0,2012,1,6.0,B4,False,0.0,False
d2d783107a4a,34.0,2012,EXACT,34.0,2012,34.0,2012,1,6.0,B4,False,0.0,False
80ef6cf7b39a,19.0,2006,EXACT,19.0,2006,19.0,2006,1,5.0,B2,False,0.0,False
5add17b9778f,35.0,2011,EXACT,35.0,2011,35.0,2011,1,6.0,B4,False,0.0,False
b6affa466cba,36.0,2006,EXACT,36.0,2006,36.0,2006,1,6.0,B4,False,0.0,False
078a10322023,31.0,2010,DETERMINISTIC_APPNO,31.0,2010,31.0,2010,1,,B4,False,0.0,False
135a977d83a2,38.0,2006,EXACT,38.0,2006,38.0,2006,1,8.0,B4,False,0.0,False
89ed560c3621,11.0,2011,EXACT,11.0,2011,11.0,2011,1,6.0,B2,False,0.0,False
7cbc758ba696,31.0,2011,EXACT,31.0,2011,31.0,2011,1,6.0,B4,False,0.0,False
f8f455da01ce,21.0,2009,EXACT,21.0,2009,21.0,2009,1,7.0,B3,False,0.0,False
48927701a87b,17.0,2009,EXACT,17.0,2009,17.0,2009,1,9.0,B2,False,0.0,False
edc147d2c3c3,27.0,2009,EXACT,27.0,2009,27.0,2009,1,7.0,B3,False,0.0,False
8384e9466b85,4.0,2010,EXACT,4.0,2010,4.0,2010,1,7.0,B1,False,0.0,False
b3e14ab879f3,39.0,2006,EXACT,39.0,2006,39.0,2006,1,6.0,B4,False,0.0,False
af5914d91a63,38.0,2011,EXACT,38.0,2011,38.0,2011,1,6.0,B4,False,0.0,False
4110118989d0,7.0,2011,MANUAL_APPNO_MATCH,7.0,2011,7.0,2011,1,,B1,False,0.0,False
0e86908b7959,13.0,2006,EXACT,13.0,2006,13.0,2006,1,5.0,B2,False,0.0,False
69b550cf6464,27.0,2006,EXACT,27.0,2006,27.0,2006,1,7.0,B3,False,0.0,False
59c84bd5dbed,25.0,2006,EXACT,25.0,2006,25.0,2006,1,6.0,B3,False,0.0,False
8ebb0587398c,37.0,2008,EXACT,37.0,2008,37.0,2008,1,7.0,B4,False,0.0,False
d04628a64aff,19.0,2013,EXACT,19.0,2013,19.0,2013,1,6.0,B2,False,0.0,False
02b23239dc59,31.0,2010,EXACT,31.0,2010,31.0,2010,1,6.0,B4,False,0.0,False
ccf48ed017fa,28.0,2010,MANUAL_APPNO_MATCH,28.0,2010,28.0,2010,1,,B3,False,0.0,False
f146c34fa60b,23.0,2012,EXACT,23.0,2012,23.0,2012,1,7.0,B3,False,0.0,False
fba53a2d493d,2.0,2011,EXACT,2.0,2011,2.0,2011,1,5.0,B1,False,0.0,False
f859e86e7008,35.0,2009,EXACT,35.0,2009,35.0,2009,1,8.0,B4,False,0.0,False
e975475bc851,30.0,2007,EXACT,30.0,2007,30.0,2007,1,12.0,B4,False,0.0,False
3d74ca8dc0e1,31.0,2007,EXACT,31.0,2007,31.0,2007,1,11.0,B4,False,0.0,False
49f00dc08962,35.0,2009,EXACT,35.0,2009,35.0,2009,1,8.0,B4,False,0.0,False
47c64864066a,31.0,2008,EXACT,31.0,2008,31.0,2008,1,7.0,B4,False,0.0,False
352ef57d21d0,33.0,2010,EXACT,33.0,2010,33.0,2010,1,8.0,B4,False,0.0,False
074a74e76137,19.0,2007,EXACT,19.0,2007,19.0,2007,1,8.0,B2,False,0.0,False
ac7ff92cb4c0,21.0,2009,EXACT,21.0,2009,21.0,2009,1,6.0,B3,False,0.0,False
cb7bc68dec64,12.0,2009,EXACT,12.0,2009,12.0,2009,1,9.0,B2,False,0.0,False
1490bf532dc7,15.0,2006,EXACT,15.0,2006,15.0,2006,1,5.0,B2,False,0.0,False
60e0d4e9afba,3.0,2007,EXACT,3.0,2007,3.0,2007,1,6.0,B1,False,0.0,False
8d66a76a82c3,13.0,2010,MANUAL_APPNO_MATCH,13.0,2010,13.0,2010,1,,B2,False,0.0,False
bc80ee43458b,30.0,2010,EXACT,30.0,2010,30.0,2010,1,8.0,B4,False,0.0,False
1bc367315d8c,14.0,2013,EXACT,14.0,2013,14.0,2013,1,6.0,B2,False,0.0,False
61664a8c3e27,35.0,2010,EXACT,35.0,2010,35.0,2010,1,6.0,B4,False,0.0,False
1aa9b4b40039,17.0,2010,MANUAL_APPNO_MATCH,17.0,2010,17.0,2010,1,,B2,False,0.0,False
6814f276da52,2.0,2013,EXACT,2.0,2013,2.0,2013,1,5.0,B1,False,0.0,False
8a064da54df4,28.0,2010,EXACT,28.0,2010,28.0,2010,1,5.0,B3,False,0.0,False
ec17a315a065,32.0,2006,EXACT,32.0,2006,32.0,2006,1,6.0,B4,False,0.0,False
69892557d387,11.0,2008,EXACT,11.0,2008,11.0,2008,1,11.0,B2,False,0.0,False
8a39a421b323,23.0,2011,EXACT,23.0,2011,23.0,2011,1,10.0,B3,False,0.0,False
3b21c5205478,13.0,2006,EXACT,13.0,2006,13.0,2006,1,6.0,B2,False,0.0,False
4c45db3f4c3c,34.0,2008,EXACT,34.0,2008,34.0,2008,1,8.0,B4,False,0.0,False
d48e21d4f234,26.0,2009,EXACT,26.0,2009,26.0,2009,1,9.0,B3,False,0.0,False
75d27bdd31db,35.0,2009,MANUAL_APPNO_MATCH,35.0,2009,35.0,2009,1,,B4,False,0.0,False
e011067b9f19,23.0,2011,MANUAL_APPNO_MATCH,23.0,2011,23.0,2011,1,,B3,False,0.0,False
e33933b928b5,14.0,2008,EXACT,14.0,2008,14.0,2008,1,7.0,B2,False,0.0,False
dc2bfcf031c5,15.0,2009,EXACT,15.0,2009,15.0,2009,1,6.0,B2,False,0.0,False
3654527e2c28,32.0,2014,EXACT,32.0,2014,32.0,2014,1,7.0,B4,False,0.0,False
451632c18cae,24.0,2009,EXACT,24.0,2009,24.0,2009,1,6.0,B3,False,0.0,False
1ed8926365cc,13.0,2012,EXACT,13.0,2012,13.0,2012,1,7.0,B2,False,0.0,False
d414aaeaefda,10.0,2006,EXACT,10.0,2006,10.0,2006,1,7.0,B2,False,0.0,False
13154172b173,23.0,2007,EXACT,23.0,2007,23.0,2007,1,5.0,B3,False,0.0,False
9a8f65f04c74,9.0,2007,EXACT,9.0,2007,9.0,2007,1,9.0,B1,False,0.0,False
515f445f73b1,21.0,2009,EXACT,21.0,2009,21.0,2009,1,6.0,B3,False,0.0,False
daabc3c945eb,27.0,2014,EXACT,27.0,2014,27.0,2014,1,5.0,B3,False,0.0,False
630533b464e7,27.0,2012,EXACT,27.0,2012,27.0,2012,1,7.0,B3,False,0.0,False
5c382c0bbd8c,25.0,2011,MANUAL_APPNO_MATCH,25.0,2011,25.0,2011,1,,B3,False,0.0,False
ca94f57cd3c5,22.0,2009,EXACT,22.0,2009,22.0,2009,1,7.0,B3,False,0.0,False
ce281d570683,27.0,2006,MANUAL_APPNO_MATCH,27.0,2006,27.0,2006,1,,B3,False,0.0,False
6ab67d2e0560,17.0,2007,EXACT,17.0,2007,17.0,2007,1,6.0,B2,False,0.0,False
3798c841d68d,14.0,2010,EXACT,14.0,2010,14.0,2010,1,9.0,B2,False,0.0,False
f30a78c106d2,31.0,2011,EXACT,31.0,2011,31.0,2011,1,5.0,B4,False,0.0,False
d9e30807fb2c,38.0,2009,EXACT,38.0,2009,38.0,2009,1,7.0,B4,False,0.0,False
2a005b9be34b,36.0,2012,EXACT,36.0,2012,36.0,2012,1,7.0,B4,False,0.0,False
1875b6e1d206,11.0,2008,EXACT,11.0,2008,11.0,2008,1,9.0,B2,False,0.0,False
c88d85434658,8.0,2012,EXACT,8.0,2012,8.0,2012,1,7.0,B1,False,0.0,False
623144b97ee6,12.0,2006,EXACT,12.0,2006,12.0,2006,1,6.0,B2,False,0.0,False
f6cc85023397,38.0,2010,EXACT,38.0,2010,38.0,2010,1,7.0,B4,False,0.0,False
32f1db8c3931,20.0,2008,EXACT,20.0,2008,20.0,2008,1,6.0,B3,False,0.0,False
8eb91a32cab3,15.0,2010,EXACT,15.0,2010,15.0,2010,1,8.0,B2,False,0.0,False
864324a86e36,22.0,2006,EXACT,22.0,2006,22.0,2006,1,6.0,B3,False,0.0,False
48f70e8652c9,33.0,2008,EXACT,33.0,2008,33.0,2008,1,5.0,B4,False,0.0,False
